greek,arabic,book,section
ΤΟΠΙΚΩΝ Α Ἡ ΜΕΝ πρόθεσις τῆς πραγματείας μέθοδον εὑρεῖν ἀφ᾿ ἧς δυνησόμεθα συλλογίζεσθαι περὶ παντὸς τοῦ προτεθέντος προβλήματος ἐξ ἐνδόξων καὶ αὐτοὶ λόγον ὑπέχοντες μηθὲν ἐροῦμεν ὑπεναντίον Πρῶτον οὖν ῥητέον τί ἐστι συλλογισμὸς καὶ τίνες αὐτοῦ διαφοραί ὅπως ληφθῇ ὁ διαλεκτικὸς συλλογισμός τοῦτον γὰρ ζητοῦμεν κατὰ τὴν προκειμένην πραγματείαν Ἔστι δὴ συλλογισμὸς λόγος ἐν ᾧ τεθέντων τινῶν ἕτερόν τι τῶν κειμένων ἐξ ἀνάγκης συμβαίνει διὰ τῶν κειμένων Ἀπόδειξις μὲν οὖν ἐστίν ὅταν ἐξ ἀληθῶν καὶ πρώτων ὁ συλλογισμὸς ᾖ ἢ ἐκ τοιούτων ἃ διά τινων πρώτων καὶ ἀληθῶν τῆς περὶ αὐτὰ γνώσεως τὴν ἀρχὴν εἴληφεν διαλεκτικὸς δὲ συλλογισμὸς ὁ ἐξ ἐνδόξων συλλογιζόμενος Ἔστι δὲ ἀληθῆ μὲν καὶ πρῶτα τὰ μὴ δι᾿ ἑτέρων ἀλλὰ δι᾿ αὑτῶν ἔχοντα τὴν πίστιν οὐ δεῖ γὰρ ἐν ταῖς ἐπιστημονικαῖς ἀρχαῖς ἐπιζητεῖσθαι τὸ διὰ τί ἀλλ᾿ ἑκάστην τῶν ἀρχῶν αὐτὴν καθ᾿ ἑαυτὴν εἶναι πιστήν Ἔνδοξα δὲ τὰ δοκοῦντα πᾶσιν ἢ τοῖς πλείστοις ἢ τοῖς σοφοῖς καὶ τούτοις ἢ πᾶσιν ἢ τοῖς πλείστοις ἢ τοῖς μάλιστα γνωρίμοις καὶ ἐνδόξοις Ἐριστικὸς δ᾿ ἐστὶ συλλογισμὸς ὁ ἐκ φαινομένων ἐνδόξων μὴ ὄντων δέ καὶ ὁ ἐξ ἐνδόξων ἢ φαινομένων ἐνδόξων φαινόμενος Οὐ γὰρ πᾶν τὸ φαινόμενον ἔνδοξον καὶ ἔστιν ἔνδοξον Οὐθὲν γὰρ τῶν λεγομένων ἐνδόξων ἐπιπόλαιον ἔχει παντελῶς τὴν φαντασίαν καθὰ περὶ τὰς τῶν ἐριστικῶν λόγων ἀρχὰς συμβέβηκεν ἔχειν παραχρῆμα γὰρ καὶ ὡς ἐπὶ τὸ πολὺ τοῖς καὶ μικρὰ συνορᾶν δυναμένοις κατάδηλος ἐν αὐτοῖς ἡ τοῦ ψεύδους ἐστὶ φύσις Ὁ μὲν οὖν πρότερος τῶν ῥηθέντων ἐριστικῶν συλλογισμῶν καὶ συλλογισμὸς λεγέσθω ὁ δὲ λοιπὸς ἐριστικὸς μὲν συλλογισμός συλλογισμὸς δ᾿ οὔ ἐπειδὴ φαίνεται μὲν συλλογίζεσθαι συλλογίζεται δ᾿ οὔ Ἔτι δὲ παρὰ τοὺς εἰρημένους ἅπαντας συλλογισμοὺς οἱ ἐκ τῶν περί τινας ἐπιστήμας οἰκείων γινόμενοι παραλογισμοί καθάπερ ἐπὶ τῆς γεωμετρίας καὶ τῶν ταύτῃ συγγενῶν συμβέβηκεν ἔχειν Ἔοικε γὰρ ὁ τρόπος οὗτος διαφέρειν τῶν εἰρημένων συλλογισμῶν οὔτε γὰρ ἐξ ἀληθῶν καὶ πρώτων συλλογίζεται ὁ ψευδογραφῶν οὔτ᾿ ἐξ ἐνδόξων Εἰς γὰρ τὸν ὅρον οὐκ ἐμπίπτει οὔτε γὰρ τὰ πᾶσι δοκοῦντα λαμβάνει οὔτε τὰ τοῖς πλείστοις οὔτε τὰ τοῖς σοφοῖς καὶ τούτοις οὔτε τὰ πᾶσιν οὔτε τοῖς πλείστοις οὔτε τοῖς ἐνδοξοτάτοις ἀλλ᾿ ἐκ τῶν οἰκείων μὲν τῇ ἐπιστήμῃ λημμάτων οὐκ ἀληθῶν δὲ τὸν συλλογισμὸν ποιεῖται Τῷ γὰρ ἢ τὰ ἡμικύκλια περιγράφειν μὴ ὡς δεῖ ἢ γραμμάς τινας ἄγειν μὴ ὡς ἂν ἀχθείησαν τὸν παραλογισμὸν ποιεῖται Εἴδη μὲν οὖν τῶν συλλογισμῶν ὡς τύπῳ περιλαβεῖν ἔστω τὰ εἰρημένα Καθόλου δ᾿ εἰπεῖν περὶ πάντων τῶν εἰρημένων καὶ τῶν μετὰ ταῦτα ῥηθησομένων ἐπὶ τοσοῦτον ἡμῖν διωρίσθω διότι περὶ οὐδενὸς αὐτῶν τὸν ἀκριβῆ λόγον ἀποδοῦναι προαιρούμεθα ἀλλ᾿ ὅσον τύπῳ περὶ αὐτῶν βουλόμεθα διελθεῖν παντελῶς ἱκανὸν ἡγούμενοι κατὰ τὴν προκειμένην μέθοδον τὸ δύνασθαι γνωρίζειν ὁπωσοῦν ἕκαστον αὐτῶν,غرض هذا البحث قال ان قصدنا في هذا الكتاب ان نستنبط طريقا يتهيا لنا به ان نعمل من مقدمات ذاءعة قياسا في كل مسءلة تقصد وان نكون اذا اجبنا جوابا لم نات فيه بشء مضاد فينبغي ان نقول اولا ما هو القياس وما هي اصنافه حتي يحصل لنا القياس الجدلي اذ كنا هذا القياس نلتمس في هذا الكتاب فنقول ان القياس قول اذا وضعت فيه اشياء لزم من تلك الاشياء الموضوعة شء اخر غيرها من الاضطرار فالبرهان هو القياس الذي يكون من مقدمات صادقة اولية او من مقدمات يكون مبدا المعرفة بها قد حصل من مقدمات ما اولية صادقة والقياس الجدلي هو الذي ينتج من مقدمات ذاءعة والمقدمات الصادقة الاولي هي التي تصدق بذاتها لا بغيرها وذلك انه ليس ينبغي لنا ان نلتمس في مبادء العلوم اليقينية لم الشء لكن ينبغي ان يكون كل واحد من مبادء العلوم اليقينية صادقا بنفسه والمقدمات الذاءعة هي التي يظنها جميع الناس او اكثرهم او جماعة الفلاسفة او اكثرهم او المشهورون منهم والذين في غاية النباهة والقياس المماري هو الذي يكون من مقدمات ذاءعة في الظاهر وليست ذاءعة علي الحقيقة او الذي يكون في الظاهر من مقدمات ذاءعة او من ذاءعة في الظاهر لانه ليس كل ما كان ذاءعا في الظاهر فهو ايضا ذاءعا وذلك انه ليس شء من الاشياء التي يقال فيها انها ذاءعة يكون تصوره في جميع حالاته مموها كما يعرض في مبادء اقاويل الممارين لان طبيعة الكذب تتبين فيها علي المكان في اكثر الامر لمن معه ادني فطنة فضلا عن غيره فالاول من القياسين المماريين اللذين وصفنا ينبغي ان يسمي قياسا واما الثاني فينبغي ان يسمي مماريا فاما ان يسمي قياسا فلا لانه في الظاهر قياس الا انه ليس ينتج وها هنا ايضا غير هذه القياسات المذكورة كلها وهي المغالطات التي تكون من الاشياء التي تخص بعض العلوم بمنزلة ما يعرض في الهندسة وما جانسها من العلوم فانه قد يشبه ان يكون هذا الصنف يخالف القياسات التي وصفنا لان الذي يرسم شكلا باطلا ليس يعمل قياسا من مقدمات صادقة اولية ولا من مقدمات ذاءعة اذ كان ليس يدخل في الحد وذلك انه ليس يقتضب ما يظنه جميع الناس ولا ما يراه اكثرهم ولا ما يظنه الفلاسفة او اكثرهم او المشهورون جدا منهم لكنه يعمل القياس من المقدمات التي تخص الصناعة الا انها ليست صادقة لانه اذا رسم انصاف الدواءر علي غير ما ينبغي او اخرج بعض الخطوط علي غير طريق اخراجها استعمل المغالطة فلينزل ان انواع القياسات اذا حصلناها علي طريق الرسم هي هذه التي وصفنا وبالجملة نقول ان هذا مبلغ ما نريد تحصيله في جميع ما وصفنا وما سنصفه من بعد لانه ليس قصدنا في شء منها استيفاء القول المستقصي ولكن الذي نريد ان نصفه من امرها علي طريق الرسم لما راينا فيه من الغناء والكفاية في هذا الطريق الذي نحونا نحوه وهو ان يكون يتهيا لنا ان نتعرف كل واحد منها كيفما كان,1,1
Ἑπόμενον δ᾿ ἂν εἴη τοῖς εἰρημένοις εἰπεῖν πρὸς πόσα τε καὶ τίνα χρήσιμος ἡ πραγματεία Ἔστι δὴ πρὸς τρία πρὸς γυμνασίαν πρὸς τὰς ἐντεύξεις πρὸς τὰς κατὰ φιλοσοφίαν ἐπιστήμας Ὅτι μὲν οὖν πρὸς γυμνασίαν χρήσιμος ἐξ αὐτῶν καταφανές ἐστι μέθοδον γὰρ ἔχοντες ῥᾷον περὶ τοῦ προτεθέντος ἐπιχειρεῖν δυνησόμεθα Πρὸς δὲ τὰς ἐντεύξεις διότι τὰς τῶν πολλῶν κατηριθμημένοι δόξας οὐκ ἐκ τῶν ἀλλοτρίων ἀλλ᾿ ἐκ τῶν οἰκείων δογμάτων ὁμιλήσομεν πρὸς αὐτούς μεταβιβάζοντες ὅ τι ἂν μὴ καλῶς φαίνωνται λέγειν ἡμῖν Πρὸς δὲ τὰς κατὰ φιλοσοφίαν ἐπιστήμας ὅτι δυνάμενοι πρὸς ἀμφότερα διαπορῆσαι ῥᾷον ἐν ἑκάστοις κατοψόμεθα τἀληθές τε καὶ τὸ ψεῦδος Ἔτι δὲ πρὸς τὰ πρῶτα τῶν περὶ ἑκάστην ἐπιστήμην ἀρχῶν Ἐκ μὲν γὰρ τῶν οἰκείων τῶν κατὰ τὴν προτεθεῖσαν ἐπιστήμην ἀρχῶν ἀδύνατον εἰπεῖν τι περὶ αὐτῶν ἐπειδὴ πρῶται αἱ ἀρχαὶ ἁπάντων εἰσί διὰ δὲ τῶν περὶ ἕκαστα ἐνδόξων ἀνάγκη περὶ αὐτῶν διελθεῖν Τοῦτο δ᾿ ἴδιον ἢ μάλιστα οἰκεῖον τῆς διαλεκτικῆς ἐστίν ἐξεταστικὴ γὰρ οὖσα πρὸς τὰς ἁπασῶν τῶν μεθόδων ἀρχὰς ὁδὸν ἔχει,فاءدة الجدل ويتبع ما وصفنا ان نذكر الاشياء التي ينتفع فيها بهذا الكتاب كم هي وما هي فنقول انه ينتفع به في ثلاثة اشياء في الرياضة وفي المناظرة وفي علوم الفلسفة والامر في ان هذا الكتاب نافع في الرياضة ظاهر بين من هذا وذلك انه اذا كان لنا طريق نسلكه امكننا باسهل ماخذ ان نحتج فيما نقصد للحجة فيه فاما منفعته في المناظرة فمن قبل انا اذا احصينا اراء الجمهور كانت مخاطبتنا اياهم من الاراء التي تخصهم لا من الاشياء الغريبة لننقلهم عما نراهم لا يصيبون القول فيه فاما منفعته في علوم الفلسفة فلانا اذا قدرنا ان نتشكك في الامرين جميعا سهل علينا في كل واحد من الامور ان ندرك الحق والباطل وقد ننتفع به ايضا في اواءل كل واحد من العلوم وذلك انه ليس يمكننا ان نقول فيها شيءا من الاشياء من المبادء التي تخص العلم الذي ننحو نحوه لانها مبادء اولي الجميع فاما من الاشياء الذاءعة في كل واحد فواجب ضرورة ان نتكلم فيها فان هذا المعني اخص الاشياء واليقها بصناعة المنطق اذ كان لها بما هي عليه من الفحص والتنقير طريق الي مبادء جميع الصناعات,1,2
Ἕξομεν δὲ τελέως τὴν μέθοδον ὅταν ὁμοίως ἔχωμεν ὥσπερ ἐπὶ ῥητορικῆς καὶ ἰατρικῆς καὶ τῶν τοιούτων δυνάμεων Τοῦτο δ᾿ ἐστὶ τὸ ἐκ τῶν ἐνδεχομένων ποιεῖν ἃ προαιρούμεθα Οὔτε γὰρ ὁ ῥητορικὸς ἐκ παντὸς τρόπου πείσει οὔθ᾿ ὁ ἰατρικὸς ὑγιάσει ἀλλ᾿ ἐὰν τῶν ἐνδεχομένων μηδὲν παραλείπῃ ἱκανῶς αὐτὸν ἔχειν τὴν ἐπιστήμην φήσομεν,المهارة في الجدل وانما يحصل لنا من هذه الصناعة علي الكمال متي كانت حالنا فيها علي مثال حالنا في الخطابة والطب وفي امثالها من القوي اعني ان يكون انما يفعل ما يريد ان يفعله من الاشياء التي يمكن ان نفعل فان الخطيب ليس يقنع من كل وجه ولا الطبيب يعيد الصحة من كل وجه لكن متي لم يغفلا شيءا مما يمكنهما الا يغفلاه قلنا انهما قد حصلا الصناعة علي الكفاية,1,3
Πρῶτον οὖν θεωρητέον ἐκ τίνων ἡ μέθοδος Εἰ δὴ λάβοιμεν πρὸς πόσα καὶ ποῖα καὶ ἐκ τίνων οἱ λόγοι καὶ πῶς τούτων εὐπορήσομεν ἔχοιμεν ἂν ἱκανῶς τὸ προκείμενον Ἔστι δ᾿ ἀριθμῷ ἴσα καὶ ταὐτά ἐξ ὧν τε οἱ λόγοι καὶ περὶ ὧν οἱ συλλογισμοί Γίνονται μὲν γὰρ οἱ λόγοι ἐκ τῶν προτάσεων περὶ ὧν δὲ οἱ συλλογισμοί τὰ προβλήματά ἐστι Πᾶσα δὲ πρότασις καὶ πᾶν πρόβλημα ἢ γένος ἢ ἴδιον ἢ συμβεβηκὸς δηλοῖ καὶ γὰρ τὴν διαφορὰν ὡς οὖσαν γενικὴν ὁμοῦ τῷ γένει τακτέον Ἐπεὶ δὲ τοῦ ἰδίου τὸ μὲν τὸ τί ἦν εἶναι σημαίνει τὸ δ᾿ οὐ σημαίνει διῃρήσθω τὸ ἴδιον εἰς ἄμφω τὰ προειρημένα μέρη καὶ καλείσθω τὸ μὲν τὸ τί ἦν εἶναι σημαῖνον ὅρος τὸ δὲ λοιπὸν κατὰ τὴν κοινὴν περὶ αὐτῶν ἀποδοθεῖσαν ὀνομασίαν προσαγορευέσθω ἴδιον Δῆλον οὖν ἐκ τῶν εἰρημένων ὅτι κατὰ τὴν νῦν διαίρεσιν τέτταρα τὰ πάντα συμβαίνει γίνεσθαι ἢ ἴδιον ἢ ὅρον ἢ γένος ἢ συμβεβηκός Μηδεὶς δ᾿ ἡμᾶς ὑπολάβῃ λέγειν ὡς ἕκαστον τούτων καθ᾿ αὑτὸ λεγόμενον πρότασις ἢ πρόβλημά ἐστιν ἀλλ᾿ ὅτι ἀπὸ τούτων καὶ τὰ προβλήματα καὶ αἱ προτάσεις γίνονται Διαφέρει δὲ τὸ πρόβλημα καὶ ἡ πρότασις τῷ τρόπῳ Οὕτω μὲν γὰρ ῥηθέντος ἆρά γε τὸ ζῷον πεζὸν δίπουν ὁρισμός ἐστιν ἀνθρώπου καὶ ἆρά γε τὸ ζῷον γένος ἐστὶ τοῦ ἀνθρώπου πρότασις γίνεται Ἐὰν δέ πότερον τὸ ζῷον πεζὸν δίπουν ὁρισμός ἐστιν ἀνθρώπου ἢ οὔ καὶ πότερον τὸ ζῷον γένος ἐστίν πρόβλημα γίνεται Ὁμοίως δὲ καὶ ἐπὶ τῶν ἄλλων Ὅστ᾿ εἰκότως ἴσα τῷ ἀριθμῷ τὰ προβλήματα καὶ αἱ προτάσεις εἰσίν Ἀπὸ πάσης γὰρ προτάσεως πρόβλημα ποιήσεις μεταβάλλων τῷ τρόπῳ,نظرة عامة الي عناصر البرهان الجدلي فاولا ينبغي ان ننظر من ماذا تتقوم هذه الصناعة فانا اذا حصلناكم هي وما حالها واي الاقاويل هي وكيف نستنبطها كنا قد حصلنا ما قصدنا له علي الكفاية فنقول ان الاشياء التي منها الاقاويل و الاشياء التي فيها القياسات متساوية في العدد وواحدة بعينها وذلك ان الاقاويل تحدث عن المقدمات والاشياء التي فيها تكون القياسات هي المساءل وكل مقدمة وكل مسءلة فاما ان تكون خاصة او جنسا او عرضا وذلك ان الفصل لما كان جنسيا وجب ان يرتبه مع الجنس ولان من الخاصة ما يدل علي ما الشء ومنها ما لا يدل علي ذلك فلنقسمها الي الجزءين الموصوفين كليهما ولنسم الدال علي ما هو الشء حدا ونسمي الجزء الثاني بالاسم العام لهما اعني خاصة فبين مما قلنا انه يلزم ان يكون جميعها علي حسب هذه القسمة اربعة اما حدا واما خاصة واما جنسا واما عرضا وليس ينبغي ان يظن بنا احد انا نقول ان كل واحد من هذه اذا قيل علي حدته فهو اما مسءلة واما مقدمة لكنا تقول ان من هذه تحدث المقدمات والمساءل والمسءلة انما تخالف المقدمة بالجهة وذلك ان هذا القول اذا قيل علي هذه الجهة ليس قولنا حي مشاء ذو رجلين حدا للانسان تكون مقدمة وكذلك اذا قيل اليس الحي جنسا للانسان كان مقدمة فان قيل هل قولنا حي مشاء ذو رجلين حد للانسان وهل قولنا الحي جنس للانسان ام لا كان مسءلة وعلي ذلك المثال يجري الامر في ساءر الاشياء الاخر فبالواجب صارت المساءل والمقدمات متساوية في العدد وذلك انك قد تعمل من كل مقدمة مسءلة اذا نقلتها عن جهتها,1,4
Λεκτέον δὲ τί ὅρος τί ἴδιον τί γένος τί συμβεβηκός Ἔστι δ᾿ ὅρος μὲν λόγος ὁ τὸ τί ἦν εἶναι σημαίνων Ἀποδίδοται δὲ ἢ λόγος ἀντ᾿ ὀνόματος ἢ λόγος ἀντὶ λόγου δυνατὸν γὰρ καὶ τῶν ὑπὸ λόγου τινὰ σημαινομένων ὁρίσασθαι Ὅσοι δ᾿ ὁπωσοῦν ὀνόματι τὴν ἀπόδοσιν ποιοῦνται δῆλον ὡς οὐκ ἀποδιδόασιν οὗτοι τὸν τοῦ πράγματος ὁρισμόν ἐπειδὴ πᾶς ὁρισμὸς λόγος τίς ἐστιν Ὁρικὸν μέντοι καὶ τὸ τοιοῦτον θετέον οἷον ὅτι καλόν ἐστι τὸ πρέπον Ὁμοίως δὲ καὶ τὸ πότερον ταὐτὸν αἴσθησις καὶ ἐπιστήμη ἢ ἕτερον καὶ γὰρ περὶ τοὺς ὁρισμούς πότερον ταὐτὸν ἢ ἕτερον ἡ πλείστη γίνεται διατριβή Ἁπλῶς δὲ ὁρικὰ πάντα λεγέσθω τὰ ὑπὸ τὴν αὐτὴν ὄντα μέθοδον τοῖς ὁρισμοῖς Ὅτι δὲ πάντα τὰ νῦν ῥηθέντα τοιαῦτ᾿ ἐστί δῆλον ἐξ αὐτῶν Δυνάμενοι γὰρ ὅτι ταὐτὸν καὶ ὅτι ἕτερον διαλέγεσθαι τῷ αὐτῷ τρόπῳ καὶ πρὸς τοὺς ὁρισμοὺς ἐπιχειρεῖν εὐπορήσομεν δείξαντες γὰρ ὅτι οὐ ταὐτόν ἐστιν ἀνῃρηκότες ἐσόμεθα τὸν ὁρισμόν Οὐ μὴν ἀντιστρέφει γε τὸ νῦν ῥηθέν οὐ γὰρ ἱκανὸν πρὸς τὸ κατασκευάσαι τὸν ὁρισμὸν τὸ δεῖξαι ταὐτὸν ὄν Πρὸς μέντοι τὸ ἀνασκευάσαι αὔταρκες τὸ δεῖξαι ὅτι οὐ ταὐτόν Ἴδιον δ᾿ ἐστὶν ὃ μὴ δηλοῖ μὲν τὸ τί ἦν εἶναι μόνῳ δ᾿ ὑπάρχει καὶ ἀντικατηγορεῖται τοῦ πράγματος οἷον ἴδιον ἀνθρώπου τὸ γραμματικῆς εἶναι δεκτικόν εἰ γὰρ ἄνθρωπός ἐστι γραμματικῆς δεκτικός ἐστι καὶ εἰ γραμματικῆς δεκτικός ἐστιν ἄνθρωπός ἐστιν Οὐθεὶς γὰρ ἴδιον λέγει τὸ ἐνδεχόμενον ἄλλῳ ὑπάρχειν οἷον τὸ καθεύδειν ἀνθρώπῳ οὐδ᾿ ἂν τύχῃ κατά τινα χρόνον μόνῳ ὑπάρχον Εἰ δ᾿ ἄρα τι καὶ λέγοιτο τῶν τοιούτων ἴδιον οὐχ ἁπλῶς ἀλλὰ ποτὲ ἢ πρός τι ἴδιον ῥηθήσεται τὸ μὲν γὰρ ἐκ δεξιῶν εἶναι ποτὲ ἴδιόν ἐστι τὸ δὲ δίπουν πρός τι ἴδιον τυγχάνει λεγόμενον οἷον τῷ ἀνθρώπῳ πρὸς ἵππον καὶ κύνα Ὅτι δὲ τῶν ἐνδεχομένων ἄλλῳ ὑπάρχειν οὐθὲν ἀντικατηγορεῖται δῆλον οὐ γὰρ ἀναγκαῖον εἴ τι καθεύδει ἄνθρωπον εἶναι Γένος δ᾿ ἐστὶ τὸ κατὰ πλειόνων καὶ διαφερόντων τῷ εἴδει ἐν τῷ τί ἐστι κατηγορούμενον Ἐν τῷ τί ἐστι δὲ κατηγορεῖσθαι τὰ τοιαῦτα λεγέσθω ὅσα ἁρμόττει ἀποδοῦναι ἐρωτηθέντας τί ἐστι τὸ προκείμενον καθάπερ ἐπὶ τοῦ ἀνθρώπου ἁρμόττει ἐρωτηθέντα τί ἐστι τὸ προκείμενον εἰπεῖν ὅτι ζῷον Γενικὸν δὲ καὶ τὸ πότερον ἐν τῷ αὐτῷ γένει ἄλλο ἄλλῳ ἢ ἐν ἑτέρῳ Καὶ γὰρ τὸ τοιοῦτον ὑπὸ τὴν αὐτὴν μέθοδον πίπτει τῷ γένει διαλεχθέντες γὰρ ὅτι τὸ ζῷον γένος τοῦ ἀνθρώπου ὁμοίως δὲ καὶ τοῦ βοός διειλεγμένοι ἐσόμεθα ὅτι ἐν τῷ αὐτῷ γένει Ἐὰν δὲ τοῦ μὲν ἑτέρου δείξωμεν ὅτι γένος ἐστί τοῦ δὲ ἑτέρου ὅτι οὐκ ἔστι διειλεγμένοι ἐσόμεθα ὅτι οὐκ ἐν τῷ αὐτῷ γένει ταῦτ᾿ ἐστίν Συμβεβηκὸς δέ ἐστιν ὃ μηδὲν μὲν τούτων ἐστί μήτε ὅρος μήτε ἴδιον μήτε γένος ὑπάρχει δὲ τῷ πράγματι καὶ ὃ ἐνδέχεται ὑπάρχειν ὁτῳοῦν ἑνὶ καὶ τῷ αὐτῷ καὶ μὴ ὑπάρχειν οἷον τὸ καθῆσθαι ἐνδέχεται ὑπάρχειν τινὶ τῷ αὐτῷ καὶ μὴ ὑπάρχειν Ὁμοίως δὲ καὶ τὸ λευκόν τὸ γὰρ αὐτὸ οὐθὲν κωλύει ὁτὲ μὲν λευκὸν ὁτὲ δὲ μὴ λευκὸν εἶναι Ἔστι δὲ τῶν τοῦ συμβεβηκότος ὁρισμῶν ὁ δεύτερος βελτίων τοῦ μὲν γὰρ πρώτου ῥηθέντος ἀναγκαῖον εἰ μέλλει τις συνήσειν προειδέναι τί ἐστιν ὅρος καὶ γένος καὶ ἴδιον ὁ δὲ δεύτερος αὐτοτελής ἐστι πρὸς τὸ γνωρίζειν τί ποτ᾿ ἐστὶ τὸ λεγόμενον καθ᾿ αὑτό Προσκείσθωσαν δὲ τῷ συμβεβηκότι καὶ αἱ πρὸς ἄλληλα συγκρίσεις ὁπωσοῦν ἀπὸ τοῦ συμβεβηκότος λεγόμεναι οἷον πότερον τὸ καλὸν ἢ τὸ συμφέρον αἱρετώτερον καὶ πότερον ὁ κατ᾿ ἀρετὴν ἢ ὁ κατ᾿ ἀπόλαυσιν ἡδίων βίος καὶ εἴ τι ἄλλο παραπλησίως τυγχάνει τούτοις λεγόμενον ἐπὶ πάντων γὰρ τῶν τοιούτων ποτέρῳ μᾶλλον τὸ κατηγορούμενον συμβέβηκεν ἡ ζήτησις γίνεται Δῆλον δ᾿ ἐξ αὐτῶν ὅτι τὸ συμβεβηκὸς οὐθὲν κωλύει ποτὲ καὶ πρός τι ἴδιον γίνεσθαι οἷον τὸ καθῆσθαι συμβεβηκὸς ὄν ὅταν τις μόνος κάθηται τότε ἴδιον ἔσται μὴ μόνου δὲ καθημένου πρὸς τοὺς μὴ καθημένους ἴδιον Ὥστε καὶ πρός τι καὶ ποτὲ οὐθὲν κωλύει τὸ συμβεβηκὸς ἴδιον γίνεσθαι Ἁπλῶς δ᾿ ἴδιον οὐκ ἔσται,دراسة عناصر الجدل تفصيلا وينبغي ان نقول ما الحد وما الخاصة وما الجنس وما العرض فالحد هو القول الدال علي ماهية الشء وقد يوصف ايضا بانه قول مكان اسم او قول مكان قول لانه قد يمكننا ان نحد بعض الاشياء التي يستدل عليها بقول فاما الذين يجعلون الصفة بالاسم كيفما كان فمن البين انهم ليس يوفون تحديد المعني لان كل تحديد فهو قول ما الا انه ينبغي ان نجعل ما يجري هذا المجري داخلا في باب الحد مثل قولنا اللاءق جميل وكذلك قولنا هل الحس والعلم شء واحد بعينه ام احدهما غير الاخر فان اكثر البحث ايضا انما يكون في الحدود عن هل الشء واحد بعينه او هو غير وبالجملة فينبغي ان نسمي جميع الاشياء التي هي والحدود تحت صناعة واحدة بعينها الداخلة في باب الحدود والامر في ان جميع ما قلناه الان حاله هذه الحال بين من ذاته فانا اذا قدرنا ان نقول الشء بعينه والغير امكننا الاحتجاج في الحدود ايضا بهذا الوجه بعينه وذلك انا اذا بينا انه ليس فيها الشء بغيته نكون قد ابطلنا التحديد غير ان المعني الذي وصفنا الان لا ينعكس لانه ليس يكفي في تثبيت الحد ان نبين ان الشء بعينه فيه موجود فاما في ابطاله فقد يكفي ان نبين انه ليس فيه الشء بعينه والخاصة هي ما لم يدل علي ماهية الشء وكان موجودا للامر وحده وراجعا عليه في الحمل مثال ذلك قبول علم النحو للانسان فانه مهما كان الانسان موجوا فالقابل لعلم النحو موجود ومهما كان القابل لعلم النحو موجودا فالانسان موجود وذلك انه ليس احد يقول ان الخاصة يمكن ان توجد لغير ما هي له خاصة بمنزلة النوم للانسان لا ولو اتفق ان يوجد له وحده في وقت من الاوقات فان قيل لما يجري هذا المجري خاصة فليس يقال له خاصة علي الاطلاق لكن في بعض الاوقات وبالاضافة الي شء فان وجود الشء يمنة انما يقال انه خاصة له في بعض الاوقات وذو الرجلين فانما يقال انه خاصة بالاضافة الي شء بمنزلة ما هو للانسان بالاضافة الي الفرس والي الكلب والامر بين في انه ليس شء مما يمكن ان يوجد لشء اخر غير الشء الذي هو له يرجع عليه بالتكافء في الحمل وذلك انه ليس يجب ضرورة متي وجد شء ينام ان يكون الانسان موجودا والجنس هو المحمول علي كثيرين مختلفين بالنوع من طريق ما هو وينبغي ان يقال ان الاشياء التي تحمل من طريق ما هو وهي التي يليق بنا ان ناتي بها اذا سءلنا عن الشء الموضوع ما هو كما يليق بنا اذا سءلنا عن الانسان ما هو ان نقول انه حيوان فاما ما يسال عنها هل هي في جنس واحد بعينه وهي مختلفة ام في جنسين مختلفين فانما هي في مذهب الجنس لان ما يجري هذا المجري يدخل هو والجنس في طريق واحد بعينه وذلك انا اذا قلنا ان الحيوان جنس للانسان وكذلك للثور نكون قد قلنا ان هذين داخلان في جنس واحد بعينه فان نحن بينا انه جنس لاحدهما غير جنس للاخر نكون قد قلنا ان هذين ليسا بداخلين في جنس واحد بعينه والعرض هو ما لم يوجد واحدا من هذه لا حدا ولا خاصة ولا جنسا وهو موجود في الشء او هو الذي يمكن ان يوجد لواحد بعينه كاءنا ما كان والا يوجد بمنزلة الجلوس فانه يمكن ان يوجد لواحد بعينه كاءنا ما كان والا يوجد وكذلك الابيض فانه ليس مانع يمنع ان يكون شء واحد بعينه مرة ابيض ومرة غير ابيض والثاني من حدي العرض اجود من الاول لان الاول اذا قيل احتاج من يريد ان يفهمه ان يتقدم فيعلم ما الحد والجنس والخاصة فاما الثاني فكامل بنفسه يستغني به علي حدته في معرفة الموصوف ما هو وينبغي ان نضيف الي العرض مقايسات الاشياء بعضها الي بعض كيفما كانت اذا قيلت من العرض مثال ذلك قولنا ايهما اثر الجميل او النافع واي المذهبين الذ الذي تستعمل فيه الفضيلة او الذي ينهمك فيه الشهوات وغير ذلك مما يقال علي هذا المثال فان البحث في امثال هذه كلها انما هو عن اي الاثنين يكون لزوم المحمول به احري وبين من هذه انه ليس يمنع مانع في بعض الاوقات وبالاضافة الي شء ان يكون العرض خاصة بمنزلة الجلوس الذي هو عرض فمتي الفي انسان جالسا وحده صار الجلوس له في ذلك الوقت حينءذ خاصة واذا لم يكن جالسا هو وحده فالجلوس له خاصة بالاضافة الي ما ليس هو جالسا فليس يمنع اذا مانع من ان يكون العرض في بعض الاوقات وبالاضافة الي شء خاصة فاما خاصة علي الاطلاق فلا يكون,1,5
Μὴ λανθανέτω δ᾿ ἡμᾶς ὅτι τὰ πρὸς τὸ ἴδιον καὶ τὸ γένος καὶ τὸ συμβεβηκὸς πάντα καὶ πρὸς τοὺς ὁρισμοὺς ἁρμόσει λέγεσθαι Δείξαντες γὰρ ὅτι οὐ μόνῳ ὑπάρχει τῷ ὑπὸ τὸν ὁρισμόν ὥσπερ καὶ ἐπὶ τοῦ ἰδίου ἢ ὅτι οὐ γένος τὸ ἀποδοθὲν ἐν τῷ ὁρισμῷ ἢ ὅτι οὐχ ὑπάρχει τι τῶν ἐν τῷ λόγῳ ῥηθέντων ὅπερ καὶ ἐπὶ τοῦ συμβεβηκότος ἂν ῥηθείη ἀνῃρηκότες ἐσόμεθα τὸν ὁρισμόν ὥστε κατὰ τὸν ἔμπροσθεν ἀποδοθέντα λόγον ἅπαντ᾿ ἂν εἴη τρόπον τινὰ ὁρικὰ τὰ κατηριθμημένα Ἀλλ᾿ οὐ διὰ τοῦτο μίαν ἐπὶ πάντων καθόλου μέθοδον ζητητέον οὔτε γὰρ ῥᾴδιον εὑρεῖν τοῦτ᾿ ἐστίν εἴ θ᾿ εὑρεθείη παντελῶς ἀσαφὴς καὶ δύσχρηστος ἂν εἴη πρὸς τὴν προκειμένην πραγματείαν Ἰδίας δὲ καθ᾿ ἕκαστον τῶν διορισθέντων γενῶν ἀποδοθείσης μεθόδου ῥᾷον ἐκ τῶν περὶ ἕκαστον οἰκείων ἡ διέξοδος τοῦ προκειμένου γένοιτ᾿ ἄν Ὥστε τύπῳ μέν καθάπερ εἴρηται πρότερον διαιρετέον τῶν δὲ λοιπῶν τὰ μάλισθ᾿ ἑκάστοις οἰκεῖα προσαπτέον ὁρικά τε καὶ γενικὰ προσαγορεύοντας αὐτά Σχεδὸν δὲ προσῆπται τὰ ῥηθέντα πρὸς ἑκάστοις,دراسة الالفاظ المحمولة وليس ينبغي ان يذهب علينا ان جميع ما يقال في الخاصة والجنس والعرض قد يليق به ان يقال في الحدود وذلك انا اذا بينا ان الحد ليس هو لما تحت الحد وحده كالحال في الخاصة ايضا او ان الموصوف في الحد ليس هو جنسا او ان شيءا ما قد وصف في القول لا يوجد له كالذي يقال في العرض نكون قد ابطلنا التحديد فيجب بحسب القول الموصوف انفا ان يكون جميع ما عددنا داخلا في مذهب الحدود بضرب من الضروب ولكن ليس ينبغي لهذا السبب ان نلتمس في جميعها طريقاواحدا كليا لان هذا امر ليس يسهل وجوده وان وجد كان في غاية الاغماض ولم ينتفع به في هذا الكتاب واذا وصف طريق خاص في كل واحد من الاجناس المحصلة صارت صفة ما يقصد له منها سهلة من الاشياء التي تخص واحدا واحدا فينبغي ان نقسمها علي طريق الرسم كما قلنا قبل فاما الباقية فيجب ان نضم كل واحد منها الي اخص الاشياء به ونسميها الداخلة في باب الحد والداخلة في باب الجنس ونكاد ان نكون قد اضفنا ما وصفناه الي كل واحد منها,1,6
Πρῶτον δὲ πάντων περὶ ταὐτοῦ διοριστέον ποσαχῶς λέγεται Δόξειε δ᾿ ἂν τὸ ταὐτὸν ὡς τύπῳ λαβεῖν τριχῇ διαιρεῖσθαι Ἀριθμῷ γὰρ ἢ εἴδει ἢ γένει τὸ ταὐτὸν εἰώθαμεν προσαγορεύειν ἀριθμῷ μὲν ὧν ὀνόματα πλείω τὸ δὲ πρᾶγμα ἕν οἷον λώπιον καὶ ἱμάτιον εἴδει δὲ ὅσα πλείω ὄντα ἀδιάφορα κατὰ τὸ εἶδός ἐστι καθάπερ ἄνθρωπος ἀνθρώπῳ καὶ ἵππος ἵππῳ τὰ γὰρ τοιαῦτα τῷ εἴδει λέγεται ταὐτά ὅσα ὑπὸ ταὐτὸ εἶδος Ὁμοίως δὲ καὶ γένει ταὐτά ὅσα ὑπὸ ταὐτὸ γένος ἐστίν οἷον ἵππος ἀνθρώπῳ Δόξειε δ᾿ ἂν τὸ ἀπὸ τῆς αὐτῆς κρήνης ὕδωρ ταὐτὸν λεγόμενον ἔχειν τινὰ διαφορὰν παρὰ τοὺς εἰρημένους τρόπους οὐ μὴν ἀλλὰ καὶ τὸ τοιοῦτόν γε ἐν τῷ αὐτῷ τετάχθω τοῖς καθ᾿ ἓν εἶδος ὁπωσοῦν λεγομένοις Ἅπαντα γὰρ τὰ τοιαῦτα συγγενῆ καὶ παραπλήσια ἀλλήλοις ἔοικεν εἶναι Πᾶν μὲν γὰρ ὕδωρ παντὶ ταὐτὸν τῷ εἴδει λέγεται διὰ τὸ ἔχειν τινὰ ὁμοιότητα τὸ δ᾿ ἀπὸ τῆς αὐτῆς κρήνης ὕδωρ οὐδενὶ ἄλλῳ διαφέρει ἀλλ᾿ ἢ τῷ σφοδροτέραν εἶναι τὴν ὁμοιότητα διὸ οὐ χωρίζομεν αὐτὸ τῶν καθ᾿ ἓν εἶδος ὁπωσοῦν λεγομένων Μάλιστα δ᾿ ὁμολογουμένως τὸ ἓν ἀριθμῷ ταὐτὸν παρὰ πᾶσι δοκεῖ λέγεσθαι Εἴωθε δὲ καὶ τοῦτο ἀποδίδοσθαι πλεοναχῶς κυριώτατα μὲν καὶ πρώτως ὅταν ὀνόματι ἢ ὅρῳ τὸ ταὐτὸν ἀποδοθῇ καθάπερ ἱμάτιον λωπίῳ καὶ ζῷον πεζὸν δίπουν ἀνθρώπῳ δεύτερον δ᾿ ὅταν τῷ ἰδίῳ καθάπερ τὸ ἐπιστήμης δεκτικὸν ἀνθρώπῳ καὶ τὸ τῇ φύσει ἄνω φερόμενον πυρί τρίτον δ᾿ ὅταν ἀπὸ τοῦ συμβεβηκότος οἷον τὸ καθήμενον ἢ τὸ μουσικὸν Σωκράτει Πάντα γὰρ ταῦτα τὸ ἓν ἀριθμῷ βούλεται σημαίνειν Ὅτι δ᾿ ἀληθὲς τὸ νῦν ῥηθέν ἐστιν ἐκ τῶν μεταβαλλόντων τὰς προσηγορίας μάλιστ᾿ ἄν τις καταμάθοι Πολλάκις γὰρ ἐπιτάσσοντες ὀνόματι καλέσαι τινὰ τῶν καθημένων μεταβάλλομεν ὅταν τύχῃ μὴ συνιεὶς ᾧ τὴν πρόσταξιν ποιούμεθα ὡς ἀπὸ τοῦ συμβεβηκότος αὐτοῦ μᾶλλον συνήσοντος καὶ κελεύομεν τὸν καθήμενον ἢ διαλεγόμενον καλέσαι πρὸς ἡμᾶς δῆλον ὡς ταὐτὸν ὑπολαμβάνοντες κατά τε τοὔνομα καὶ κατὰ τὸ συμβεβηκὸς σημαίνειν,علي كم نحو يقال الشء بعينه وينبغي قبل كل شء ان نلخص امر الشء بعينه علي كم نحو يقال فنقول انه يظن بالشء بعينه اذا اخذ علي طريق الرسم انه ينقسم علي ثلاثة انحاء وذلك انا قد اعتدنا ان نقول في الشء بعينه انه كذلك اما في العدد واما في النوع واما في الجنس اما في العدد فمتي كانت الاسماء له كثيرة والمعني واحدا بعينه بمنزلة الثوب والرداء واما في النوع فجميع الاشياء التي هي كثيرة الا انها غير مختلفة في النوع بمنزلة انسان مع انسان وفرس مع فرس وذلك ان جميع الاشياء التي هي تحت نوع واحد يقال فيها انها شء واحد بعينه في النوع وكذلك جميع الاشياء التي تحت جنس واحد يقال فيها انها شء واحد بعينه في الجنس بمنزلة الانسان والفرس فانهما شء واحد بعينه في الجنس وقد يظن بالماء الذي هو خارج من عين واحدة بعينها اذا قيل فيه انه واحد بعينه ان بينه وبين الاصناف التي ذكرت فرقا ما وليس الامر كذلك لا بل ينبغي ان يرتب هذا الصنف ايضا في الاشياء التي يقال فيها انها شء واحد بعينه في النوع كيفما كان ذلك فان امثال هذه الاشياء كلها يشبه ان تكون متجانسة ويشبه بعضها بعضا وذلك ان كل ما قد يقال انه وكل ماء شء واحد بعينه في النوع لما بينها من المشابهة والماء الذي يخرج من عين واحدة بعينها ليس يختلف بشء اخر الا بشدة المشابهة ولذلك ليس يفرق بينه وبين ما يقال فيه انه تحت نوع واحد كيفما قيل ذلك والشء بعينه في العدد قد يظن بالاجماع عند الناس كلهم انه اولي ما يوصف بذلك وقد جرت العادة بان هذا المعني يقال علي انحاء كثيرة احقها واولادها بالتقديم ما وصف واحدا بعينه بالاسم او بالحد كالحال في الثوب والرداء وفي قولنا للانسان حي مشاء ذو رجلين والنحو الثاني ما كان كذلك بالخاصة كالحال في قولنا قابل للعلم في الانسان وفي قولنا سام الي فوق بالطبع في النار والنحو الثالث ما وصف بذلك من العرض كقولنا جالس او موسيقار في سقراط فان جميع هذه من شانها ان تدل علي الواحد في العدد ومن ابلغ ما وقف الانسان منه علي صحة ما قيل في هذا الموضع تغيير الالقاب وذلك انا مرارا كثيرة اذا هممنا بان نامر بان يدعي الينا بانسان من قوم جلوس باسمه غيرنا اسمه اذا اتفق ان يكون الذي يامره كان يعرف اسمه وجعلناه من العرض من قبل انه لذلك افهم وامرناه ان يدعو لنا بالجالس او المناظر لظننا بان الامر بين في ان الدلالة بالاسم وبالعرض واحدة بعينها,1,7
Τὸ μὲν οὖν ταὐτόν καθάπερ εἴρηται τριχῇ διῃρήσθω ὅτι δ᾿ ἐκ τῶν πρότερον εἰρημένων οἱ λόγοι καὶ διὰ τούτων καὶ πρὸς ταῦτα μία μὲν πίστις ἡ διὰ τῆς ἐπαγωγῆς εἰ γάρ τις ἐπισκοποίη ἑκάστην τῶν προτάσεων καὶ τῶν προβλημάτων φαίνοιτ᾿ ἂν ἢ ἀπὸ τοῦ ὅρου ἢ ἀπὸ τοῦ ἰδίου ἢ ἀπὸ τοῦ γένους ἢ ἀπὸ τοῦ συμβεβηκότος γεγενημένη Ἄλλη δὲ πίστις ἡ διὰ συλλογισμοῦ Ἀνάγκη γὰρ πᾶν τὸ περί τινος κατηγορούμενον ἤτοι ἀντικατηγορεῖσθαι τοῦ πράγματος ἢ μή Καὶ εἰ μὲν ἀντικατηγορεῖται ὅρος ἢ ἴδιον ἂν εἴη εἰ μὲν γὰρ σημαίνει τὸ τί ἦν εἶναι ὅρος εἰ δὲ μὴ σημαίνει ἴδιον τοῦτο γὰρ ἦν ἴδιον τὸ ἀντικατηγορούμενον μέν μὴ σημαῖνον δὲ τὸ τί ἦν εἶναι Εἰ δὲ μὴ ἀντικατηγορεῖται τοῦ πράγματος ἤτοι τῶν ἐν τῷ ὁρισμῷ τοῦ ὑποκειμένου λεγομένων ἐστὶν ἢ οὔ Καὶ εἰ μὲν τῶν ἐν τῷ ὁρισμῷ λεγομένων γένος ἢ διαφορὰ ἂν εἴη ἐπειδὴ ὁ ὁρισμὸς ἐκ γένους καὶ διαφορῶν φορῶν ἐστίν εἰ δὲ μὴ τῶν ἐν τῷ ὁρισμῷ λεγομένων ἐστί δῆλον ὅτι συμβεβηκὸς ἂν εἴη τὸ γὰρ συμβεβηκὸς ἐλέγετο ὃ μήτε ὅρος μήτε γένος μήτε ἴδιόν ἐστιν ὑπάρχει δὲ τῷ πράγματι,براهين الالفاظ المحمولة فالشء بعينه ينقسم كما قلنا علي ثلاثة انحاء فاول التصديق بان الاقاويل انما هي مما وصفنا اولا وبما وصفنا وفيما وصفنا هو الذي يكون بالاستقراء وذلك ان باحثا ان بحث عن واحدة واحدة من المقدمات والمساءل يبين له انها تحدث اما عن الحد واما عن الخاصة واما عن الجنس واما عن العرض والتصديق الاخر هو الذي يكون بالقياس وذلك انه واجب ضرورة ان يكون كل محمول علي شء اما ان يرجع عليه بالحمل واما الا يرجع عليه فان كان يرجع عليه فهو اما حد واما خاصة وذلك انه ان كان يدل علي ماهية الشء فهو حد وان لم يكن يدل علي ماهيته فهو خاصة اذ كانت الخاصة ما رجع علي الشء بالحمل من غير ان يدل علي ماهيته وان كان لا يرجع علي الشء بالحمل فهو اما من الاشياء التي تقال في حد الموضوع او ليس منها فان كان مما يقال في الحد فهو اما جنس واما فصل لان الحد ماخوذ من جنس وفصول وان لم يكن مما يقال في الحد فمن البين انه عرض لانا قد قلنا ان العرض هو ماليس بحد ولا خاصة ولا جنس وهو موجود في الشء الذي هو له عرض,1,8
Μετὰ τοίνυν ταῦτα δεῖ διορίσασθαι τὰ γένη τῶν κατηγοριῶν ἐν οἷς ὑπάρχουσιν αἱ ῥηθεῖσαι τέτταρες Ἔστι δὲ ταῦτα τὸν ἀριθμὸν δέκα τί ἐστι ποσόν ποιόν πρός τι ποῦ ποτέ κεῖσθαι ἔχειν ποιεῖν πάσχειν Ἀεὶ γὰρ τὸ συμβεβηκὸς καὶ τὸ γένος καὶ τὸ ἴδιον καὶ ὁ ὁρισμὸς ἐν μιᾷ τούτων τῶν κατηγοριῶν ἔσται πᾶσαι γὰρ ὁ ὁρισμὸς ἐν μιᾷ τούτων τῶν κατηγοριῶν ἔσται πᾶσαι γὰρ αἱ διὰ τούτων προτάσεις ἢ τί ἐστιν ἢ ποιὸν ἢ ποσὸν ἢ τῶν ἄλλων τινὰ κατηγοριῶν σημαίνουσιν Δῆλον δ᾿ ἐξ αὐτῶν ὅτι ὁ τὸ τί ἐστι σημαίνων ὁτὲ μὲν οὐσίαν σημαίνει ὁτὲ δὲ ποιόν ὁτὲ δὲ τῶν ἄλλων τινὰ κατηγοριῶν Ὅταν μὲν γὰρ ἐκκειμένου ἀνθρώπου φῇ τὸ ἐκκείμενον ἄνθρωπον εἶναι ἢ ζῷον τί ἐστι λέγει καὶ οὐσίαν σημαίνει ὅταν δὲ χρώματος λευκοῦ ἐκκειμένου φῇ τὸ ἐκκείμενον λευκὸν εἶναι ἢ χρῶμα τί ἐστι λέγει καὶ ποιὸν σημαίνει Ὁμοίως δὲ καὶ ἐὰν πηχυαίου μεγέθους ἐκκειμένου φῇ τὸ ἐκκείμενον πηχυαῖον εἶναι μέγεθος τί ἐστιν ἐρεῖ καὶ ποσὸν σημαίνει Ὁμοίως δὲ καὶ ἐπὶ τῶν ἄλλων ἕκαστον γὰρ τῶν τοιούτων ἐάν τε αὐτὸ περὶ αὑτοῦ λέγηται ἐάν τε τὸ γένος περὶ τούτου τί ἐστι σημαίνει Ὅταν δὲ περὶ ἑτέρου οὐ τί ἐστι σημαίνει ἀλλὰ ποσὸν ἢ ποιὸν ἤ τινα τῶν ἄλλων κατηγοριῶν Ὥστε περὶ ὧν μὲν οἱ λόγοι καὶ ἐξ ὧν ταῦτα καὶ τοσαῦτά ἐστι πῶς δὲ ληψόμεθα καὶ δι᾿ ὧν εὐπορήσομεν μετὰ ταῦτα λεκτέον,المقولات وصلتها بالالفاظ المحمولة وبعد هذه الاشياء ينبغي ان نحد اجناس المقولات التي فيها توجد هذه الاربعة التي وصفنا فنقول ان عدتها عشرة ما هو الشء والكم والكيف والمضاف واين ومتي والنصبة وله ويفعل وينفعل وذلك ان العرض والجنس والخاصة والحد ابدا في واحد من هذه العشر مقولات يوجد فان جميع المقدمات الماخوذة من هذه اما ان تدل علي ما الشء او علي كيف او علي كم او علي واحدة من ساءر المقولات الاخر وبين من هذه ان الانسان اذا دل علي ما الشء فمرة يدل علي جوهر ومرة علي كم ومرة علي كيف ومرة علي واحدة من المقولات الاخر وذلك ان واضعا لو وضع انسانا ثم قال ان هذا الموضوع انسان هو او حي فانما يقول ما هو وانما يدل علي جوهر واذا وضع لونا ابيض وقال ان هذا الموضوع ابيض هو او لون فانما يقول ما هو وانما يدل علي كيف واذا وضع عظما مقدار ذراع فقال ان هذا الموضوع ذو ذراع او عظم فانما يقول ما هو وانما يدل علي كم وكذلك يخرج الامر في الاخر وذلك ان كل واحد من امثال هذه انما كان هو يقال علي نفسه او الجنس يقال عليه فانما يدل علي ما هو وان كان يقال علي غيره فليس يدل علي ما هو لكن علي كم وكيف او واحدة من المقولات الاخر فهذه هي الاشياء التي فيها ومنها الاقاويل وهذه عدتها,1,9
Πρῶτον τοίνυν διωρίσθω τί ἐστι πρότασις διαλεκτικὴ καὶ τί πρόβλημα διαλεκτικόν Οὐ γὰρ πᾶσαν πρότασιν οὐδὲ πᾶν πρόβλημα διαλεκτικὸν θετέον οὐδεὶς γὰρ ἂν προτείνειε νοῦν ἔχων τὸ μηδενὶ δοκοῦν οὐδὲ προβάλοι τὸ πᾶσι φανερὸν ἢ τοῖς πλείστοις τὰ μὲν γὰρ οὐκ ἔχει ἀπορίαν τὰ δ᾿ οὐδεὶς ἂν θείη Ἔστι δὲ πρότασις διαλεκτικὴ ἐρώτησις ἔνδοξος ἢ πᾶσιν ἢ τοῖς πλείστοις ἢ τοῖς σοφοῖς καὶ τούτοις ἢ πᾶσιν ἢ τοῖς πλείστοις ἢ τοῖς μάλιστα γνωρίμοις μὴ παράδοξος θείη γὰρ ἄν τις τὸ δοκοῦν τοῖς σοφοῖς ἐὰν μὴ ἐναντίον ταῖς τῶν πολλῶν δόξαις ᾖ Εἰσὶ δὲ προτάσεις διαλεκτικαὶ καὶ τὰ τοῖς ἐνδόξοις ὅμοια καὶ τἀναντία κατ᾿ ἀντίφασιν τοῖς δοκοῦσιν ἐνδόξοις εἶναι προτεινόμενα καὶ ὅσαι δόξαι κατὰ τέχνας εἰσὶ τὰς εὑρημένας Εἰ γὰρ ἔνδοξον τὸ τὴν αὐτὴν εἶναι τῶν ἐναντίων ἐπιστήμην καὶ τὸ αἴσθησιν τὴν αὐτὴν εἶναι τῶν ἐναντίων ἔνδοξον ἂν φανείη καὶ εἰ μίαν ἀριθμῷ γραμματικὴν εἶναι καὶ αὐλητικὴν μίαν εἰ δὲ πλείους γραμματικάς καὶ αὐλητικὰς πλείους πάντα γὰρ ὅμοια καὶ συγγενῆ ταῦτ᾿ ἔοικεν εἶναι Ὁμοίως δὲ καὶ τὰ τοῖς ἐνδόξοις ἐναντία κατ᾿ ἀντίφασιν προτεινόμενα ἔνδοξα φανεῖται εἰ γὰρ ἔνδοξον ὅτι δεῖ τοὺς φίλους εὖ ποιεῖν καὶ ὅτι οὐ δεῖ κακῶς ποιεῖν ἔνδοξον Ἔστι δ᾿ ἐναντίον μὲν ὅτι δεῖ κακῶς ποιεῖν τοὺς φίλους κατ᾿ ἀντίφασιν δὲ ὅτι οὐ δεῖ κακῶς ποιεῖν Ὁμοίως δὲ καὶ εἰ δεῖ τοὺς φίλους εὖ ποιεῖν τοὺς ἐχθροὺς οὐ δεῖ Ἔστι δὲ καὶ τοῦτο κατ᾿ ἀντίφασιν τῶν ἐναντίων τὸ γὰρ ἐναντίον ἐστὶν ὅτι δεῖ τοὺς ἐχθροὺς εὖ ποιεῖν Ὡσαύτως δὲ καὶ ἐπὶ τῶν ἄλλων Ἔνδοξον δ᾿ ἐν παραβολῇ φανεῖται καὶ τὸ ἐναντίον περὶ τοῦ ἐναντίου οἷον εἰ τοὺς φίλους δεῖ εὖ ποιεῖν καὶ τοὺς ἐχθροὺς δεῖ κακῶς Φανείη δ᾿ ἂν καὶ ἐναντίον τὸ τοὺς φίλους εὖ ποιεῖν τῷ τοὺς ἐχθροὺς κακῶς πότερον δὲ καὶ κατ᾿ ἀλήθειαν οὕτως ἔχει ἢ οὔ ἐν τοῖς ὑπὲρ τῶν ἐναντίων λεγομένοις ῥηθήσεται Δῆλον δ᾿ ὅτι καὶ ὅσαι δόξαι κατὰ τέχνας εἰσί διαλεκτικαὶ προτάσεις εἰσί θείη γὰρ ἄν τις τὰ δοκοῦντα τοῖς ὑπὲρ τούτων ἐπεσκεμμένοις οἷον περὶ μὲν τῶν ἐν ἰατρικῇ ὡς ὁ ἰατρός περὶ δὲ τῶν ἐν γεωμετρίᾳ ὡς ὁ γεωμέτρης ὁμοίως δὲ καὶ ἐπὶ τῶν ἄλλων,القضايا الجدلية وبعد هذا ينبغي ان نقول كيف نقتضب الاشياء التي بها نستنبط ونستخرج ولنحدد اولا المقدمة المنطقية ما هي والمسءلة المنطقية ما هي وليس يجب ان نضع كل مقدمة منطقية ولا كل مسءلة منطقية وذلك انه ليس احد ممن له عقل يقدم ما لا يراه احد ولا يسال عما هو ظاهر للناس كلهم او لاكثرهم لان هذا ليس فيه شك وذاك لا يضعه احد من الناس والمقدمة المنطقية هي مسءلة ذاءعة اما عند جميع الناس او عند اكثرهم او عند جماعة الفلاسفة او عند اكثرهم او عند اهل النباهة منهم من غير ان تكون مبدعة وذلك ان للانسان ان يضع ما يراه الفلاسفة متي لم يكن مضادا لاراء الجمهور والاشياء الشبيهة بالذاءعة والمضادة ايضا التي يظن بها انها ذاءعة اذا قدمت علي جهة التناقض وجميع الاراء ايضا الموجودة في الصناعات المستخرجة قد تكون مقدمات منطقية وذلك انه ان كان قولنا ان العلم بالمتضادات واحد بعينه ذاءعا فقولنا ان الحس بالمتضادات واحد بعينه يري انه ذاءع وان كان قولنا ان كان يوجد نحو واحد بالعدد ذاءعا فقولنا يوجد غناء واحد بالعدد ذاءع وان كان قولنا يوجد نحو اكثر من واحد ذاءعا فقولنا يوجد غناء اكثر من واحد ذاءع وذلك ان هذه كلها يشبه ان تكون متشابهة متجانسة وكذلك الاشياء المضادة للذاءعة اذا قدمت علي جهة التناقض ظهرت ذاءعة لان قولنا ينبغي ان نحسن الي الاصدقاء ان كان ذاءعا فان قولنا ايضا لا ينبغي ان نسء اليهم ذاءع فاما ضد هذا القول فهو قولنا ينبغي ان نسء بالاصدقاء فاما المناقض له فولنا ليس ينبغي ان نسء بهم وكذلك قولنا ان كان ينبغي ان نحسن الي الاصدقاء فلا ينبغي ان نحسن الي الاعداء وكذلك يجري الامر في الاشياء الاخر وقد يظهر بالمقايسة ان الضد علي الضد ايضا ذاءع مثال ذلك ان كان ينبغي ان نحسن الي الاصدقاء فقد ينبغي ان نسء بالاعداء وقد يظهر ان الاحسان الي الاصدقاء ضد الاساءة بالاعداء وسننظر في هذا الامر هل هو علي الحقيقة هكذا ام لا فيما نقوله في المتضادات ومن البين ان الاراء التي توجد في الصناعات قد تكون مقدمات منطقية لان لواضع ان يضع الاشياء التي يعتقدها الحذاق بهذه الصناءع مثل الطبيب فيما يوجد في صناعة الطب والمهندس فيما يوجد في صناعة الهندسة وكذلك الامر في الصناءع الاخر,1,10
Πρόβλημα δ᾿ ἐστὶ διαλεκτικὸν θεώρημα τὸ συντεῖνον ἢ πρὸς αἵρεσιν καὶ φυγὴν ἢ πρὸς ἀλήθειαν καὶ γνῶσιν ἢ αὐτὸ ἢ ὡς συνεργὸν πρός τι ἕτερον τῶν τοιούτων περὶ οὗ ἢ οὐδετέρως δοξάζουσιν ἢ ἐναντίως οἱ πολλοὶ τοῖς σοφοῖς ἢ οἱ σοφοὶ τοῖς πολλοῖς ἢ ἑκατέροι αὐτοὶ ἑαυτοῖς Ἔνια μὲν γὰρ τῶν προβλημάτων χρήσιμον εἰδέναι πρὸς τὸ ἑλέσθαι ἢ φυγεῖν οἷον πότερον ἡ ἡδονὴ αἱρετὸν ἢ οὔ ἔνια δὲ πρὸς τὸ εἰδέναι μόνον οἷον πότερον ὁ κόσμος ἀΐδιος ἢ οὔ ἔνια δὲ αὐτὰ μὲν καθ᾿ αὑτὰ πρὸς οὐδέτερον τούτων συνεργὰ δέ ἐστι πρός τινα τῶν τοιούτων πολλὰ γὰρ αὐτὰ μὲν καθ᾿ αὑτὰ οὐ βουλόμεθα γνωρίζειν ἑτέρων δ᾿ ἕνεκα ὅπως διὰ τούτων ἄλλο τι γνωρίσωμεν Ἔστι δὲ προβλήματα καὶ ὧν ἐναντίοι εἰσὶ συλλογισμοί ἀπορίαν γὰρ ἔχει πότερον οὕτως ἔχει ἢ οὐχ οὕτως διὰ τὸ περὶ ἀμφοτέρων εἶναι λόγους πιθανούς καὶ περὶ ὧν λόγον μὴ ἔχομεν ὄντων μεγάλων χαλεπὸν οἰόμενοι εἶναι τὸ διὰ τί ἀποδοῦναι οἷον πότερον ὁ κόσμος ἀΐδιος ἢ οὔ καὶ γὰρ τὰ τοιαῦτα ζητήσειεν ἄν τις Τὰ μὲν οὖν προβλήματα καὶ αἱ προτάσεις καθάπερ εἴρηται διωρίσθω θέσις δέ ἐστιν ὑπόληψις παράδοξος τῶν γνωρίμων τινὸς κατὰ φιλοσοφίαν οἷον ὅτι οὐκ ἔστιν ἀντιλέγειν καθάπερ ἔφη Ἀντισθένης ἢ ὅτι πάντα κινεῖται καθ᾿ Ἡράκλειτον ἢ ὅτι ἓν τὸ ὄν καθάπερ Μέλισσός φησιν τὸ γὰρ τοῦ τυχόντος ἐναντία ταῖς δόξαις ἀποφηναμένου φροντίζειν εὔηθες Ἣ περὶ ὧν λόγον ἔχομεν ἐναντίον ταῖς δόξαις οἷον ὅτι οὐ πᾶν τὸ ὂν ἤτοι γενόμενόν ἐστιν ἢ ἀΐδιον καθάπερ οἱ σοφισταί φασιν μουσικὸν γὰρ ὄντα γραμματικὸν εἶναι οὔτε γενόμενον οὔτε ἀΐδιον ὄντα Τοῦτο γάρ εἰ καί τινι μὴ δοκεῖ δόξειεν ἂν διὰ τὸ λόγον ἔχειν Ἔστι μὲν οὖν καὶ ἡ θέσις πρόβλημα οὐ πᾶν δὲ πρόβλημα θέσις ἐπειδὴ ἔνια τῶν προβλημάτων τοιαῦτ᾿ ἐστὶ περὶ ὧν οὐδετέρως δοξάζομεν Ὅτι δέ ἐστι καὶ ἡ θέσις πρόβλημα δῆλον ἀνάγκη γὰρ ἐκ τῶν εἰρημένων ἢ τοὺς πολλοὺς τοῖς σοφοῖς περὶ τὴν θέσιν ἀμφισβητεῖν ἢ ὁποτερουσοῦν ἑαυτοῖς ἐπειδὴ ὑπόληψίς τις παράδοξος ἡ θέσις ἐστίν Σχεδὸν δὲ νῦν πάντα τὰ διαλεκτικὰ προβλήματα θέσεις καλοῦνται Διαφερέτω δὲ μηδὲν ὁπωσοῦν λεγόμενον οὐ γὰρ ὀνοματοποιῆσαι βουλόμενοι διείλομεν οὕτως αὐτά ἀλλ᾿ ἵνα μὴ λανθάνωσιν ἡμᾶς τίνες αὐτῶν τυγχάνουσιν οὖσαι διαφοραί Οὐ δεῖ δὲ πᾶν πρόβλημα οὐδὲ πᾶσαν θέσιν ἐπισκοπεῖν ἀλλ᾿ ἣν ἀπορήσειεν ἄν τις τῶν λόγου δεομένων καὶ μὴ κολάσεως ἢ αἰσθήσεως οἱ μὲν γὰρ ἀποροῦντες πότερον δεῖ τοὺς θεοὺς τιμᾶν καὶ τοὺς γονέας ἀγαπᾶν ἢ οὒ κολάσεως δέονται οἱ δὲ πότερον ἡ χιὼν λευκὴ ἢ οὒ αἰσθήσεως Οὐδὲ δὴ ὧν σύνεγγυς ἡ ἀπόδειξις οὐδ᾿ ὧν λίαν πόρρω τὰ μὲν γὰρ οὐκ ἔχει ἀπορίαν τὰ δὲ πλείω ἢ κατὰ γυμναστικήν,المسءلة الجدلية والوضع الجدلي والمسءلة المنطقية هي طلب معني ينتفع به في الايثار للشء والهرب منه او في الحق والمعرفة اما هو بنفسه واما من قبل انه معين علي شء اخر من امثال هذه او ما يكون الفلاسفة تعتقد ايضا فيه لا كذا ولا كذا واما ما يكونون يعتقدون فيه ضد ما يعتقده الجمهور واما ما يكون كل واحد من الفريقين يضاد صاحبه فيما يعتقد فيه وذلك ان بعض المساءل ينتفع بمعرفته في الايثار للشء او في الهرب منه مثال ذلك قولنا هل اللذة مءثرة ام لا وبعضها ينتفع به في العلم به فقط مثل قولنا هل العالم ازلي ام لا وبعضها لا ينتفع بها انفسها في شء من هذين المعنيين بل هي معينة علي بعض هذه وذلك ان كثيرا من الاشياء ليس نريد ان نعلمها هي في انفسها بل انما نريدها لغيرها اعني لنعلم بها اشياء اخر وهاهنا ايضا مساءل لها قياسات متضادة وذلك انه قد يقع فيها شك هل هي كذا ام ليس هي كذا من قبل ان في كلا المعنيين اقاويل مقعنة والتي ليس لنا ايضا فيها حجة اذ هي عظيمة لظننا بان قولنا فيها لم ذلك عسر مثال ذلك هل العالم ازلي ام لا فان لمطالب ان يطالب بامثال هذه فقد حصلت المساءل والمقدمات كما قلنا والوضع هو راي مبدع لبعض المشهورين بالفلسفة مثال ذلك ما قاله انطستانس انه ليس لاحد ان يناقض وما قاله ايراقليطس من ان كل شء يتحرك وما قاله مالسس من ان الكل واحد وذلك ان من الحزن ان يهتم الانسان بقول شاذ يحكم بضد الاراء او يهتم بالاشياء التي فيها قول مضاد للاراء مثال ذلك القول بان ليس كل موجودا اما مكونا واما ازليا كما تقول السوفسطاءية ان الذي هو موسيقار ويصير نحويا ليس هو متكونا ولا ازليا وذلك ان هذا وان كان لا يراه احد فقد يظن به انه شء لان فيه قولا فالوضع ايضا مسءلة وليس كل مسءلة وضعا لان بعض المساءل يجري مجري ما لا يعتقد فيها ان الامر كذا او كذا والامر في ان الوضع مسالة ما بين وذلك انه واجب ضرورة مما قلنا اما ان يتشكك الجمهور في الوضع علي الفلاسفة واما ان يتشك احد الفريقين ايهما كان علي انفسهم من قبل ان الوضع راي ما مبدع وتكاد ان تكون المساءل الجدلية في هذا الموضع تسمي اوضاعا وليس في ذلك خلاف كيفما قيل لانا لسنا نريد بقسمتها ان نخترع لها اسما لكن الذي نريد هو الا يذهب علينا فصولها ايما هي وليس ينبغي لنا ان نبحث عن كل مسءلة ولا عن كل وضع لكن يجب ان يكون بحثنا عما شك فيه شاك مما يحتاج فيه الي قول لا الي عقوبة او حس وذلك ان الذين يشكون فيقولون هل ينبغي ان يعبد الله ام لا وان يجب ان يكرم الوالدان ام لا يحتاجون الي عقوبة والذين يشكون فيقولون هل الثلج ابيض ام لا يحتاجون الي حس ولا يجب ان يتشكك ايضا فيما كان البرهان عليه قريبا جدا ولا فيما كان البرهان عليه بعيدا جدا فان ذاك ليس فيه شك وهذا ابعد كثيرا من ان يكون مقدمة يرتاض بها,1,11
Διωρισμένων δὲ τούτων χρὴ διελέσθαι πόσα τῶν λόγων εἴδη τῶν διαλεκτικῶν Ἔστι δὲ τὸ μὲν ἐπαγωγή τὸ δὲ συλλογισμός Καὶ συλλογισμὸς μὲν τί ἐστιν εἴρηται πρότερον ἐπαγωγὴ δὲ ἡ ἀπὸ τῶν καθ᾿ ἕκαστον ἐπὶ τὰ καθόλου ἔφοδος οἷον εἰ ἔστι κυβερνήτης ὁ ἐπιστάμενος κράτιστος καὶ ἡνίοχος καὶ ὅλως ἐστὶν ὁ ἐπιστάμενος περὶ ἕκαστον ἄριστος Ἔστι δ᾿ ἡ μὲν ἐπαγωγὴ πιθανώτερον καὶ σαφέστερον καὶ κατὰ τὴν αἴσθησιν γνωριμώτερον καὶ τοῖς πολλοῖς κοινόν ὁ δὲ συλλογισμὸς βιαστικώτερον καὶ πρὸς τοὺς ἀντιλογικοὺς ἐνεργέστερον,البرهان والاستقراء الجدليان واذ قد لخصنا هذه الاشياء فينبغي ان نميز وننظر كم انواع الاقاويل المنطقية فنقول ان انواعها نوعان احدهما استقراء النظاءر والاخر قياس وقد قلنا ما القياس فيما تقدم و اما الاستقراء فهو الطريق من الامور الجزءية الي الامر الكلي مثال ذلك انه ان كان الربان الحاذق هو الافضل فالامر كذلك في الفارس فيصير بالجملة الحاذق في كل واحد من الصناءع هو الافضل والاستقراء هو اكثر اقناعا وابين واعرف في الحس وهو مشترك للجمهور فاما القياس فهو اشد الزاما للحجة وابلغ عند المناقضين,1,12
Τὰ μὲν οὖν γένη περὶ ὧν τε οἱ λόγοι καὶ ἐξ ὧν καθάπερ ἔμπροσθεν εἴρηται διωρίσθω τὰ δ᾿ ὄργανα δι᾿ ὧν εὐπορήσομεν τῶν συλλογισμῶν καὶ τῶν ἐπαγωγῶν ἐστὶ τέτταρα ἓν μὲν τὸ προτάσεις λαβεῖν δεύτερον δὲ ποσαχῶς ἕκαστον λέγεται δύνασθαι διελεῖν τρίτον τὰς διαφορὰς εὑρεῖν τέταρτον δὲ ἡ τοῦ ὁμοίου σκέψις Ἔστι δὲ τρόπον τινὰ καὶ τὰ τρία τούτων προτάσεις ἔστι γὰρ καθ᾿ ἕκαστον αὐτῶν ποιῆσαι πρότασιν οἷον ὅτι αἱρετόν ἐστι τὸ καλὸν ἢ τὸ ἡδὺ ἢ τὸ συμφέρον καὶ ὅτι διαφέρει αἴσθησις ἐπιστήμης τῷ τὴν μὲν ἀποβαλόντι δυνατὸν εἶναι πάλιν λαβεῖν τὴν δ᾿ ἀδύνατον καὶ ὅτι ὁμοίως ἔχει τὸ ὑγιεινὸν πρὸς ὑγίειαν καὶ τὸ εὐεκτικὸν πρὸς εὐεξίαν Ἔστι δ᾿ ἡ μὲν πρώτη πρότασις ἀπὸ τοῦ πολλαχῶς λεγομένου ἡ δὲ δευτέρα ἀπὸ τῶν διαφορῶν ἡ δὲ τρίτη ἀπὸ τῶν ὁμοίων,الالات التي يستخرج بها القياس فقد لخصنا الاجناس التي فيها ومنها الاقاويل كما قلنا انفا فاما الالات التي بها يستخرج القياس فاربع احداهن اقتضاب المقدمات والثانية الاقتدار علي تمييز كل واحد من الاشياء علي كم نحو يقال والثالثة استخراج الفصول والرابعة البحث عن الشبيه وقد توجد ثلاث من هذه بضرب من الضروب مقدمات لانه قد يمكننا ان نعمل في كل واحدة منها مقدمة مثال ذلك قولنا ان الجميل او اللذيذ او النافع ماثور وان الحس يخالف العلم بان هذا يمكن اذا طرح ان يوجد وذاك لا يمكن هذا فيه وان حال المنسوب الي الصحة عند الصحة علي مثال حال المنسوب الي خصب البدن عند خصب البدن فالمقدمة الاولي ماخوذة مما يقال علي انحاء كثيرة والثانية من الفصول والثالثة من الاشباه,1,13
Τὰς μὲν οὖν προτάσεις ἐκλεκτέον ὁσαχῶς διωρίσθη περὶ προτάσεως ἢ τὰς πάντων δόξας προχειριζόμενον ἢ τὰς τῶν πλείστων ἢ τὰς τῶν σοφῶν καὶ τούτων ἢ πάντων ἢ τῶν πλείστων ἢ τῶν γνωριμωτάτων ἢ τὰς ἐναντίας ταῖς φαινομέναις καὶ ὅσαι δόξαι κατὰ τέχνας εἰσίν Δεῖ δὲ προτείνειν καὶ τὰς ἐναντίας ταῖς φαινομέναις ἐνδόξοις κατ᾿ ἀντίφασιν καθάπερ εἴρηται πρότερον Χρήσιμον δὲ καὶ τὸ ποιεῖν αὐτὰς ἐν τῷ ἐκλέγειν μὴ μόνον τὰς οὔσας ἐνδόξους ἀλλὰ καὶ τὰς ὁμοίας ταύταις οἷον ὅτι τῶν ἐναντίων ἡ αὐτὴν αἴσθησις καὶ γὰρ ἡ ἐπιστήμη καὶ ὅτι ὁρῶμεν εἰσδεχόμενοί τι οὐκ ἐκπέμποντες καὶ γὰρ καὶ ἐπὶ τῶν ἄλλων αἰσθήσεων οὕτως ἀκούομέν τε γὰρ εἰσδεχόμενοί τι οὐκ ἐκπέμποντες καὶ γευόμεθα ὡσαύτως Ὁμοίως δὲ καὶ ἐπὶ τῶν ἄλλων Ἔτι ὅσα ἐπὶ πάντων ἢ τῶν πλείστων φαίνεται ληπτέον ὡς ἀρχὴν καὶ δοκοῦσαν θέσιν τιθέασι γὰρ οἱ μὴ συνορῶντες ἐπί τινος οὐχ᾿ οὕτως Ἐκλέγειν δὲ χρὴ καὶ ἐκ τῶν γεγραμμένων λόγων τὰς δὲ διαγραφὰς ποιεῖσθαι περὶ ἑκάστου γένους ὑποτιθέντας χωρίς οἷον περὶ ἀγαθοῦ ἢ περὶ ζῴου καὶ περὶ ἀγαθοῦ παντός ἀρξάμενον ἀπὸ τοῦ τί ἐστιν Παρασημαίνεσθαι δὲ καὶ τὰς ἑκάστων δόξας οἷον ὅτι Ἐμπεδοκλῆς τέτταρα ἔφησε τῶν σωμάτων στοιχεῖα εἶναι θείη γὰρ ἄν τις τὸ ὑπό τινος εἰρημένον ἐνδόξου Ἔστι δ᾿ ὡς τύπῳ περιλαβεῖν τῶν προτάσεων καὶ τῶν προβλημάτων μέρη τρία Αἱ μὲν γὰρ ἠθικαὶ προτάσεις εἰσίν αἱ δὲ φυσικαί αἱ δὲ λογικαί Ἠθικαὶ μὲν οὖν αἱ τοιαῦται οἷον πότερον δεῖ τοῖς γονεῦσι μᾶλλον ἢ τοῖς νόμοις πειθαρχεῖν ἐὰν διαφωνῶσιν λογικαὶ δὲ οἷον πότερον τῶν ἐναντίων ἡ αὐτὴ ἐπιστήμη ἢ οὔ φυσικαὶ δὲ οἷον πότερον ὁ κόσμος ἀΐδιος ἢ οὔ Ὁμοίως δὲ καὶ τὰ προβλήματα Ποῖαι δ᾿ ἕκασται τῶν προειρημένων ὁρισμῷ μὲν οὐκ εὐπετὲς ἀποδοῦναι περὶ αὐτῶν τῇ δὲ διὰ τῆς ἐπαγωγῆς συνηθείᾳ πειρατέον γνωρίζειν ἑκάστην αὐτῶν κατὰ τὰ προειρημένα παραδείγματα ἐπισκοποῦντα Πρὸς μὲν οὖν φιλοσοφίαν κατ᾿ ἀλήθειαν περὶ αὐτῶν πραγματευτέον διαλεκτικῶς δὲ πρὸς δόξαν Ληπτέον δ᾿ ὅτι μάλιστα καθόλου πάσας τὰς προτάσεις καὶ τὴν μίαν πολλὰς ποιητέον οἷον ὅτι τῶν ἀντικειμένων ἡ αὐτὴ ἐπιστήμη εἶθ᾿ ὅτι τῶν ἐναντίων καὶ ὅτι τῶν πρός τι Τὸν αὐτὸν δὲ τρόπον καὶ ταύτας πάλιν διαιρετέον ἕως ἂν ἐνδέχηται διαιρεῖν οἷον ὅτι ἀγαθοῦ καὶ κακοῦ καὶ λευκοῦ καὶ μέλανος καὶ ψυχροῦ καὶ θερμοῦ Ὁμοίως δὲ καὶ ἐπὶ τῶν ἄλλων,اختيار القضايا فينبغي ان نتخير المقدمات بحسب الانحاء التي لخصت عليها المقدمة بان نتصفح اما اراء الجمهور او اراء اكثر الناس او اراء جميع الفلاسفة او اكثرهم او اهل النباهة منهم او الاراء المضادة للظاهرة وجميع الاراء التي في الصناءع وينبغي ان نقدم الاراء المضادة التي هي في الظاهر ذاءعة علي جهة التناقض كما قلنا قبل وليس انما ننتفع عند الاختيار باستعمال الذاءعة منها فقط لكن والشبيهة بهذه ايضا مثال ذلك قولنا ان العلم بالمتضادات واحد لان الحس بها كذلك او قولنا ان الحس بالمتضادات واحد بعينه لان العلم بها كذلك وانا انما ننظر بان نقبل شيءا فينا لا بان ندفع شيءا منا لان الامر علي هذا المثال يجري في الحواس الباقية وذلك انا انما نسمع بان نقبل فينا شيءا لا بان نخرج وعلي ذلك المثال نشم ونذوق وكذلك الحال في ساءر الحواس الاخر وايضا ينبغي ان ناخذ ما يظهر في جميع الامور او في اكثرها علي انه اصل ومبدا ووضع مظنون وذلك انه قد يضعها الذين لا يفهمون في اي شء من الاشياء ليس هي كذلك وينبغي ان نتخير ايضا من الاقاويل المثبتة في الكتب ونثبت ما في جنس جنس ونضعه ناحية مثال ذلك انك اذا اردت ان تبحث عن كل خبر بدات من البحث بما هو واثبت باراءه اراء واحد واحد بمنزلة ما نقول ان انبادقليس يري ان اسطقسات الاجسام اربعة فان لواضع ان يضع ما يقوله واحد من المشهورين وقد توجد اجناس المساءل والمقدمات اذا حصلناها علي طريق الرسم ثلاثة وذلك ان منها ما هي مقدمات خلقية ومنها مقدمات طبيعية ومنها مقدمات منطقية فالخلقية مثل قولنا لمن اولي ان نطيع لاباءنا او للنواميس متي اختلفتا والمنطقية مثل قولنا هل العلم بالمتضادات واحد بعينه ام لا والطبيعية مثل قولنا هل العالم ازلي ام لا وكذلك يجري الامر في المساءل وليس يسهل علينا ان نصف كل واحدة من هذه التي تقدم ذكرها انما هي بتحديد يوفيها اياه لكن ينبغي ان ان نلتمس تعرف كل واحدة منها بالارتياض في الاستقراء بعد تفقدنا اياها بحسب المثالات التي تقدم وصفها فنجعل بحثنا عنها عند الفلاسفة علي جهة الحقيقة وعند الظن علي جهة الجدل وينبغي ان ناخذ جميع المقدمات اخذا كليا باكثر ما يمكن وان نجعل المقدمة الواحدة مقدمات كثيرة مثال ذلك ان نقول ان العلم بالمتقابلات واحد بعينه ثم نقول ان العلم بالمتضادات واحد بعينه وان العلم بالاشياء الداخلة في باب المضاف واحد بعينه وعلي هذا المثال ينبغي ان نقسم هذه ايضا من الراس ما دامت القسمة فيها ممكنة مثال ذلك ان نقول العلم بالخير والشر واحد بعينه والعلم بالابيض والاسود والعلم بالبارد والحار وكذلك في ساءر الاشياء الاخر,1,14
Περὶ μὲν οὖν προτάσεως ἱκανὰ τὰ προειρημένα τὸ δὲ ποσαχῶς πραγματευτέον μὴ μόνον ὅσα λέγεται καθ᾿ ἕτερον τρόπον ἀλλὰ καὶ τοὺς λόγους αὐτῶν πειρατέον ἀποδιδόναι οἷον μὴ μόνον ὅτι ἀγαθὸν καθ᾿ ἕτερον μὲν τρόπον λέγεται δικαιοσύνη καὶ ἀνδρία εὐεκτικὸν δὲ καὶ ὑγιεινὸν καθ᾿ ἕτερον ἀλλ᾿ ὅτι καὶ τὰ μὲν τῷ αὐτὰ ποιά τινα εἶναι τὰ δὲ τῷ ποιητικά τινος καὶ οὐ τῷ ποιὰ αὐτά τινα εἶναι Ὡσαύτως δὲ καὶ ἐπὶ τῶν ἄλλων Πότερον δὲ πολλαχῶς ἢ μοναχῶς τῷ εἴδει λέγεται διὰ τῶνδε θεωρητέον Πρῶτον μὲν ἐπὶ τοῦ ἐναντίου σκοπεῖν εἰ πολλαχῶς λέγεται ἐάν τε τῷ εἴδει ἐάν τε τῷ ὀνόματι διαφωνῇ Ἔνια γὰρ εὐθὺς καὶ τοῖς ὀνόμασιν ἕτερά ἐστιν οἷον τῷ ὀξεῖ ἐν φωνῇ μὲν ἐναντίον τὸ βαρύ ἐν ὄγκῳ δὲ τὸ ἀμβλύ Δῆλον οὖν ὅτι τὸ ἐναντίον τῷ ὀξεῖ πολλαχῶς λέγεται Εἰ δὲ τοῦτο καὶ τὸ ὀξύ καθ᾿ ἑκάτερον γὰρ ἐκείνων ἕτερον ἔσται τὸ ἐναντίον Οὐ γὰρ τὸ αὐτὸ ὀξὺ ἔσται τῷ ἀμβλεῖ καὶ τῷ βαρεῖ ἐναντίον ἑκατέρῳ δὲ τὸ ὀξὺ ἐναντίον Πάλιν τῷ βαρεῖ ἐν φωνῇ μὲν τὸ ὀξὺ ἐναντίον ἐν ὄγκῳ δὲ τὸ κοῦφον ὥστε πολλαχῶς τὸ βαρὺ λέγεται ἐπειδὴ καὶ τὸ ἐναντίον Ὁμοίως δὲ καὶ τῷ καλῷ τῷ μὲν ἐπί τοῦ ζῴου τὸ αἰσχρόν τῷ δ᾿ ἐπὶ τῆς οἰκίας τὸ μοχθηρόν ὥστε ὁμώνυμον τὸ καλόν Ἐπ᾿ ἐνίων δὲ τοῖς μὲν ὀνόμασιν οὐδαμῶς διαφωνεῖ τῷ δ᾿ εἴδει κατάδηλος ἐν αὐτοῖς εὐθέως ἡ διαφορά ἐστιν οἷον ἐπὶ τοῦ λευκοῦ καὶ μέλανος Φωνὴ γὰρ λευκὴ καὶ μέλαινα λέγεται ὁμοίως δὲ καὶ χρῶμα Τοῖς μὲν οὖν ὀνόμασιν οὐδὲν διαφωνεῖ τῷ δ᾿ εἴδει κατάδηλος ἐν αὐτοῖς εὐθέως ἡ διαφορά οὐ γὰρ ὁμοίως τό τε χρῶμα λευκὸν λέγεται καὶ ἡ φωνή Δῆλον δὲ τοῦτο καὶ διὰ τῆς αἰσθήσεως τῶν γὰρ αὐτῶν τῷ εἴδει ἡ αὐτὴ αἴσθησις τὸ δὲ λευκὸν τὸ ἐπὶ τῆς φωνῆς καὶ τοῦ χρώματος οὐ τῇ αὐτῇ αἰσθήσει κρίνομεν ἀλλὰ τὸ μὲν ὄψει τὸ δ᾿ ἀκοῇ Ὁμοίως δὲ καὶ τὸ ὀξὺ καὶ τὸ ἀμβλὺ ἐν χυμοῖς καὶ ἐν ὄγκοις ἀλλὰ τὸ μὲν ἁφῇ τὸ δὲ γεύσει Οὐδὲ γὰρ ταῦτα διαφωνεῖ τοῖς ὀνόμασιν οὔτ᾿ ἐπ᾿ αὐτῶν οὔτ᾿ ἐπὶ τῶν ἐναντίων ἀμβλὺ γὰρ καὶ τὸ ἐναντίον ἑκατέρῳ Ἔτι εἰ τῷ μέν ἐστί τι ἐναντίον τῷ δ᾿ ἁπλῶς μηδέν οἷον τῇ μὲν ἀπὸ τοῦ πίνειν ἡδονῇ ἡ ἀπὸ τοῦ διψῆν λύπη ἐναντίον τῇ δ᾿ ἀπὸ τοῦ θεωρεῖν ὅτι ἡ διάμετρος τῇ πλευρᾷ ἀσύμμετρος οὐδέν ὥστε πλεοναχῶς ἡ ἡδονὴ λέγεται Καὶ τῷ μὲν κατὰ τὴν διάνοιαν φιλεῖν τὸ μισεῖν ἐναντίον τῷ δὲ κατὰ τὴν σωματικὴν ἐνέργειαν οὐδέν δῆλον οὖν ὅτι τὸ φιλεῖν ὁμώνυμον Ἔτι ἐπὶ τῶν ἀνὰ μέσον εἰ τῶν μέν ἐστί τι ἀνὰ μέσον τῶν δὲ μηδέν ἢ εἰ ἀμφοῖν μέν ἐστι μὴ ταὐτὸν δέ οἷον λευκοῦ καὶ μέλανος ἐν χρώμασι μὲν τὸ φαιόν ἐν φωνῇ δ᾿ οὐδέν ἢ εἰ ἄρα τὸ σομφόν καθάπερ τινές φασι σομφὴν φωνὴν ἀνὰ μέσον εἶναι ὥσθ᾿ ὁμώνυμον τὸ λευκόν ὁμοίως δὲ καὶ τὸ μέλαν Ἔτι εἰ τῶν μὲν πλείω τὰ ἀνὰ μέσον τῶν δὲ ἕν καθάπερ ἐπὶ τοῦ λευκοῦ καὶ μέλανος ἐπὶ μὲν γὰρ τῶν χρωμάτων πολλὰ τὰ ἀνὰ μέσον ἐπὶ δὲ τῆς φωνῆς ἓν τὸ σομφόν Πάλιν ἐπὶ τοῦ κατ᾿ ἀντίφασιν ἀντικειμένου σκοπεῖν εἰ πλεοναχῶς λέγεται Εἰ γὰρ τοῦτο πλεοναχῶς λέγεται καὶ τὸ τούτῳ ἀντικείμενον πλεοναχῶς ῥηθήσεται οἷον τὸ μὴ βλέπειν πλεοναχῶς λέγεται ἓν μὲν τὸ μὴ ἔχειν ὄψιν ἓν δὲ τὸ μὴ ἐνεργεῖν τῇ ὄψει Εἰ δὲ τοῦτο πλεοναχῶς ἀναγκαῖον καὶ τὸ βλέπειν πλεοναχῶς λέγεσθαι ἑκατέρῳ γὰρ τῷ μὴ βλέπειν ἀντικείσεταί τι οἷον τῷ μὲν μὴ ἔχειν ὄψιν τὸ ἔχειν τῷ δὲ μὴ ἐνεργεῖν τῇ ὄψει τὸ ἐνεργεῖν Ἔτι ἐπὶ τῶν κατὰ στέρησιν καὶ ἕξιν λεγομένων ἐπισκοπεῖν εἰ γὰρ θάτερον πλεοναχῶς λέγεται καὶ τὸ λοιπόν οἷον εἰ τὸ αἰσθάνεσθαι πλεοναχῶς λέγεται κατά τε τὴν ψυχὴν καὶ τὸ σῶμα καὶ τὸ ἀναίσθητον εἶναι πλεοναχῶς ῥηθήσεται κατά τε τὴν ψυχὴν καὶ τὸ σῶμα Ὅτι δὲ κατὰ στέρησιν καὶ ἕξιν ἀντίκειται τὰ νῦν λεγόμενα δῆλον ἐπειδὴ πέφυκεν ἑκατέραν τῶν αἰσθήσεων ἔχειν τὰ ζῷα καὶ κατὰ τὴν ψυχὴν καὶ κατὰ τὸ σῶμα Ἔτι δ᾿ ἐπὶ τῶν πτώσεων ἐπισκεπτέον Εἰ γὰρ τὸ δικαίως πλεοναχῶς λέγεται καὶ τὸ δίκαιον πλεοναχῶς ῥηθήσεται καθ᾿ ἑκάτερον γὰρ τῶν δικαίως ἐστὶ δίκαιον οἷον εἰ τὸ δικαίως λέγεται τό τε κατὰ τὴν ἑαυτοῦ γνώμην κρῖναι καὶ τὸ ὡς δεῖ ὁμοίως καὶ τὸ δίκαιον Ὡσαύτως δὲ καὶ εἰ τὸ ὑγιεινὸν πλεοναχῶς καὶ τὸ ὑγιεινῶς πλεοναχῶς ῥηθήσεται οἷον εἰ ὑγιεινὸν τὸ μὲν ὑγιείας ποιητικὸν τὸ δὲ φυλακτικὸν τὸ δὲ σημαντικόν καὶ τὸ ὑγιεινῶς ἢ ποιητικῶς ἢ φυλακτικῶς ἢ σημαντικῶς ῥηθήσεται Ὁμοίως δὲ καὶ ἐπὶ τῶν ἄλλων ὅταν αὐτὸ πλεοναχῶς λέγηται καὶ ἡ πτῶσις ἡ ἀπ᾿ αὐτοῦ πλεοναχῶς ῥηθήσεται καὶ εἰ ἡ πτῶσις καὶ αὐτό Σκοπεῖν δὲ καὶ τὰ γένη τῶν κατὰ τοὔνομα κατηγοριῶν εἰ ταὐτά ἐστιν ἐπὶ πάντων Εἰ γὰρ μὴ ταὐτά δῆλον ὅτι ὁμώνυμον τὸ λεγόμενον οἷον τὸ ἀγαθὸν ἐν ἐδέσματι μὲν τὸ ποιητικὸν ἡδονῆς ἐν ἰατρικῇ δὲ τὸ ποιητικὸν ὑγιείας ἐπὶ δὲ ψυχῆς τὸ ποιὰν εἶναι οἷον σώφρονα ἢ ἀνδρείαν ἢ δικαίαν ὁμοίως δὲ καὶ ἐπὶ ἀνθρώπου Ἐνιαχοῦ δὲ τὸ ποτέ οἷον τὸ ἐν τῷ καιρῷ ἀγαθόν ἀγαθὸν γὰρ λέγεται τὸ ἐν τῷ καιρῷ Πολλάκις δὲ τὸ ποσόν οἷον ἐπὶ τοῦ μετρίου λέγεται γὰρ καὶ τὸ μέτριον ἀγαθόν Ὥστε ὁμώνυμον τὸ ἀγαθόν Ὡσαύτως δὲ καὶ τὸ λευκὸν ἐπὶ σώματος μὲν χρῶμα ἐπὶ δὲ φωνῆς τὸ εὐήκοον Παραπλησίως δὲ καὶ τὸ ὀξύ οὐ γὰρ ὡσαύτως ἐπὶ πάντων τὸ αὐτὸ λέγεται φωνὴ μὲν γὰρ ὀξεῖα ἡ ταχεῖα καθάπερ φασὶν οἱ κατὰ τοὺς ἀριθμοὺς ἁρμονικοί γωνία δ᾿ ὀξεῖα ἡ ἐλάσσων ὀρθῆς μάχαιρα δὲ ἡ ὀξυγώνιος Σκοπεῖν δὲ καὶ τὰ γένη τῶν ὑπὸ τὸ αὐτὸ ὄνομα εἰ ἕτερα καὶ μὴ ὑπ᾿ ἄλληλα οἷον ὄνος τό τε ζῷον καὶ τὸ σκεῦος Ἕτερος γὰρ ὁ κατὰ τοὔνομα λόγος αὐτῶν τὸ μὲν γὰρ ζῷον ποιόν τι ῥηθήσεται τὸ δὲ σκεῦος ποιόν τι Ἐὰν δὲ ὑπ᾿ ἄλληλα τὰ γένη ᾖ οὐκ ἀναγκαῖον ἑτέρους τοὺς λόγους εἶναι Οἷον τοῦ κόρακος τὸ ζῷον καὶ τὸ ὄρνεον γένος ἐστίν Ὅταν οὖν λέγωμεν τὸν κόρακα ὄρνεον εἶναι καὶ ζῷον ποιόν τί φαμεν αὐτὸν εἶναι ὥστ᾿ ἀμφότερα τὰ γένη περὶ αὐτοῦ κατηγορεῖται Ὁμοίως δὲ καὶ ὅταν ζῷον πτηνὸν δίπουν τὸν κόρακα λέγωμεν ὄρνεόν φαμεν αὐτὸν εἶναι καὶ οὕτως οὖν ἀμφότερα τὰ γένη κατηγορεῖται κατὰ τοῦ κόρακος καὶ ὁ λόγος αὐτῶν Ἐπὶ δὲ τῶν μὴ ὑπ᾿ ἄλληλα γενῶν οὐ συμβαίνει τοῦτο οὔτε γὰρ ὅταν σκεῦος λέγωμεν ζῷον λέγομεν οὔθ᾿ ὅταν ζῷον σκεῦος Σκοπεῖν δὲ μὴ μόνον εἰ τοῦ προκειμένου ἕτερα τὰ γένη καὶ μὴ ὑπ᾿ ἄλληλα ἀλλὰ καὶ ἐπὶ τοῦ ἐναντίου εἰ γὰρ τὸ ἐναντίον πολλαχῶς λέγεται δῆλον ὅτι καὶ τὸ προκείμενον Χρήσιμον δὲ καὶ τὸ ἐπὶ τὸν ὁρισμὸν ἐπιβλέπειν τὸν ἐκ τοῦ συντιθεμένου γινόμενον οἷον λευκοῦ σώματος καὶ λευκῆς φωνῆς ἀφαιρουμένου γὰρ τοῦ ἰδίου τὸν αὐτὸν λόγον δεῖ λείπεσθαι Τοῦτο δ᾿ οὐ συμβαίνει ἐπὶ τῶν ὁμωνύμων οἷον ἐπὶ τῶν νῦν εἰρημένων Τὸ μὲν γὰρ ἔσται σῶμα τοιόνδε χρῶμα ἔχον τὸ δὲ φωνὴ εὐήκοος ἀφαιρεθέντος οὖν τοῦ σώματος καὶ τῆς φωνῆς οὐ ταὐτὸν ἐν ἑκατέρῳ τὸ λειπόμενον Ἔδει δέ γε εἴπερ συνώνυμον ἦν τὸ λευκὸν τὸ ἐφ᾿ ἑκατέρου λεγόμενον Πολλάκις δὲ καὶ ἐν αὐτοῖς τοῖς λόγοις λανθάνει παρακολουθοῦν τὸ ὁμώνυμον διὸ καὶ ἐπὶ τῶν λόγων σκεπτέον Οἷον ἄν τις τὸ σημαντικὸν καὶ ποιητικὸν ὑγιείας τὸ συμμέτρως ἔχον πρὸς ὑγίειαν φῇ εἶναι οὐκ ἀποστατέον ἀλλ᾿ ἐπισκεπτέον τί τὸ συμμέτρως καθ᾿ ἑκάτερον εἴρηκεν οἷον εἰ τὸ μὲν τὸ τοιοῦτον εἶναι ὥστε ποιεῖν ὑγίειαν τὸ δὲ τὸ τοιοῦτον οἷον σημαίνειν ποία τις ἡ ἕξις Ἔτι εἰ μὴ συμβλητὰ κατὰ τὸ μᾶλλον ἢ ὁμοίως οἷον λευκὴ φωνὴ καὶ λευκὸν ἱμάτιον καὶ ὀξὺς χυμὸς καὶ ὀξεῖα φωνή ταῦτα γὰρ οὔθ᾿ ὁμοίως λέγεται λευκὰ ἢ ὀξέα οὔτε μᾶλλον θάτερον Ὥσθ᾿ ὁμώνυμον τὸ λευκὸν καὶ τὸ ὀξύ τὸ γὰρ συνώνυμον πᾶν συμβλητόν ἢ γὰρ ὁμοίως ῥηθήσεται ἢ μᾶλλον θάτερον Ἐπεὶ δὲ τῶν ἑτέρων γενῶν καὶ μὴ ὑπ᾿ ἄλληλα ἕτεραι τῷ εἴδει καὶ αἱ διαφοραί οἷον ζῴου καὶ ἐπιστήμης ἕτεραι γὰρ τούτων αἱ διαφοραί σκοπεῖν εἰ τὰ ὑπὸ τὸ αὐτὸ ὄνομα ἑτέρων γενῶν καὶ μὴ ὑπ᾿ ἄλληλα διαφοραί εἰσιν οἷον τὸ ὀξὺ φωνῆς καὶ ὄγκου διαφέρει γὰρ φωνὴ φωνῆς τῷ ὀξεῖα εἶναι ὁμοίως δὲ καὶ ὄγκος ὄγκου Ὥστε ὁμώνυμον τὸ ὀξύ ἑτέρων γὰρ γενῶν καὶ οὐχ ὑπ᾿ ἄλληλα διαφοραί εἰσιν Πάλιν εἰ αὐτῶν τῶν ὑπὸ τὸ αὐτὸ ὄνομα ἕτεραι αἱ διαφοραί οἷον χρώματος τοῦ τε ἐπὶ τῶν σωμάτων καὶ τοῦ ἐν τοῖς μέλεσιν τοῦ μὲν γὰρ ἐπὶ τῶν σωμάτων διακριτικὸν καὶ συγκριτικὸν ὄψεως τοῦ δ᾿ ἐπὶ τῶν μελῶν οὐχ αἱ αὐταὶ διαφοραί Ὥστε ὁμώνυμον τὸ χρῶμα τῶν γὰρ αὐτῶν αἱ αὐταὶ διαφοραί Ἔτι ἐπεὶ τὸ εἶδος οὐδενός ἐστι διαφορά σκοπεῖν τῶν ὑπὸ τὸ αὐτὸ ὄνομα εἰ τὸ μὲν εἶδός ἐστι τὸ δὲ διαφορά οἷον τὸ λευκὸν τὸ μὲν ἐπὶ τοῦ σώματος εἶδος χρώματος τὸ δ᾿ ἐπὶ τῆς φωνῆς διαφορά διαφέρει γὰρ φωνὴ φωνῆς τῷ λευκὴ εἶναι,البحث عن الالفاظ المشتركة فما وصفناه كاف في امر المقدمات وينبغي ان نبحث عما يقال علي انحاء كثيرة وليس يجب ان نلتمس وصف الاشياء التي تقال علي جهات مختلفة فقط بل يجب ان نصف ايضا اقاويلها مثال ذلك ان العدل والشجاعة ليس انما يقال فيهما انهما خير بخلاف الجهة التي يقال بها ان المصح والمخصب خير فقط لكن وبان تلك كيفيات ما وهذه فاعلات شء ما لا انها كيفيات ما وكذلك يجري الامر في ساءر الاخر وينبغي ان ننظر لهذه الاشياء هل الشء يقال علي انحاء كثيرة بالنوع ام علي نحو واحد فنبحث اولا عن الضد ان كان يقال علي انحاء كثيرة كان مختلفا في النوع او في الاسم وذلك ان بعض الاشياء تكون مختلفة بالاسماء من اول امرها بمنزلة الحاد فان ضده في الصوت الثقيل وفي العظم الكال فمن البين ان ضد الحاد يقال علي انحاء كثيرة واذا كان هذا يقال علي انحاء كثيرة فالحاد ايضا يقال كذلك لان في كل واحد منهما يوجد الضد وذلك انه لا يوجد المضاد للثقيل والكال واحدا بعينه والمضاد لكل واحد منهما هو الحاد وايضا ضد الثقيل في الصوت الحاد وفي العظم الخفيف فالثقيل اذا يقال علي انحاء كثيرة لان ضده يقال علي انحاء كثيرة وكذلك النظيف فان ضده في الحي السمج وفي الثوب الوسخ فالنظيف اذا اسم مشترك وفي بعض الاشياء المشتركة لا تختلف الاسماء اصلا لكن الاختلاف فيها بين لا محالة بالنوع كالحال في الابيض والاسود فانه قد يقال صوت ابيض وصوت اسود وكذلك لون ابيض ولون اسود فليس بينهما اختلاف في الاسماء فاما بالنوع فاختلافهما بين جدا وذلك ان الابيض ليس يقال في الصوت وفي اللون علي مثال واحد وذلك بين من الحس لان الحس بالاشياء التي هي واحدة بعينها في النوع واحد بعينه والابيض الذي يقال علي الصوت وعلي اللون ليس يحكم عليه بحاسة واحدة لكن احدهما يحكم عليه بحاسة البصر والاخر بالسمع وكذلك الحاد الذي يقال في الطعوم والذي يقال في الاعظام احدهما يحكم عليه باللمس والاخر بالذوق وذلك ان هذين ليس يختلفان بالاسماء لا في انفسهما ولا في اضدادها لان كل واحد منهما هو الكال وايضا ينبغي ان ننظر ان كان لاحد المعنيين ضد ما والاخر ليس له ضد من الاضداد علي الاطلاق مثال ذلك ان اللذة التي تكون من قبل الشرب ضدها الاذي الذي يكون من قبل العطش واللذة التي تكون من قبل العلم بان القطر مبابن للضلع ليس لها ضد فاللذة اذا مما يقال علي انحاء كثيرة والمحبة التي تكون بالفكر ضدها البغضة فاما المحبة التي تكون في فعل الجسم فلا ضد لها فمن البين ان المحبة اسم مشترك وايضا ينبغي ان ننظر في المتضادات التي بينها وسط اذا كان صنف منها يوجد فيه وسيط والصنف الاخر اما الا يوجد فيه وسيط او ان كان يوجد في الصنفين وسيط الا انه ليس هو واحدا بعينه بمنزلة الابيض والاسود فان فميا بينهما في الالوان وسيطا هو الادكن وليس بينهما في الصوت وسيط اللهم الا ان يكون فيما بينهما المتخلخل كما يزعم قوم ان الصوت المتخلخل وسط بين الابيض والاسود فالابيض اذا اسم مشترك وكذلك الاسود وايضا ينبغي ان ننظر اذا كان صنف منها فيه وساءط كثيرة وصنف اخر فيه وسيط واحد كالحال في الاسود والابيض فان الوساءط بينهما في الالوان كثيرة وفي الصوت واحد وهو المتخلخل وايضا ينبغي ان نبحث عما يتقابل علي طريق التناقض هل يقال علي انحاء كثيرة وذلك ان هذا ان كان يقال علي انحاء كثيرة فان المقابل له قد يقال ايضا علي انحاء كثيرة مثال ذلك الذي لا يبصر فانه يقال علي انحاء كثيرة احدهما علي الذي ليس له بصر والاخر علي الذي لا يستعمل البصر واذا كان هذا يقال علي انحاء كثيرة فواجب ضرورة ان يكون الذي يبصر يقال علي انحاء كثيرة وذلك ان كل واحد من صنفي قولنا لا يبصر يقابله شء ما اعني ان الذي ليس له بصر يقابله الذي له بصر والذي لا يستعمل البصر يقابله المستعمل للبصر وايضا ينبغي ان نبحث عن التي تقال علي طريق العدم والملكة فان احدهما ان كان يقال علي انحاء كثيرة فان الاخر يقال كذلك مثاله ان الاحساس ان كان يقال علي انحاء كثيرة في النفس والبدن فان عدم الاحساس يقال علي انحاء كثيرة في النفس والبدن والامر في ان الاشياء التي ذكرناها في هذا الموضع تتقابل علي جهة العدم والملكة بين لان من شان الحيوان ان يكون له كل واحد من الحسين اعني حس النفس وحس البدن وايضا ينبغي ان نبحث عن التصاريف وذلك انه ان كان العدل يقال علي انحاء كثيرة فالعدالة تقال علي انحاء كثيرة وذلك ان في كل واحدة من الجهتين اللتين يقال فيهما العدل قد توجد عدالة ما مثال ذلك انه قد يقال للذي يحكم بحسب رايه وللذي يحكم بما يجب انهما قد حكما حكما بالعدل وعلي ذلك المثال يجري الامر في العدالة وكذلك ايضا ان كان المصح يقال علي انحاء كثيرة فان الصحيح ايضا يقال علي انحاء كثيرة مثال ذلك ان الذي يفعل الصحة يقال له مصح وكذلك الذي يحفظ الصحة والذي يدل عليها والصحيح ايضا قد يقال علي الذي يفعل ويحفظ ويدل علي الصحة وعلي هذا المثال يجري الامر في ساءر الاخر اعني انه اذا كان شء يقال علي انحاء كثيرة فان التصريف الذي يءخذ منه يقال ايضا علي انحاء كثيرة وان كان التصريف يقال علي انحاء كثيرة فانه هو ايضا يقال علي انحاء كثيرة وينبغي ان نبحث عن اجناس الحمل الذي بحسب الاسم هل هي واحدة بعينها في الجميع وذلك انها ان لم تكن واحدة بعينها فمن البين ان الموصوف اسم مشترك مثال ذلك المحمود فانه في الاطعمة ما يحدث اللذة وفي الطب ما يحدث الصحة وفي النفس ما تكون به بحال ما اعني عفيفة او شجاعة او عادلة وكذلك في الانسان ايضا ويقال في الشء انه محمود في بعض الاوقات مثل الكاءن في وقته وذلك انه قد يقال محمود للكاءن في وقته ويقال مرارا كثيرة علي الكم كما يقال علي المعتدل فانه قد يقال للمعتدل ايضا محمود فالمحمود اذا اسم مشترك وكذلك الابيض فانه في الجسم اللون وفي الصوت الحس المسموع وكذلك الحاد اذ ليس يقال واحدا بعينه علي جميع الاشياء مثال ذلك قولنا صوت حاد للسريع كما يقول اصحاب التاليف في الاعداد وقولنا الزاوية الحادة للتي هي اصغر من قاءمة وقولنا سكين حاد للحادة الزاوية وينبغي ان نبحث عن اخبار الاشياء التي تحت اسم واحد بعينه هل هي مختلفة وليس بعضها مرتبا تحت بعض كقولنا للالة حمار وللحيوان حمار وذلك ان الحد الذي بحسب اسمها مختلف لان الحيوان يقال بحال ما والالة تقال بحال اخري وان كانت الاجناس بعضها تحت بعض فليس يلزم ضرورة ان تكون الاقاويل مختلفة مثال ذلك الغراب فان الحي وذا الريش جنس له فاذا نحن قلنا في الغراب انه ذو ريش وحي فقد قلنا انه بحال ما فالجنسان اذا كلاهما محمول عليه وكذلك اذا قلنا في الغراب انه حي طاءر ذو رجلين فقد قلنا انه ذو ريش وبهذا الوجه يحمل الجنسان كلاهما وقولاهما علي الغراب فاما الاجناس التي لا يقال بعضها تحت بعض فليس يلزم فيها ذلك وذلك انا ليس اذا قلنا الة فقد قلنا حي ولا اذا قلنا حي فقد قلنا الة وينبغي ان تعلم انه ليس انما يقال اجناس مختلفة ليس بعضها تحت بعض في الموضوع فقط بل قد يقال ايضا في الضد وذلك انه ان كان الضد يقال علي انحاء كثيرة فمن البين ان الموضوع ايضا يقال علي انحاء كثيرة وقد ينتفع ايضا بالنظر في الحد الذي يكون عن المركب مثل الجسم الابيض والصوت الابيض وذلك ان خاصة كل واحد منهما اذا رفعت فينبغي ان يبقي القول واحدا بعينه وهذا امر ليس يلزم في المتفقة اسماءها كالحال في اللذين وصفناهما الان وذلك ان احدهما يصير جسما له لون بحال كذا والاخر صوت حسن المسموع فاذا ارتفع منهما الجسم والصوت لم يكن الباقي منهما شيءا واحدا بعينه وقد كان يجب ان يكون كذلك لو كان الابيض الذي قيل في كليهما اسما متواطءا وقد يخفي علينا فهم الاتفاق في الاسم في الاقاويل نفسها ايضا مرارا كثيرة ولذلك ايضا ينبغي ان نبحث عن الاقاويل مثال ذلك ان قال قاءل ان الدال علي الصحة والفاعل للصحة هو الذي حاله عند الصحة حال اعتدال لم يجب ان يدفع لكن يجب ان يبحث عن قوله حال اعتدال ما هو في كل واحد منهما فنقول ان هذا هو ما كان بمقدار كذا حتي تحدث الصحة وهذا ما كان بحال كذا حتي يدل علي سجية ما وايضا ينبغي ان ننظر الا تكون متفقة في الشبه او في الاكثر بمنزلة قولنا صوت ابيض وثوب ابيض وطعم حاد وصوت حاد فان هذه ليست تقال بيضا وحادة علي مثال واحد في الشبه ولا ان احدهما اكثر من الاخر فالابيض اذا والحاد من المتفقة في الاسماء وذلك ان المتواطءة كلها متفقة اذ كانت تقال اما احدهما اكثر من الاخر واما انهما علي مثال واحد في الشبه ولان الاجناس المختلفة التي ليس بعضها تحت بعض ففصولها ايضا مختلفة بالنوع بمنزلة الحي والعلم فان فصولهما مختلفة فينبغي ان ننظر هل الاشياء التي تحت اسم واحد بعينه فصول لاجناس مختلفة ليس بعضها تحت بعض مثال ذلك ان الحاد للصوت وللحجم فان صوتا يخالف صوتا بانه حاد وكذلك حجم يخالف حجما فالحاد اذا اسم مشترك وذلك انهما فصلان لاجناس مختلفة ليس بعضها تحت بعض وايضا ينبغي ان ننظر هل فصول الاشياء التي هي بعينها تحت اسم واحد بعينه مختلفة بمنزلة اللون الذي في الاغاني فان الذي في الاجسام فصوله الذي يجمع البصر ويفرقه والذي في الاغاني ليس فصوله هذه بعينها فاللون اذا من المتفقة في الاسم لان الاشياء التي هي واحدة بعينها فصولها واحدة بعينها وايضا لان النوع ليس هو لشء من الاشياء فصلا فينبغي ان ننظر في الشيءين اللذين تحت اسم واحد هل احدهما نوع والاخر فصل مثال ذلك الابيض فان الذي في الصوت فصل وذلك ان صوتا يخالف صوتا بانه ابيض فينبغي ان يكون بحثنا عما يقال علي انحاء كثيرة في هذه الاشياء وامثالها,1,15
Περὶ μὲν οὖν τοῦ πολλαχῶς διὰ τούτων καὶ τῶν τοιούτων σκεπτέον τὰς δὲ διαφορὰς ἐν αὐτοῖς τε τοῖς γένεσι πρὸς ἄλληλα θεωρητέον οἷον τίνι διαφέρει δικαιοσύνη ἀνδρίας καὶ φρόνησις σωφροσύνης ταῦτα γὰρ ἅπαντα ἐκ τοῦ αὐτοῦ γένους ἐστίν καὶ ἐξ ἄλλου πρὸς ἄλλο τῶν μὴ πολὺ λίαν διεστηκότων οἷον τίνι αἴσθησις ἐπιστήμης ἐπὶ μὲν γὰρ τῶν πολὺ διεστηκότων κατάδηλοι παντελῶς αἱ διαφοραί,البحث عن الاختلافات ويجب ان ينظر في حال الفصول بعضها عند بعض في الاجناس انفسها مثل ان نعلم بماذا يخالف العدل الشجاعة والحلم للعفة فان جميع هذه من جنس واحد بعينه هو الفضيلة وناخذ الفصول التي من جنس واحد بعينه كالفهم والعفة والشجاعة والعدل فان كل واحد من هذه فضيلة وننظر ايضا في التي من جنس بالقياس الي التي من جنس اخر غيره من غير ان يكون بعضها من بعض متباعدا بعدا كثيرا كقولنا بماذا يخالف الحس العلم لان الفصول في الاشياء المتباعدة بعدا كثيرا بينة جدا,1,16
Τὴν δὲ ὁμοιότητα σκεπτέον ἐπί τε τῶν ἐν ἑτέροις γένεσιν ὡς ἕτερον πρὸς ἕτερόν τι οὕτως ἄλλο πρὸς ἄλλο οἷον ὡς ἐπιστήμη πρὸς ἐπιστητόν οὕτως αἴσθησις πρὸς αἰσθητόν καὶ ὡς ἕτερον ἐν ἑτέρῳ τινί οὕτως ἄλλο ἐν ἄλλῳ οἷον ὡς ὄψις ἐν ὀφθαλμῷ νοῦς ἐν ψυχῇ καὶ ὡς γαλήνη ἐν θαλάσσῃ νηνεμία ἐν ἀέρι Μάλιστα δ᾿ ἐν τοῖς πολὺ διεστῶσι γυμνάζεσθαι δεῖ ῥᾷον γὰρ ἐπὶ τῶν λοιπῶν δυνησόμεθα τὰ ὅμοια συνορᾶν Σκεπτέον δὲ καὶ τὰ ἐν τῷ αὐτῷ γένει ὄντα εἴ τι ἅπασιν ὑπάρχει ταὐτόν οἷον ἀνθρώπῳ καὶ ἵππῳ καὶ κυνί ᾗ γὰρ ὑπάρχει τι αὐτοῖς ταὐτόν ταύτῃ ὅμοιά ἐστιν,البحث عن المشابه وينبغي ان نبحث عن التشابه في الاشياء التي توجد في اجناس مختلفة ان كان حال هذا الشء عند غيره كحال اخر عند اخر مثال ذلك ان حال العلم عند المعلوم كحال الحس عند المحسوس وان كان حال شء عند غيره كحال شء اخر في اخر مثال ذلك ان حال البصر في العين كحال العقل في النفس وحال الهدوء في البحر كالركود في الهواء وذلك ان كليهما سكون وينبغي ان تكون رياضتنا في الاشياء المتباعدة جدا خاصة فان الاشياء الباقية قد يمكننا فيها ان نقف علي المتشابهة باسهل ماخذ وينبغي ان ننظر ايضا في الاشياء التي في جنس واحد هل يوجد لجميعها شء واحد بعينه بمنزلة الانسان والفرس والكلب فانه ان كان يوجد لها شء واحد بعينه فهي من جهته متشابهة,1,17
Χρήσιμον δὲ τὸ μὲν ποσαχῶς λέγεται ἐπεσκέφθαι πρός τε τὸ σαφές μᾶλλον γὰρ ἄν τις εἰδείη τί τίθησιν ἐμφανισθέντος ποσαχῶς λέγεται καὶ πρὸς τὸ γίνεσθαι κατ᾿ αὐτὸ τὸ πρᾶγμα καὶ μὴ πρὸς τοὔνομα τοὺς συλλογισμούς Ἀδήλου γὰρ ὄντος ποσαχῶς λέγεται ἐνδέχεται μὴ ἐπὶ ταὐτὸν τόν τε ἀποκρινόμενον καὶ τὸν ἐρωτῶντα φέρειν τὴν διάνοιαν ἐμφανισθέντος δὲ ποσαχῶς λέγεται καὶ ἐπὶ τί φέρων τίθησι γελοῖος ἂν φαίνοιτο ὁ ἐρωτῶν εἰ μὴ πρὸς τοῦτο τὸν λόγον ποιοῖτο Χρήσιμον δὲ καὶ πρὸς τὸ μὴ παραλογισθῆναι καὶ πρὸς τὸ παραλογίσασθαι Εἰδότες γὰρ ποσαχῶς λέγεται οὐ μὴ παραλογισθῶμεν ἀλλ᾿ εἰδήσομεν ἐὰν μὴ πρὸς ταὐτὸ τὸν λόγον ποιῆται ὁ ἐρωτῶν αὐτοί τε ἐρωτῶντες δυνησόμεθα παραλογίσασθαι ἐὰν μὴ τυγχάνῃ εἰδὼς ὁ ἀποκρινόμενος ποσαχῶς λέγεται Τοῦτο δ᾿ οὐκ ἐπὶ πάντων δυνατόν ἀλλ᾿ ὅταν ᾖ τῶν πολλαχῶς λεγομένων τὰ μὲν ἀληθῆ τὰ δὲ ψευδῆ Ἔστι δὲ οὐκ οἰκεῖος ὁ τρόπος οὗτος τῆς διαλεκτικῆς διὸ παντελῶς εὐλαβητέον τοῖς διαλεκτικοῖς τὸ τοιοῦτον τὸ πρὸς τοὔνομα διαλέγεσθαι ἐὰν μή τις ἄλλως ἐξαδυνατῇ περὶ τοῦ προκειμένου διαλέγεσθαι Τὸ δὲ τὰς διαφορὰς εὑρεῖν χρήσιμον πρός τε τοὺς συλλογισμοὺς τοὺς περὶ ταὐτοῦ καὶ ἑτέρου καὶ πρὸς τὸ γνωρίζειν τί ἕκαστόν ἐστιν Ὅτι μὲν οὖν πρὸς τοὺς συλλογισμοὺς τοὺς περὶ ταὐτοῦ καὶ ἑτέρου χρήσιμον δῆλον εὑρόντες γὰρ διαφορὰν τῶν προκειμένων ὁποιανοῦν δεδειχότες ἐσόμεθα ὅτι οὐ ταὐτόν πρὸς δὲ τὸ γνωρίζειν τί ἐστι διότι τὸν ἴδιον τῆς οὐσίας ἑκάστου λόγον ταῖς περὶ ἕκαστον οἰκείαις διαφοραῖς χωρίζειν εἰώθαμεν Ἡ δὲ τοῦ ὁμοίου θεωρία χρήσιμος πρός τε τοὺς ἐπακτικοὺς λόγους καὶ πρὸς τοὺς ἐξ ὑποθέσεως συλλογισμοὺς καὶ πρὸς τὴν ἀπόδοσιν τῶν ὁρισμῶν Πρὸς μὲν οὖν τοὺς ἐπακτικοὺς λόγους διότι τῇ καθ᾿ ἕκαστα ἐπὶ τῶν ὁμοίων ἐπαγωγῇ τὸ καθόλου ἀξιοῦμεν ἐπάγειν οὐ γὰρ ῥᾴδιόν ἐστιν ἐπάγειν μὴ εἰδότας τὰ ὅμοια Πρὸς δὲ τοὺς ἐξ ὑποθέσεως συλλογισμούς διότι ἔνδοξόν ἐστιν ὥς ποτε ἐφ᾿ ἑνὸς τῶν ὁμοίων ἔχει οὕτως καὶ ἐπὶ τῶν λοιπῶν Ὥστε πρὸς ὅ τι ἂν αὐτῶν εὐπορῶμεν διαλέγεσθαι προδιομολογησόμεθα ὥς ποτε ἐπὶ τούτων ἔχει οὕτω καὶ ἐπὶ τοῦ προκειμένου ἔχειν Δείξαντες δὲ ἐκεῖνο καὶ τὸ προκείμενον ἐξ ὑποθέσεως δεδειχότες ἐσόμεθα ὑποθέμενοι γάρ ὥς ποτε ἐπὶ τούτων ἔχει οὕτω καὶ ἐπὶ τοῦ προκειμένου ἔχειν τὴν ἀπόδειξιν πεποιήμεθα Πρὸς δὲ τὴν τῶν ὁρισμῶν ἀπόδοσιν διότι δυνάμενοι συνορᾶν τί ἐν ἑκάστῳ ταὐτόν οὐκ ἀπορήσομεν εἰς τί δεῖ γένος ὁριζομένους τὸ προκείμενον τιθέναι τῶν γὰρ κοινῶν τὸ μάλιστα ἐν τῷ τί ἐστι κατηγορούμενον γένος ἂν εἴη Ὁμοίως δὲ καὶ ἐν τοῖς πολὺ διεστῶσι χρήσιμος πρὸς τοὺς ὁρισμοὺς ἡ τοῦ ὁμοίου θεωρία οἷον ὅτι ταὐτὸν γαλήνη μὲν ἐν θαλάσσῃ νηνεμία δ᾿ ἐν ἀέρι ἑκάτερον γὰρ ἡσυχία καὶ ὅτι στιγμὴ ἐν γραμμῇ καὶ μονὰς ἐν ἀριθμῷ ἑκάστερον γὰρ ἀρχή Ὥστε τὸ κοινὸν ἐπὶ πάντων γένος ἀποδιδόντες δόξομεν οὐκ ἀλλοτρίως ὁρίζεσθαι Σχεδὸν δὲ καὶ οἱ ὁριζόμενοι οὕτως εἰώθασιν ἀποδιδόναι τήν τε γὰρ μονάδα ἀρχὴν ἀριθμοῦ φασὶν εἶναι καὶ τὴν στιγμὴν ἀρχὴν γραμμῆς Δῆλον οὖν ὅτι εἰς τὸ κοινὸν ἀμφοτέρων γένος τιθέασιν Τὰ μὲν οὖν ὄργανα δι᾿ ὧν οἱ συλλογισμοὶ ταῦτ᾿ ἐστίν οἱ δὲ τόποι πρὸς οὓς χρήσιμα τὰ λεχθέντα οἵδε εἰσίν ΤΟΠΙΚΩΝ Β,الانتفاع بالات الجدل الثلاث الاخيرة وقد ينتفع بالبحث عن الشء علي كم جهة يقال في الايضاح والبيان وذلك ان الانسان يكون احري بان يعلم ماذا يضع اذا تبين له علي كم نحو يقال وقد ينتفع به ايضا في ان تكون القياسات في المعني نفسه لا بحسب الاسم وذلك ان الشء اذا لم يعلم علي كم نحو يقال فقد يمكن الا يجتمع فيه راي الساءل والمجيب علي شء واحد بعينه فاذا تنبه علي كم نحو يقال الشء وعلي ماذا يضعه من اتي به سخر من الساءل متي لم ينح بالقول نحوه وقد ينتفع به ايضا في ان يغالط والا يغالط وذلك انا اذا علمنا علي كم نحو يقال الشء لم يقع علينا غلط لكن نعلم ان كان الساءل نحا بقوله نحو شء واحد بعينه واذا نحن سالنا امكننا ان نغالط متي اتفق ان يكون المجيب لا يعلم علي كم نحو يقال الشء وليس هذا ممكننا في الجميع لكن اذا كانت الاشياء التي تقال علي انحاء كثيرة منها ما هي صادقة ومنها ما هي كاذبة وليس هذا الفن خاصا بالجدل ولذلك ينبغي لاصحاب الجدل ان يتوقوا هذا المعني اصلا اعني ان تكون مجادلتهم في الاسم الا ان يحس الواحد بضعف من نفسه عن الجدل بغير هذه الجهة في الشء الموضوع ووجود الفصول نافع في القياسات التي تعمل في الواحد بعينه والغير وفي تعرف كل واحد من الاشياء ما هو والامر بين في انه نافع في القياسات التي تعمل في الواحد بعينه والغير وذلك انا اذا وجدنا فصلا للاشياء التي نقصد نحوها اي فصل كان نكون قد قلنا ان ليس هو واحدا بعينه فاما منفعته في تعرف كل واحد من الاشياء ما هو فلانه من عادتنا ان نفرق القول الذي يخص جوهر كل واحد بالفصول التي تخص واحدا واحدا من الاشياء فاما النظر في الشبيه فنافع في اقاويل الاستقراء وفي قياسات الوضع وفي اداء الحدود فاما في اقاويل الاستقراء فلانا انما نحكم علي الامر الكلي باستقراء الجزءيات في الاشياء وذلك انه ليس يسهل علينا ان نستقرء النظاءر ونحن لا نعلم الاشباه واما في قياسات الوضع فلان من الامر الذاءع ان الحال في ساءر الاشياء كالحال في واحد منها حتي انه اذا تهيا لنا ان نناظر في اي شء منها كان اجماعنا مع ذلك علي ان الحال في الشء الذي قصدنا له كالحال في هذه لانا اذا بينا ذلك نكون قد بينا الشء الذي قصدنا له من الوضع لانا اذا وضعنا ان الحال فيما قصدنا له كالحال في هذه نكون قد علمنا البرهان واما في اداء الحدود فلانا اذا قدرنا ان نعلم ما الواحد بعينه في واحد واحد لم يذهب علينا اذا حددنا الشء الذي قصدنا له في اي جنس ينبغي ان نضعه وذلك ان اولي الاشياء العامية بالعموم هو جنس يحمل معني ما هو وكذلك ايضا النظر في الاشباه قد ينتفع به عند التحديد في الاشياء الكبيرة التباعد كقولنا سكون الريح في البحر وركود الهواء شء واحد بعينه لان كل واحد منهما هدوء وان النقطة في الخط وحدة في العدد لان كل واحد منهما مبدا فلذلك متي وفينا الجنس العام في الجميع لم يظن بنا احد انا قد حددنا حدا غريبا ويكاد ان يكون الذين يحدون علي هذا الوجه اعتادوا ان يعرفوا الحدود لانهم يقولون ان الوحدة مبدا العدد والنقطة مبدا الخط فمن البين انهم يضعونهما في الجنس العام لكليهما فهذه هي الالات التي بها تكون القياسات فاما المواضع التي ينتفع فيها بما وصفنا فهي ما نصف تمت المقالة الاولي من كتاب طوپيقا لارسطوطالس قوبل به,1,18
Β Ἔστι δὲ τῶν προβλημάτων τὰ μὲν καθόλου τὰ δ᾿ ἐπὶ μέρους Καθόλου μὲν οὖν οἷον ὅτι πᾶσα ἡδονὴ ἀγαθὸν καὶ ὅτι οὐδεμία ἡδονὴ ἀγαθόν ἐπὶ μέρους δὲ οἷον ὅτι ἔστι τις ἡδονὴ ἀγαθὸν καὶ ὅτι ἔστι τις ἡδονὴ οὐκ ἀγαθόν Ἔστι δὲ πρὸς ἀμφότερα τὰ γένη τῶν προβλημάτων κοινὰ τὰ καθόλο κατασκευαστικὰ καὶ ἀνασκευαστικά δείξαντες γὰρ ὅτι παντὶ ὑπάρχει καὶ ὅτι τινὶ ὑπάρχει δεδειχότες ἐσόμεθα Ὁμοίως δὲ κἂν ὅτι οὐδενὶ ὑπάρχει δείξωμεν καὶ ὅτι οὐ παντὶ ὑπάρχει δεδειχότες ἐσόμεθα Πρῶτον οὖν περὶ τῶν καθόλου ἀνασκευαστικῶν ῥητέον διά τε τὸ κοινὰ εἶναι τὰ τοιαῦτα πρὸς τὰ καθόλου καὶ τὰ ἐπὶ μέρους καὶ διὰ τὸ μᾶλλον τὰς θέσεις κομίζειν ἐν τῷ ὑπάρχειν ἢ μή τοὺς δὲ διαλεγομένους ἀνασκευάζειν Ἔστι δὲ χαλεπώτατον τὸ ἀντιστρέφειν τὴν ἀπὸ τοῦ συμβεβηκότος οἰκείαν ὀνομασίαν τὸ γὰρ πῇ καὶ μὴ καθόλου ἐπὶ μόνων ἐνδέχεται τῶν συμβεβηκότων Ἀπὸ μὲν γὰρ τοῦ ὅρου καὶ τοῦ ἰδίου καὶ τοῦ γένους ἀναγκαῖον ἀντιστρέφειν οἷον εἰ ὑπάρχει τινὶ ζῴῳ πεζῷ δίποδι εἶναι ἀντιστρέψαντι ἀληθὲς ἔσται λέγειν ὅτι ζῷον πεζὸν δίπουν ἐστίν Ὁμοίως δὲ καὶ ἀπὸ τοῦ γένους εἰ γὰρ ζῴῳ ὑπάρχει τινὶ εἶναι ζῷόν ἐστιν Τὰ δ᾿ αὐτὰ καὶ ἐπὶ τοῦ ἰδίου εἰ γὰρ ὑπάρχει τινὶ γραμματικῆς δεκτικῷ εἶναι γραμματικῆς δεκτικὸν ἔσται Οὐδὲν γὰρ τούτων ἐνδέχεται κατά τι ὑπάρχειν ἢ μὴ ὑπάρχειν ἀλλ᾿ ἁπλῶς ἢ ὑπάρχειν ἢ μὴ ὑπάρχειν Ἐπὶ δὲ τῶν συμβεβηκότων οὐδὲν κωλύει κατά τι ὑπάρχειν οἷον λευκότητα ἢ δικαιοσύνην ὥστε οὐκ ἀπόχρη τὸ δεῖξαι ὅτι ὑπάρχει λευκότης ἢ δικαιοσύνη πρὸς τὸ δεῖξαι ὅτι λευκὸς ἢ δίκαιός ἐστιν ἔχει γὰρ ἀμφισβήτησιν ὅτι κατά τι λευκὸς ἢ δίκαιός ἐστιν Ὥστ᾿ οὐκ ἀναγκαῖον ἐπὶ τῶν συμβεβηκότων τὸ ἀντιστρέφειν Διορίσασθαι δὲ δεῖ καὶ τὰς ἁμαρτίας τὰς ἐν τοῖς προβλήμασιν ὅτι εἰσὶ διτταί ἢ τῷ ψεύδεσθαι ἢ τῷ παραβαίνειν τὴν κειμένην λέξιν Οἵ τε γὰρ ψευδόμενοι καὶ τὸ μὴ ὑπάρχον ὑπάρχειν τινὶ λέγοντες ἁμαρτάνουσι καὶ οἱ τοῖς ἀλλοτρίοις ὀνόμασι τὰ πράγματα προσαγορεύοντες οἷον τὴν πλάτανον ἄνθρωπον παραβαίνουσι τὴν κειμένην ὀνομασίαν,استهلال عام قال ان من المساءل ما هي كلية ومنها ما هي جزءية فالكلية مثل قولنا ان كل لذة خير وانه ولا لذة واحدة خير والجزءية مثل قولنا قد توجد لذة واحدة خير او توجد لذة واحدة ليست خيرا والتي تثبت وتبطل بالكلية مشتركة لجنسي المساءل كليهما وذلك انا اذا بينا ان الشء يوجد للكل نكون قد بينا انه موجود للبعض وكذلك اذا بينا انه ليس يوجد ولا لواحد نكون قد بينا انه ليس يوجد للبعض فينبغي اولا ان نتكلم في التي تبطل ابطالا كليا من قبل انها مشتركة للكلية والجزءية ومن قبل انها اخري بان تستعمل الاوضاع فيما يوجد او مالا يوجد ولان الجدليين انما من شانهم ان يبطلوا الاقاويل ومن اصعب الامور ان تنعكس التسمية المشاكلة الماخوذة من العرض وذلك ان الذي يكون بجهة من الجهات وليس بكل فانما يمكن ان يكون في الاعراض وحدها وذلك انه واجب ضرورة ان يكون الانعكاس من الحدود ومن الخاصة ومن الجنس مثال ذلك انه ان وجد لشء من الاشياء انه حي مشاء ذو رجلين كان الذي يعكسه فيقول انه حي مشاء ذو رجلين صادقا وكذلك ايضا من الجنس فانه ان وجد لشء من الاشياء انه حي فهو حي ومثل هذا بعينه يوجد في الخاصة ايضا وذلك انه ان وجد لشء من الاشياء انه قابل للنحو فهو قابل للنحو اذ كان ليس يمكن في شء من هذه ان يكون انما يوجد في بعض الشء لكنه يوجد علي الاطلاق او لا يوجد فاما في الاعراض فليس يمنع مانع من ان يكون في بعض الشء بمنزلة البياض والعدالة فانه ليس يكتفي في التبيين علي ان الانسان ابيض او عادل بان يتبين ان البياض او العدالة يوجدان له وذلك انه قد يقع الشك في انه ابيض او عادل في شء منه فليس الانعكاس اذا بواجب في الاعراض وينبغي ان نلخص الخطا الواقع في المساءل فنقول انه صنفان اما بان يكذب فيها واما بان يتجاوز اللفظ الموضوع فيها وذلك ان الذين يكذبون يخطءون اذا قالوا فيما ليس بموجود لشء انه موجود له وكذلك الذين يلقبون الاشياء باسماء غريبة فيسمون مثلا الدلبسة انسانا يتجاوزون التسمية الموضوعة,2,1
Εἷς μὲν δὴ τόπος τὸ ἐπιβλέπειν εἰ τὸ κατ᾿ ἄλλον τινὰ τρόπον ὑπάρχον ὡς συμβεβηκὸς ἀποδέδωκεν Ἁμαρτάνεται δὲ μάλιστα τοῦτο περὶ τὰ γένη οἷον εἴ τις τῷ λευκῷ φαίη συμβεβηκέναι χρώματι εἶναι οὐ γὰρ συμβέβηκε τῷ λευκῷ χρώματι εἶναι ἀλλὰ γένος αὐτοῦ τὸ χρῶμά ἐστιν ἐνδέχεται μὲν οὖν καὶ κατὰ τὴν ὀνομασίαν διορίσαι τὸν τιθέμενον οἷον ὅτι συμβέβηκε τῇ δικαιοσύνῃ ἀρετῇ εἶναι πολλάκις δὲ καὶ μὴ διορίσαντι κατάδηλον ὅτι τὸ γένος ὡς συμβεβηκὸς ἀποδέδωκεν οἷον εἴ τις τὴν λευκότητα κεχρῶσθαι φήσειεν ἢ τὴν βάδισιν κινεῖσθαι Ἀπ᾿ οὐδενὸς γὰρ γένους παρωνύμως ἡ κατηγορία κατὰ τοῦ εἴδους λέγεται ἀλλὰ πάντα συνωνύμως τὰ γένη τῶν εἰδῶν κατηγορεῖται καὶ γὰρ τοὔνομα καὶ τὸν λόγον ἐπιδέχεται τῶν γενῶν τὰ εἴδη Ὁ οὖν κεχρωσμένον εἴπας τὸ λευκὸν οὔτε ὡς γένος ἀποδέδωκεν ἐπειδὴ παρωνύμως εἴρηκεν οὔθ᾿ ὡς ἴδιον ἢ ὡς ὁρισμόν ὁ γὰρ ὁρισμὸς καὶ τὸ ἴδιον οὐδενὶ ἄλλῳ ὑπάρχει κέχρωσται δὲ πολλὰ καὶ τῶν ἄλλων οἷον ξύλον λίθος ἄνθρωπος ἵππος Δῆλον οὖν ὅτι ὡς συμβεβηκὸς ἀποδίδωσιν Ἄλλος τὸ ἐπιβλέπειν οἷς ὑπάρχειν ἢ πᾶσιν ἢ μηδενὶ εἴρηται Σκοπεῖν δὲ κατ᾿ εἴδη καὶ μὴ ἐν τοῖς ἀπείροις ὁδῷ γὰρ μᾶλλον καὶ ἐν ἐλάττοσιν ἡ σκέψις Δεῖ δὲ σκοπεῖν καὶ ἄρχεσθαι ἀπὸ τῶν πρώτων εἶτ᾿ ἐφεξῆς ἕως τῶν ἀτόμων οἷον εἰ τῶν ἀντικειμένων τὴν αὐτὴν ἐπιστήμην ἔφησεν εἶναι σκεπτέον εἰ τῶν πρός τι καὶ τῶν ἐναντίων καὶ τῶν κατὰ στέρησιν καὶ ἕξιν καὶ τῶν κατ᾿ ἀντίφασιν λεγομένων ἡ αὐτὴ ἐπιστήμη κἂν ἐπὶ τοῦτων μήπω φανερὸν ᾖ πάλιν ταῦτα διαιρετέον μέχρι τῶν ἀτόμων οἷον εἰ τῶν δικαίων καὶ ἀδίκων ἢ τοῦ διπλασίου καὶ ἡμίσεος ἢ τυφλότητος καὶ ὄψεως ἢ τοῦ εἶναι καὶ μὴ εἶναι Ἐὰν γὰρ ἐπί τινος δειχθῇ ὅτι οὐχ ἡ αὐτή ἀνῃρηκότες ἐσόμεθα τὸ πρόβλημα ὁμοίως δὲ καὶ ἐὰν μηδενὶ ὑπάρχῃ Οὗτος δ᾿ ὁ τόπος ἀντιστρέφει πρὸς τὸ ἀνασκευάζειν καὶ κατασκευάζειν Ἐὰν γὰρ ἐπὶ πάντων φαίνηται διαίρεσιν προενέγκασιν ἢ ἐπὶ πολλῶν ἀξιωτέον καὶ καθόλου τιθέναι ἢ ἔνστασιν φέρειν ἐπὶ τίνος οὐχ οὕτως ἐὰν γὰρ μηδέτερον τούτων ποιῇ ἄτοπος φανεῖται μὴ τιθείς Ἄλλος τὸ λόγους ποιεῖν τοῦ τε συμβεβηκότος καὶ ᾧ συμβέβηκεν ἢ ἀμφοτέρων καθ᾿ ἑκάτερον ἢ τοῦ ἑτέρου εἶτα σκοπεῖν εἴ τι μὴ ἀληθὲς ἐν τοῖς λόγοις ὡς ἀληθὲς εἴληπται Οἷον εἰ ἔστι θεὸν ἀδικεῖν τί τὸ ἀδικεῖν εἰ γὰρ τὸ βλάπτειν ἑκουσίως δῆλον ὡς οὐκ ἔστι θεὸν ἀδικεῖσθαι οὐ γὰρ ἐνδέχεται βλάπτεσθαι τὸν θεόν Καὶ εἰ φθονερὸς ὁ σπουδαῖος τίς ὁ φθονερὸς καὶ τίς ὁ φθόνος εἰ γὰρ ὁ φθόνος ἐστὶ λύπη ἐπὶ φαινομένῃ εὐπραγίᾳ τῶν ἐπιεικῶν τινός δῆλον ὅτι ὁ σπουδαῖος οὐ φθονερός φαῦλος γὰρ ἂν εἴη Καὶ εἰ ὁ νεμεσητικὸς φθονερός τίς ἑκάτερος αὐτῶν οὕτω γὰρ καταφανὲς ἔσται πότερον ἀληθὲς ἢ ψεῦδος τὸ ῥηθέν οἷον εἰ φθονερὸς μὲν ὁ λυπούμενος ἐπὶ ταῖς τῶν ἀγαθῶν εὐπραγίαις νεμεσητικὸς δ᾿ ὁ λυπούμενος ἐπὶ ταῖς τῶν κακῶν εὐπραγίαις δῆλον ὅτι οὐκ ἂν εἴη φθονερὸς ὁ νεμεσητικός Λαμβάνειν δὲ καὶ ἀντὶ τῶν ἐν τοῖς λόγοις ὀνομάτων λόγους καὶ μὴ ἀφίστασθαι ἕως ἂν εἰς γνώριμον ἔλθῃ πολλάκις γὰρ ὅλου μὲν τοῦ λόγου ἀποδοθέντος οὔπω δῆλον τὸ ζητούμενον ἀντὶ δέ τινος τῶν ἐν τῷ λόγῳ ὀνομάτων λόγου ῥηθέντος κατάδηλον γίνεται Ἔτι τὸ πρόβλημα πρότασιν ἑαυτῷ ποιούμενον ἐνίστασθαι ἡ γὰρ ἔνστασις ἔσται ἐπιχείρημα πρὸς τὴν θέσιν Ἔστι δ᾿ ὁ τόπος οὗτος σχεδὸν ὁ αὐτὸς τῷ ἐπιβλέπειν οἷς ὑπάρχειν ἢ πᾶσιν ἢ μηδενὶ εἴρηται διαφέρει δὲ τῷ τρόπῳ Ἔτι διορίζεσθαι ποῖα δεῖ καλεῖν ὡς οἱ πολλοὶ καὶ ποῖα οὔ Χρήσιμον γὰρ καὶ πρὸς τὸ κατασκευάζειν καὶ πρὸς τὸ ἀνασκευάζειν οἷον ὅτι ταῖς μὲν ὀνομασίαις τὸ πράγματα προσαγορευτέον καθάπερ οἱ πολλοί ποῖα δὲ τῶν πραγμάτων ἐστὶ τοιαῦτα ἢ οὐ τοιαῦτα οὐκέτι προσεκτέον τοῖς πολλοῖς Οἷον ὑγιεινὸν μὲν ῥητέον τὸ ποιητικὸν ὑγιείας ὡς οἱ πολλοὶ λέγουσιν πότερον δὲ τὸ προκείμενον ποιητικὸν ὑγιείας ἢ οὔ οὐκέτι ὡς οἱ πολλοὶ κλητέον ἀλλ᾿ ὡς ὁ ἰατρός,مواضع فاحد المواضع انه ينبغي ان ننظر ان كان الموجود بحال من الاحوال اخري غير العرض يوصف علي انه عرض وهذا الخطا يقع خاصة في الاجناس بمنزلة ما لو قال قاءل انه عرض للابيض ان يكون لونا وذلك انه لم يعرض له ان يكون لونا لكن اللون جنسه فقد يمكن الواضع ان يلخص في التسمية ايضا بمنزلة ما يقول انه عرض للعدالة ان تكون فضيلة وقد يتبين للانسان مرارا كثيرة وان لم يلخص ذلك انه قد وصف الجنس علي انه عرض بمنزلة ما لو قال قاءل ان البياض تلون وان المشي تحرك وذلك انه لا يقال ان حمل جنس من الاجناس علي النوع يكون علي طريق الاشتقاق لكن جميع الاجناس انما يحمل علي الانواع علي طريق التواطء لان الانواع تقبل اسم الاجناس وقولها وذلك انه من قال ان الابيض متلون لم يصفه علي انه جنس لانه انما وصفه علي طريق الاشتقاق ولا وصفه علي انه خاصة ولا علي انه حد وذلك ان الخاصة والحد لا يوجدان لشء اخر غير ما هما له وقد توجد اشياء اخر كثيرة متلونة مثل خشبة وحجر وانسان وفرس فمن البين انه قد وصفه علي انه عرض وموضع اخر انه قد ينبغي ان ننظر في الامور التي قيل ان الشء لها يوجد اما لكلها واما لواحد منها وينبغي ان يكون نظرنا في الانواع لا في التي هي بلا نهاية وذلك ان الاولي بالبحث ان يكون في طريق من الطرق وفي الاقل من الامور وينبغي ان نبحث ونجعل ابتداءنا من الاواءل ثم نجري علي ذلك النسق حتي نصير الي الاشخاص مثال ذلك انه ان كان القاءل قال ان العلم بالمتقابلات واحد بعينه فينبغي ان ننظر هل العلم بالاشياء المضافة والاشياء المتضادة والاشياء المتقابلة علي جهة العدم والملكة والمتقابلة علي جهة الايجاب والسلب واحد بعينه فان لم يكن الامر ظاهرا في واحد من هذه بعد فينبغي ايضا ان نقسم كل واحد من هذه الي ان نصير الي الاشخاص مثال ذلك ان ننظر هل العلم بالعدل والجور او العلم بالضعف والنصف او العلم بالعمي والبصر او العلم بان الشء موجود او ليس هو موجودا واحدا بعينه وذلك انه ان تبين في شء من هذه انه ليس واحدا بعينه نكون قد ابطلنا المسالة وكذلك ان تبين انه لا يوجد لشء منها وهذا الموضع ينعكس علي الاثبات والابطال وذلك انه ان ظهر لمن يقسم انه علي الجميع او علي كثيرين فله ان يحكم بوضعه كليا او يعاند في واحد فنقول انه ليس كذلك فانه ان لم يفعل واحدا من هذين سخر منه اذ لم يضع شيءا وموضع اخر وهو ان يعمل حدي العرض والشء الذي يعرض فيه العرض جميعا او حد احدهما ثم ينظر ان كان قد اخذ في الاقاويل شء ليس يحق علي انه حق مثال ذلك ان ينظر ان كان يمكن احدا ان يظلم الله فما الظلم وذلك انه ان كان انما هو الاضرار طوعا فمن البين ان الله ليس يظلم اذ ليس يمكن ان يناله ضرر وان كان الفاضل حسودا فما الحسود وما الحسد وذلك ان الحسد ان كان التاذي بما يظهر من حسن حال خير من الاخيار فمن البين ان الفاضل ليس بحسود لانه لو كان كذلك لكان رديءا فان كان المنافس حسودا فما كل واحد منهما وذلك انه بهذا الوجه يتبين هل ما قيل حق ام باطل مثال ذلك انه ان كان الحسود هو المتاذي بحسن حال الاخيار والمنافس هو المتاذي بحسن حال الاشرار فمن البين ان المنافس ليس حسودا وينبغي ان ناخذ اقاويل بدل الاسماء التي في الاقاويل ولا نفارقها الي ان نصير الي الشء المعروف وذلك انه مرارا كثيرة قد يوفي القول باسره فلا يكون المطلوب بينا واذا قيل قول مكان اسم من الاسماء التي في القول صار المطلوب بينا وايضا يصير الانسان المسالة لنفسه مقدمة ثم يقاومها لان المقاومة تصير له حجة بحذاء الوضع ويكاد ان يكون هذا الموضع والموضع الذي يقال فيه انه ينبغي ان ننظر في الامور التي قيل فيها ان الشء يوجد اما لكلها واما ولا لواحد منها واحدا بعينه الا انه يخالفه في الجهة وايضا ينبغي ان نلخص اي الاشياء يجب ان نسميها كما يسميها الجمهور وايها لا وهذا نافع في الاثبات والابطال مثال ذلك انه ينبغي ان تلقب الاعيان بالتسمية كما يلقبها الجمهور فاما عند تحصيلنا ايما من الاعيان هو بحال كذا وايما ليس هو بحال كذا فلا ينبغي ان نصغي الي قول الجمهور فيه مثال ذلك انه ينبغي ان نقول في المصح انه الفاعل للصحة كما يقول الجمهور فاما عند تحصيلنا الموضوع هل هو فاعل للصحة ام لا فليس ينبغي ان نسميه كما يسميه الجمهور لكن كما يسميه الطبيب,2,2
Ἔτι ἐὰν πολλαχῶς λέγηται κείμενον δὲ ᾖ ὡς ὑπάρχει ἢ ὡς οὐχ ὑπάρχει θάτερον δεικνύναι τῶν πλεοναχῶς λεγομένων ἐὰν μὴ ἄμφω ἐνδέχηται Χρηστέον δ᾿ ἐπὶ τῶν λανθανόντων ἐὰν γὰρ μὴ λανθάνῃ πολλαχῶς λεγόμενον ἐνστήσεται ὅτι οὐ διείλεκται ὅπερ αὐτὸς ἠπόρει ἀλλὰ θάτερον Οὗτος δ᾿ ὁ τόπος ἀντιστρέφει καὶ πρὸς τὸ κατασκευάσαι καὶ ἀνασκευάσαι Κατασκευάζειν μὲν γὰρ βουλόμενοι δείξομεν ὅτι θάτερον ὑπάρχει ἐὰν μὴ ἄμφω δυνώμεθα ἀνασκευάζοντες δὲ ὅτι οὐχ ὑπάρχει θάτερον δείξομεν ἐὰν μὴ ἄμφω δυνώμεθα Πλὴν ἀνασκευάζοντι μὲν οὐδὲν δεῖ ἐξ ὁμολογίας διαλέγεσθαι οὔτ᾿ εἰ παντὶ οὔτ᾿ εἰ μηδενὶ ὑπάρχειν εἴρηται ἐὰν γὰρ δείξωμεν ὅτι οὐχ ὑπάρχει ὁτῳοῦν ἀνῃρηκότες ἐσόμεθα τὸ παντὶ ὑπάρχειν ὁμοίως δὲ κἂν ἑνὶ δείξωμεν ὑπάρχον ἀναιρήσομεν τὸ μηδενὶ ὑπάρχειν Κατασκευάζουσι δὲ προδιομολογητέον ὅτι εἰ ὁτῳοῦν ὑπάρχει παντὶ ὑπάρχει ἂν πιθανὸν ᾖ τὸ ἀξίωμα Οὐ γὰρ ἀπόχρη πρὸς τὸ δεῖξαι ὅτι παντὶ ὑπάρχει τὸ ἐφ᾿ ἑνὸς διαλεχθῆναι οἷον εἰ ἡ τοῦ ἀνθρώπου ψυχὴ ἀθάνατος διότι ψυχὴ πᾶσα ἀθάνατος ὥστε προομολογητέον ὅτι εἰ ἡτισοῦν ψυχὴ ἀθάνατος πᾶσα ἀθάνατος Τοῦτο δ᾿ οὐκ ἀεὶ ποιητέον ἀλλ᾿ ὅταν μὴ εὐπορῶμεν κοινὸν ἐπὶ πάντων ἕνα λόγον εἰπεῖν καθάπερ ὁ γεωμέτρης ὅτι τὸ τρίγωνον δυσὶν ὀρθαῖς ἴσας ἔχει Ἐὰν δὲ μὴ λανθάνῃ πολλαχῶς λεγόμενον διελόμενον ὁσαχῶς λέγεται καὶ ἀναιρεῖν καὶ κατασκευάζειν Οἷον εἰ τὸ δέον ἐστὶ τὸ συμφέρον ἢ τὸ καλόν πειρατέον ἄμφω κατασκευάζειν ἢ ἀναιρεῖν περὶ τοῦ προκειμένου οἷον ὅτι καλὸν καὶ συμφέρον ἢ ὅτι οὔτε καλὸν οὔτε συμφέρον Ἐὰν δὲ μὴ ἐνδέχηται ἀμφότερα θάτερον δεικτέον ἐπισημαινόμενον ὅτι τὸ μὲν τὸ δ᾿ οὔ Ὁ δ᾿ αὐτὸς λόγος κἂν πλείω ᾖ εἰς ἃ διαιρεῖται Πάλιν ὅσα μὴ καθ᾿ ὁμωνυμίαν λέγεται πολλαχῶς ἀλλὰ κατ᾿ ἄλλον τρόπον οἷον ἐπιστήμη μία πλειόνων ἢ ὡς τοῦ τέλους καὶ τοῦ πρὸς τὸ τέλος οἷον ἰατρικὴ τοῦ ὑγίειαν ποιῆσαι καὶ τοῦ διαιτῆσαι ἢ ὡς ἀμφοτέρων τελῶν καθάπερ τῶν ἐναντίων ἡ αὐτὴ λέγεται ἐπιστήμη οὐδὲν γὰρ μᾶλλον τέλος τὸ ἕτερον τοῦ ἑτέρου ἢ ὡς τοῦ καθ᾿ αὑτὸ καὶ τοῦ κατὰ συμβεβηκός οἷον καθ᾿ αὑτὸ μὲν ὅτι τὸ τρίγωνον δυσὶν ὀρθαῖς ἴσας ἔχει κατὰ συμβεβηκὸς δὲ ὅτι τὸ ἰσόπλευρον ὅτι γὰρ συμβέβηκε τῷ τριγώνῳ ἰσοπλεύρῳ τριγώνῳ εἶναι κατὰ τοῦτο γνωρίζομεν ὅτι δυσὶν ὀρθαῖς ἴσας ἔχει Εἰ οὖν μηδαμῶς ἐνδέχεται τὴν αὐτὴν εἶναι πλειόνων ἐπιστήμην δῆλον ὅτι ὅλως οὐκ ἐνδέχεται εἶναι ἢ εἴ πως ἐνδέχεται δῆλον ὅτι ἐνδέχεται Διαιρεῖσθαι δὲ ὁσαχῶς χρήσιμον Οἷον ἐὰν βουλώμεθα κατασκευάσαι τὰ τοιαῦτα προοιστέον ὅσα ἐνδέχεται καὶ διαιρετέον εἰς ταῦτα μόνον ὅσα καὶ χρήσιμα πρὸς τὸ κατασκευάσαι ἂν δ᾿ ἀνασκευάσαι ὅσα μὴ ἐνδέχεται τὰ δὲ λοιπὰ παραλειπτέον Ποιητέον δὲ καὶ ἐπὶ τούτων ὅταν λανθάνῃ ποσαχῶς λέγεται Καὶ εἶναι δὲ τόδε τοῦδε ἢ μὴ εἶναι ἐκ τῶν αὐτῶν τόπων κατασκευαστέον οἷον ἐπιστήμην τήνδε τοῦδε ἢ ὡς τέλους ἢ ὡς τῶν πρὸς τὸ τέλος ἢ ὡς τῶν κατὰ συμβεβηκός ἢ πάλιν μὴ εἶναί τι κατὰ μηδένα τῶν ῥηθέντων τρόπων Ὁ δ᾿ αὐτὸς λόγος καὶ περὶ ἐπιθυμίας καὶ ὅσα ἄλλα λέγεται πλειόνων Ἔστι γὰρ ἡ ἐπιθυμία τούτου ἢ ὡς τέλους οἷον ὑγιείας ἢ ὡς τῶν πρὸς τὸ τέλος οἷον τοῦ φαρμακευθῆναι ἢ ὡς τοῦ κατὰ συμβεβηκός καθάπερ ἐπὶ τοῦ οἴνου ὁ φιλόγλυκυς οὐχ ὅτι οἶνος ἀλλ᾿ ὅτι γλυκύς ἐστιν Καθ᾿ αὑτὸ μὲν γὰρ τοῦ γλυκέος ἐπιθυμεῖ τοῦ δ᾿ οἴνου κατὰ συμβεβηκός ἐὰν γὰρ αὐστηρὸς ᾖ οὐκέτι ἐπιθυμεῖ Κατὰ συμβεβηκὸς οὖν ἐπιθυμεῖ Χρήσιμος δ᾿ ὁ τόπος οὗτος ἐν τοῖς πρός τι σχεδὸν γὰρ τὰ τοιαῦτα τῶν πρός τί ἐστιν,مواضع اخري وايضا ان كان الشء يقال علي انحاء كثيرة وكان موضوعا اما علي انه موجود واما علي انه غير موجود فينبغي ان نتبين ذلك في احد ما يقال علي تلك الانحاء الكثيرة ان لم يكن ان يقال ذلك في جميعها وينبغي ان نستعمله فيما يذهب علي المخاطب وذلك انه ان لم يذهب عليه انه يقال علي انحاء كثيرة قاوم الذي يتشكك عليه واراه انه لم يرد ما شك فيه وانما اراد الاخر وهذا الموضع ينعكس علي اثبات الشء وعلي فسخه وذلك انه اذا اردنا ان نثبت بينا ان احدهما موجود متي لم نقدر ان نبينها جميعا واذا اردنا ان نفسخ بينا ان احدهما غير موجود ان لم يمكنا ان نبين ذلك في جميعها غير ان الذي يفسخ ليس يحتاج ان يقر بشء لا ان كان قيل فيه انه موجود لجميع الشء ولا انه موجود ولا لشء منه وذلك انا اذا بينا في شء منه اي شء كان انه لا يوجد كنا قد ابطلنا انه يوجد لجميعه وكذلك ان بينا انه يوجد لشء منه ابطلنا انه لا يوجد ولا لشء منه فاما المثبت فينبغي له ان يتقدم فيعترف بانه ان وجد لشء ما منه اي شء كان فهو يوجد للجميع متي كانت المقدمة مقنعة وذلك انه ليس يكفي في البيان علي انه يوجد للجميع القول بانه يوجد لواحد بمنزلة ما نقول ان كانت نفس الانسان غير ماءتة فكل نفس غير ماءتة فينبغي ان نتقدم فنقر بانه ان كانت اي نفس وجدت غير ماءتة فكل نفس غير ماءتة وليس ينبغي ان نفعل هذا في كل وقت بل انما ينبغي ان نفعله اذا لم نجد قولا واحدا عاما بقوله علي الجميع كما يقول المهندس ان ثلاث زوايا المثلث مساويات لقاءمتين فان لم يذهب عليك ان الشء علي انحاء كثيرة ففصله وانظر علي كم نحو يقال ثم حينءذ تثبت وتبطل مثال ذلك ان الواجب ان كان هو النافع والجميل فينبغي ان نلتمس في الموضوع اما نثبيت الامرين جميعا او ابطالهما اعني انه جميل ونافع او انه لا جميل ولا نافع وان لم يمكن ان تبين كليهما فينبغي ان تبين احدهما بعد ان تدل علي ان هذا هو الموجود منهما وهذا غير الموجود والقياس يكون واحدا بعينه اذ كانت الاشياء التي ينقسم اليها اكثر من اثنين وايضا ينبغي ان نميز كل ما لم يكن يقال علي انحاء كثيرة باتفاق الاسم لكن بجهة اخري بمنزلة علم واحد باشياء كثيرة اما كالغاية واما كالاشياء المءدية الي الغاية مثل صناعة الطب فانها علم برد الصحة وبالتدبير اما علي ان كليهما غايتان كما يقال ان العلم بالمتضادات واحد بعينه فان احد المتضادين ليس بان يكون غاية اولي من الاخر واما علي انهما بالذات او بالعرض اما بالذات فمثل قولنا ان ثلاث زوايا المثلث مساوية لقاءمتين واما بالعرض فمثل قولنا انه متساوي الاضلاع وذلك ان الذي به عرض للمتساوي الاضلاع ان يكون مثلثا به يعلم ان زواياه الثلاث مساويات لقاءمتين فان كان ليس يمكن بوجه من الوجوه ان يكون علم واحد باشياء كثيرة فمن البين انه ليس يمكن اصلا وان كان يمكن بوجه من الوجوه فمن البين انه يمكن ونحتاج ان نقسمهما فنعلم علي كم نحو يقال مثال ذلك انا اذا اردنا ان نثبت امثال هذه الاشياء تقدمنا فوضعنا كل ما كان منها يمكن فقسمنا الي هذه فقط جميع ما كان منها نافعا في التثبيت وان اردنا ان نبطل وضعنا كل ما لا يمكن والباقي ينبغي ان نتركه ويجب ان نفعل مثل ذلك ايضا في هذه اذا ذهب عنا علي كم نحو يقال وينبغي ان نثبت ان كذا موجود لكذا او غير موجود من هذه المواضع بعينها مثال ذلك ان علم كذا بكذا يوجد له اما علي انه من الاشياء التي تءدي الي غاية او علي انه مما يقال بالعرض او انه ايضا لا يوجد ولا علي حال من هذه الاحوال المذكورة والقول يكون واحدا بعينه ايضا في الشهوة وساءر الاشياء الاخر التي تقال علي انحاء كثيرة وذلك ان الشهوة لهذا الشء اما ان تكون علي انه غاية مثل الصحة او علي انه من الاشياء التي تءدي الي الغاية مثل المداواة او علي انه بالعرض مثل حال من يحب الحلاوة عند الشراب وذلك انه يشتهيه من طريق ما هو حلو لا من طريق ما هو شراب اذ كان يشتهي الحلو بذاته ويشتهي الشراب بالعرض وذلك ان الشراب لو كان عفصا لم يشتهه فشهوته اذا للشرب انما هو بالعرض وهذا الموضع نافع في الاشياء الداخلة في باب المضاف,2,3
Ἔτι τὸ μεταλαμβάνειν εἰς τὸ γνωριμώτερον ὄνομα οἷον ἀντὶ τοῦ ἀκριβοῦς ἐν ὑπολήψει τὸ σαφὲς καὶ ἀντὶ τῆς πολυπραγμοσύνης τὴν φιλοπραγμοσύνην γνωριμωτέρου γὰρ γινομένου τοῦ ῥηθέντος εὐεπιχειρητοτέρα ἡ θέσις Ἔστι δὲ καὶ οὗτος ὁ τόπος πρὸς ἄμφω κοινός καὶ πρὸς τὸ κατασκευάζειν καὶ ἀνασκευάζειν Πρὸς δὲ τὸ δεῖξαι τἀναντία τῷ αὐτῷ ὑπάρχοντα σκοπεῖν ἐπὶ τοῦ γένους οἷον ἐὰν βουλώμεθα δεῖξαι ὅτι ἔστι περὶ αἴσθησιν ὀρθότης καὶ ἁμαρτία τὸ δ᾿ αἰσθάνεσθαι κρίνειν ἐστί κρίνειν δ᾿ ἔστιν ὀρθῶς καὶ μὴ ὀρθῶς καὶ περὶ αἴσθησιν ἂν εἴη ὀρθότης καὶ ἁμαρτία Νῦν μὲν οὖν ἐκ τοῦ γένους περὶ τὸ εἶδος ἡ ἀπόδειξις τὸ γὰρ κρίνειν γένος τοῦ αἰσθάνεσθαι ὁ γὰρ αἰσθανόμενος κρίνει πως Πάλιν δ᾿ ἐκ τοῦ εἴδους τῷ γένει ὅσα γὰρ τῷ εἴδει ὑπάρχει καὶ τῷ γένει οἷον εἰ ἔστιν ἐπιστήμη φαύλη καὶ σπουδαία καὶ διάθεσις φαύλη καὶ σπουδαία ἡ γὰρ διάθεσις τῆς ἐπιστήμης γένος Ὁ μὲν οὖν πρότερος τόπος ψευδής ἐστι πρὸς τὸ κατασκευάσαι ὁ δὲ δεύτερος ἀληθής Οὐ γὰρ ἀναγκαῖον ὅσα τῷ γένει ὑπάρχει καὶ τῷ εἴδει ὑπάρχειν ζῷον μὲν γάρ ἐστι πτηνὸν καὶ τετράπουν ἄνθρωπος δ᾿ οὔ Ὅσα δὲ τῷ εἴδει ὑπάρχει ἀναγκαῖον καὶ τῷ γένει εἰ γάρ ἐστιν ἄνθρωπος σπουδαῖος καὶ ζῷόν ἐστι σπουδαῖον Πρὸς δὲ τὸ ἀνασκευάζειν ὁ μὲν πρότερος ἀληθής ὁ δὲ ὕστερος ψευδής ὅσα γὰρ τῷ γένει οὐχ ὑπάρχει οὐδὲ τῷ εἴδει ὅσα δὲ τῷ εἴδει μὴ ὑπάρχει οὐκ ἀναγκαῖον τῷ γένει μὴ ὑπάρχειν Ἐπεὶ δ᾿ ἀναγκαῖον ὧν τὸ γένος κατηγορεῖται καὶ τῶν εἰδῶν τι κατηγορεῖσθαι καὶ ὅσα ἔχει τὸ γένος ἢ παρωνύμως ἀπὸ τοῦ γένους λέγεται καὶ τῶν εἰδῶν τι ἀναγκαῖον ἔχειν ἢ παρωνύμως ἀπό τινος τῶν εἰδῶν λέγεσθαι οἷον εἴ τινος ἐπιστήμη κατηγορεῖται καὶ γραμματικὴ ἢ μουσικὴ ἢ τῶν ἄλλων τις ἐπιστημῶν κατηγορηθήσεται καὶ εἴ τις ἔχει ἐπιστήμην ἢ παρωνύμως ἀπὸ τῆς ἐπιστήμης λέγεται καὶ γραμματικὴν ἕξει ἢ μουσικὴν ἤ τινα τῶν ἄλλων ἐπιστημῶν ἢ παρωνύμως ἀπό τινος αὐτῶν ῥηθήσεται οἷον γραμματικὸς ἢ μουσικός Ἐὰν οὖν τι τεθῇ λεγόμενον ἀπὸ τοῦ γένους ὁπωσοῦν οἷον τὴν ψυχὴν κινεῖσθαι σκοπεῖν εἰ κατά τι τῶν εἰδῶν τῶν τῆς κινήσεως ἐνδέχεται τὴν ψυχὴν κινεῖσθαι οἷον αὔξεσθαι ἢ φθείρεσθαι ἢ γίνεσθαι ἢ ὅσα ἄλλα κινήσεως εἴδη Εἰ γὰρ κατὰ μηδέν δῆλον ὅτι οὐ κινεῖται Οὗτος δ᾿ ὁ τόπος κοινὸς πρὸς ἄμφω πρός τε τὸ ἀνασκευάζειν καὶ κατασκευάζειν εἰ γὰρ κατά τι τῶν εἰδῶν κινεῖται δῆλον ὅτι κινεῖται καὶ εἰ κατὰ μηδὲν τῶν εἰδῶν κινεῖται δῆλον ὅτι οὐ κινεῖται Μὴ εὐποροῦντι δὲ ἐπιχειρήματος πρὸς τὴν θέσιν σκοπεῖν ἐκ τῶν ὁρισμῶν ἢ τῶν ὄντων τοῦ προκειμένου πράγματος ἢ τῶν δοκούντων καὶ μὴ ἀφ᾿ ἑνὸς ἀλλ᾿ ἀπὸ πλειόνων Ῥᾷον γὰρ ὁρισαμένοις ἐπιχειρεῖν ἔσται πρὸς γὰρ τοὺς ὁρισμοὺς ῥᾷον ἡ ἐπιχείρησις Σκοπεῖν δὲ ἐπὶ τοῦ προκειμένου τίνος ὄντος τὸ προκείμενόν ἐστιν ἢ τί ἐστιν ἐξ ἀνάγκης εἰ τὸ προκείμενόν ἐστι κατασκευάζειν μὲν βουλομένῳ τίνος ὄντος τὸ προκείμενον ἔσται ἐὰν γὰρ ἐκεῖνο δειχθῇ ὑπάρχον καὶ τὸ προκείμενον δεδειγμένον ἔσται ἀνασκευάζειν δὲ βουλομένῳ τί ἐστιν εἰ τὸ προκείμενόν ἐστιν ἐὰν γὰρ δείξωμεν τὸ ἀκόλουθον τῷ προκειμένῳ μὴ ὄν ἀνῃρηκότες ἐσόμεθα τὸ προκείμενον Ἔτι ἐπὶ τὸν χρόνον ἐπιβλέπειν εἴ που διαφωνεῖ οἷον εἰ τὸ τρεφόμενον ἔφησεν ἐξ ἀνάγκης αὔξεσθαι τρέφεται μὲν γὰρ ἀεὶ τὰ ζῷα αὔξεται δ᾿ οὐκ ἀεί Ὁμοίως δὲ καὶ εἰ τὸ ἐπίστασθαι ἔφησε μεμνῆσθαι τὸ μὲν γὰρ τοῦ παρεληλυθότος χρόνου ἐστί τὸ δὲ καὶ τοῦ παρόντος καὶ τοῦ μέλλοντος Ἐπίστασθαι μὲν γὰρ λεγόμεθα τὰ παρόντα καὶ τὰ μέλλοντα οἷον ὅτι ἔσται ἔκλειψις μνημονεύειν δ᾿ οὐκ ἐνδέχεται ἀλλ᾿ ἢ τὸ παρεληλυθός,مواضع اخري والنقل ايضا الي الاسم الذي هو اعرف مثال ذلك ان نجعل مكان قولنا في الظن البين ومكان قولنا كثرة البحث محبة البحث وذلك ان الاسم اذا قيل قولا اعرف صار الموضع اسهل مراما وهذا الموضع ايضا عام في الامرين جميعا في الاثبات والابطال وعند تثبيتنا ان المتضادات موجودة لشء واحد بعينه ينبغي ان نبحث عن ذلك في الجنس مثال ذلك ان اردنا ان نبين انه قد يوجد في الحس صواب وخطا قلنا الاحساس هو تمييز والتمييز يكون بصواب وبغير صواب ففي الحس يوجد صواب وخطا فالبرهان اذا الان علي النوع من الجنس وذلك ان التمييز جنس للاحساس وذلك ان الحس يميز بجهة من الجهات وقد يكون ايضا البرهان علي الجنس من النوع وذلك ان كل ما يوجد للنوع قد يوجد ايضا للجنس مثال ذلك انه ان كان علم يوجد خسيسا وفاضلا فقد يوجد حال كذلك لان الحال جنس للعلم فالموضع الاول يكذب في التثبيت والثاني يصدق وذلك انه ليس يلزم ضرورة ان يكون كل ما يوجد للجنس يوجد ايضا للنوع فان الحيوان يوجد طاءرا وذا اربع وليس الانسان كذلك وكل ما يوجد للنوع فواجب ضرورة ان يوجد للجنس ايضا وذلك انه ان كان الانسان فاضلا فقد يوجد حيوان فاضلا فاما في الابطال فالمكان الاول صادق والثاتي كاذب وذلك ان كل ما لا يوجد للجنس فليس يوجد ايضا للنوع وكل ما كان لا يوجد للنوع فليس يجب ضرورة الا يوجد للجنس لانه من الضرورة ان ما يحمل عليه الجنس فقد يحمل عليه شء من الانواع وكل ما كان له جنس او كان يقال من الجنس عن طريق اشتقاق الاسم فواجب ضرورة ان يكون له شء من الانواع او ان يقال باشتقاق الاسم من شء من الانواع مثال ذلك انه ان حمل العلم علي انسان من الناس فقد يحمل علي ذلك الانسان ايضا النحو او الموسيقي او علم من العلوم الاخر وان وجد انسان علما او ان كان اسمه مشتقا من العلم فله اما نحو واما موسيقي واما واحد من العلوم الاخر او اسمه مشتق من واحد منها كقولنا نحوي او موسيقار فان وضع شء يقال كيفما قيل من الجنس بمنزلة قولنا ان النفس تتحرك فينبغي ان ننظر ان كان يمكن ان تكون النفس تتحرك بواحد من انواع الحركة اعني ان تنمي او تفسد او تتكون او غير ذلك من انواع الحركة وذلك انها ان لم تكن تتحرك بواحد منها فمن البين انها لا تتحرك وهذا الموضع عام للامرين جميعا للتصحيح والابطال لانها ان كانت تتحرك بواحد من انواع الحركة فمن البين انها تتحرك واذا لم تكن تتحرك بنوع من انواع الحركة فمن البين انها لا تتحرك واذا لم نجد حجة تنفع في الوضع فيجب ان نبحث من الحدود اما الموجودة للامر الموضوع او التي نظن انها له وان لم يكن ذلك من واحد فمن اكثر من واحد وذلك ان الحجة تسهل من حد الشء اذ كانت الحجة سهلة في الحدود وينبغي ان ننظر في الموضع ما الشء الذي اذا وجد وجب ضرورة ان يوجد الموضوع او ما الشء الذي يوجد من الاضطرار اذا وجد الموضوع فوجود الموضوع من الاضطرار اذا وجد شء من الاشياء هو لمن يريد ان يثبت الشء وذلك انه ان تبين ان ذلك الشء موجود صار الموضوع متبينا فاما وجود شء من الاشياء اذا وجد الموضوع فلمن يريد ان يبطل الشء وذلك انا ان بينا ان اللازم للموضوع غير موجود كنا قد ابطلنا الموضوع وايضا فينبغي ان ننظر في امر الزمان ان كان الشء يختلف فيه مثال ذلك ان قال قاءل ان المغتذي من الاضطرار ان ينمي وذلك ان الحيوان يغتذي داءما وليس ينمي داءما وكذلك ان قال قاءل ان المتعلم يذكر وذلك ان هذا للزمان الماضي وذاك للزمان الحاضر والمستقبل فانه يقال فينا انا نعلم الامور الحاضرة والمستقبلة مثلما نعلم انه سيكون كسوف الشمس فاما التذكر فليس يمكن ان يكون الا لشء قد مضي,2,4
Ἔτι ὁ σοφιστικὸς τρόπος τὸ ἄγειν εἰς τοιοῦτον πρὸς ὃ εὐπορήσομεν ἐπιχειρημάτων Τοῦτο δ᾿ ἔσται ὁτὲ μὲν ἀναγκαῖον ὁτὲ δὲ φαινόμενον ἀναγκαῖον ὁτὲ δ᾿ οὔτε φαινόμενον οὔτ᾿ ἀναγκαῖον Ἀναγκαῖον μὲν οὖν ὅταν ἀρνησαμένου τοῦ ἀποκριναμένου τῶν πρὸς τὴν θέσιν τι χρησίμων πρὸς τοῦτο τοὺς λόγους ποιῆται τυγχάνῃ δὲ τοῦτο τῶν τοιούτων ὂν πρὸς ὃ εὐπορεῖν ἔστιν ἐπιχειρημάτων Ὁμοίως δὲ καὶ ὅταν ἐπαγωγὴν πρός τι διὰ τοῦ κειμένου ποιησάμενος ἀναιρεῖν ἐπιχειρῇ τούτου γὰρ ἀναιρεθέντος καὶ τὸ προκείμενον ἀναιρεῖται Φαινόμενον δ᾿ ἀναγκαῖον ὅταν φαίνηται μὲν χρήσιμον καὶ οἰκεῖον τῆς θέσεως μὴ ᾖ δέ πρὸς ὃ γίγνονται οἱ λόγοι εἴτε ἀρνησαμένου τοῦ τὸν λόγον ὑπέχοντος εἴτε ἐπαγωγῆς ἐνδόξου διὰ τῆς θέσεως πρὸς αὐτὸ γινομένης ἀναιρεῖν ἐπιχειροίη αὐτό Τὸ δὲ λοιπόν ὅταν μήτ᾿ ἀναγκαῖον ᾖ μήτε φαινόμενον πρὸς ὃ γίνονται οἱ λόγοι ἄλλως δὲ παρεξελέγχεσθαι συμβαίνῃ τῷ ἀποκρινομένῳ Δεῖ δ᾿ εὐλαβεῖσθαι τὸν ἔσχατον τῶν ῥηθέντων τρόπων παντελῶς γὰρ ἀπηρτημένος καὶ ἀλλότριος ἔοικεν εἶναι τῆς διαλεκτικῆς Διὸ δεῖ καὶ τὸν ἀποκρινόμενον μὴ δυσκολαίνειν ἀλλὰ τιθέναι τὰ μὴ χρήσιμα πρὸς τὴν θέσιν ἐπισημαινόμενον ὅσα μὴ δοκεῖ τίθησι δέ Μᾶλλον γὰρ ἀπορεῖν ὡς ἐπὶ τὸ πολὺ συμβαίνει τοῖς ἐρωτῶσι πάντων τιθεμένων αὐτοῖς τῶν τοιούτων ἐὰν μὴ περαίνωσιν Ἔτι πᾶς ὁ εἰρηκὼς ὁτιοῦν τρόπον τινὰ πολλὰ εἴρηκεν ἐπειδὴ πλείω ἑκάστῳ ἐξ ἀνάγκης ἀκόλουθά ἐστιν οἷον ὁ εἰρηκὼς ἄνθρωπον εἶναι καὶ ὅτι ζῷόν ἐστιν εἴρηκε καὶ ὅτι ἔμψυχον καὶ ὅτι δίπουν καὶ ὅτι νοῦ καὶ ἐπιστήμης δεκτικόν ὥστε ὁποιουοῦν ἑνὸς τῶν ἀκολούθων ἀναιρεθέντος ἀναιρεῖται καὶ τὸ ἐν ἀρχῇ Εὐλαβεῖσθαι δὲ χρὴ καὶ τὸ χαλεπωτέρου τὴν μετάληψιν ποιεῖσθαι ἐνίοτε μὲν γὰρ ῥᾷον τὸ ἀκόλουθον ἀνελεῖν ἐνίοτε δ᾿ αὐτὸ τὸ προκείμενον,مواضع اخر وايضا من طريق المغالطة ان نسوق الي مثل ذلك الشء الذي فيه نلتمس وجود حجج وهذا ربما كان ضروريا وربما كان ضروريا في الظاهر وربما كان لا ضروريا ولا ضروريا في الظاهر ويكون ضروريا اذا ما جحد المجيب شيءا مما ينتفع به في الوضع فجعل الساءل الاقاويل في ذلك الشء ويكون هذا شيءا من امثال هذه الاشياء التي يلتمس الانسان فيها وجود حجج وكذلك اذا استقري النظاءر في شء من الاشياء بتوسط الموضوع فرام ان يبطله لان هذا اذا بطل بطل الموضوع ايضا ويكون ضروريا في الظاهر اذا كان نافعا ومشاكلا للوضع ولم يكن ينفع في الشء الذي فيه تكون الاقاويل جحده المجيب او رام ان يبطله من الاستقراء الذاءع الذي بالوضع يصير اليه فاما القسم الباقي فاذا لم يكن الشء الذي فيه الاقاويل لا ضروريا ولا ضروريا في الظاهر وتعرض بجهة اخري ان يفسخ علي المجيب وينبغي ان نتوقي الوجه الاخير من الوجوه التي وصفناها وذلك انه يشبه ان يكون غريبا مباينا لصناعة الجدل البتة ولذلك ينبغي للمجيب الا يصعب الامر لكن يضع ما ليس بنافع في الوضع بعد ان يبينه علي ما ليس يعتقده غير انه يضعه وضعا وذلك انه احري ان يعرض للساءل في اكثر الامر ان يتشكك متي وضعت له هذه الاشياء باجمعها فلم ينتج منها شيءا وايضا كل من قال شيءا من الاشياء اي شء كان فقد قال بوجه من الوجوه اشياء كثيرة لان كل واحد من الاشياء من الاضطرار له لوازم كثيرة مثال ذلك ان من قال انسانا موجودا فقد قال ان حيوانا موجود وان متنفسا موجود وان قابلا للعلم موجود وان ذا رجلين موجود فاي شء من اللوازم اذا ارتفع ارتفع معه ايضا الامر الاول وينبغي ان نتوقي ابدال الشء بالشء الاصعب فانه في بعض الاوقات قد يكون فسخ الشء اللازم اسهل وفي بعض الاوقات الموضوع نفسه,2,5
Ὅσοις δ᾿ ἀνάγκη θάτερον μόνον ὑπάρχειν οἷον τῷ ἀνθρώπῳ τὴν νόσον ἢ τὴν ὑγίειαν ἐὰν πρὸς θάτερον εὐπορῶμεν διαλέγεσθαι ὅτι ὑπάρχει ἢ οὐχ ὑπάρχει καὶ πρὸς τὸ λοιπὸν εὐπορήσομεν Τοῦτο δ᾿ ἀντιστρέφει πρὸς ἄμφω δείξαντες μὲν γὰρ ὅτι ὑπάρχει θάτερον ὅτι οὐχ ὑπάρχει τὸ λοιπὸν δεδειχότες ἐσόμεθα ἐὰν δ᾿ ὅτι οὐχ ὑπάρχει δείξωμεν τὸ λοιπὸν ὅτι ὑπάρχει δεδειχότες ἐσόμεθα Δῆλον οὖν ὅτι πρὸς ἄμφω χρήσιμος ὁ τόπος Ἔτι τὸ ἐπιχειρεῖν μεταφέροντα τοὔνομα ἐπὶ τὸν λόγον ὡς μάλιστα προσῆκον ἐκλαμβάνειν ἢ ὡς κεῖται τοὔνομα οἷον εὔψυχον μὴ τὸν ἀνδρεῖον καθάπερ νῦν κεῖται ἀλλὰ τὸν εὖ τὴν ψυχὴν ἔχοντα καθάπερ καὶ εὔελπιν τὸν ἀγαθὰ ἐλπίζοντα ὁμοίως δὲ καὶ εὐδαίμονα οὗ ἂν ὁ δαίμων ᾖ σπουδαῖος καθάπερ Ξενοκράτης φησὶν εὐδαίμονα εἶναι τὸν τὴν ψυχὴν ἔχοντα σπουδαίαν ταύτην γὰρ ἑκάστου εἶναι δαίμονα Ἐπεὶ δὲ τῶν πραγμάτων τὰ μὲν ἐξ ἀνάγκης ἐστί τὰ δ᾿ ὡς ἐπὶ τὸ πολύ τὰ δ᾿ ὁπότερ᾿ ἔτυχεν ἐὰν τὸ ἐξ ἀνάγκης ὡς ἐπὶ τὸ πολὺ τεθῇ ἢ τὸ ὡς ἐπὶ τὸ πολὺ ἐξ ἀνάγκης ἢ αὐτὸ ἢ τὸ ἐναντίον τῷ ὡς ἐπὶ τὸ πολύ ἀεὶ δίδωσι τόπον ἐπιχειρήματος Ἐὰν γὰρ τὸ ἐξ ἀνάγκης ὡς ἐπὶ τὸ πολὺ τεθῇ δῆλον ὅτι οὐ παντί φησιν ὑπάρχειν ὑπάρχοντος παντί ὥστε ἡμάρτηκεν εἴ τε τὸ ὡς ἐπὶ τὸ πολὺ λεγόμενον ἐξ ἀνάγκης ἔφησε παντὶ γάρ φησιν ὑπάρχειν οὐχ ὑπάρχοντος παντί Ὁμοίως δὲ καὶ εἰ τὸ ἐναντίον τῷ ὡς ἐπὶ τὸ πολὺ ἐξ ἀνάγκης εἴρηκεν ἀεὶ γὰρ ἐπ᾿ ἔλαττον λέγεται τὸ ἐναντίον τῷ ὡς ἐπὶ τὸ πολύ οἷον εἰ ὡς ἐπὶ τὸ πολὺ φαῦλοι οἱ ἄνθρωποι ἀγαθοὶ ἐπ᾿ ἔλαττον ὥστ᾿ ἔτι μᾶλλον ἡμάρτηκεν εἰ ἀγαθοὺς ἐξ ἀνάγκης εἴρηκεν Ὡσαύτως δὲ καὶ εἰ τὸ ὁπότερ᾿ ἔτυχεν ἐξ ἀνάγκης ἔφησεν ἢ ὡς ἐπὶ τὸ πολύ οὔτε γὰρ ἐξ ἀνάγκης τὸ ὁπότερ᾿ ἔτυχεν οὔθ᾿ ὡς ἐπὶ τὸ πολύ Ἐνδέχεται δέ κἂν μὴ διορίσας εἴπῃ πότερον ὡς ἐπὶ τὸ πολὺ ἢ ἐξ ἀνάγκης εἴρηκεν ᾖ δὲ τὸ πρᾶγμα ὡς ἐπὶ τὸ πολύ διαλέγεσθαι ὡς ἐξ ἀνάγκης εἰρηκότος αὐτοῦ οἷον εἰ φαύλους τοὺς ἀποκλήρους ἔφησεν εἶναι μὴ διορίσας ὡς ἐξ ἀνάγκης εἰρηκότος αὐτοῦ διαλέγεσθαι Ἔτι καὶ εἰ αὐτὸ αὑτῷ συμβεβηκὸς ἔθηκεν ὡς ἕτερον διὰ τὸ ἕτερον εἶναι ὄνομα καθάπερ Πρόδικος διῃρεῖτο τὰς ἡδονὰς εἰς χαρὰν καὶ τέρψιν καὶ εὐφροσύνην ταῦτα γὰρ πάντα τοῦ αὐτοῦ τῆς ἡδονῆς ὀνόματά ἐστιν Εἰ οὖν τις τὸ χαίρειν τῷ εὐφραίνεσθαι φήσει συμβεβηκέναι αὐτὸ ἂν αὑτῷ φαίη συμβεβηκέναι,مواضع اخر والاشياء التي يجب ضرورة ان يكون احد الامرين فقط موجودا لها بمنزلة وجود المرض او الصحة للانسان فان تهيا لنا ان نقول في احدها انه موجود او غير موجود فان ذلك يتهيا ايضا في الباقي وهذا المعني ينعكس علي الامرين جميعا وذلك انا اذا بينا ان احدهما موجود نكون قد بينا ان الباقي غير موجود وان نحن بينا ان احدهما غير موجود نكون قد بينا ان الاخر موجود فمن البين ان هذا الموضع نافع في كليهما وايضا ينبغي ان نحتج بعد ان ننقل الاسم بحسب القول حتي يكون ما نسميه به اليق من الاسم الموضوع له مثال ذلك ان الجيد النفس ليس يدل علي الشجاع كما وضع الان بل علي الذي له نفس جيدة مثل ما يدل الحسن الرجاء علي الذي يرجو امورا صالحة وكذلك الجيد الجد الذي له جد فاضل كما قال كسانقراطس ان الجيد الجد هو الذي نفسه فاضلة فان نفس كل واحد من الناس زعم هي جده ولان من الامور ما هي من الاضطرار ومنها ما هي علي اكثر الامر ومنها ما هي علي اي الامرين اتفق فان وضع واضع ما هو من الاضطرار علي اكثر الامر او ما هو علي اكثر الامر من الاضطرار اما هو بعينه واما المضاد لما هو علي اكثر الامر فانه ابدا يعطي موضعا للحجة عليه وذلك انه ان وضع ما هو من الاضطرار علي اكثر الامر فمن البين انه قد قال فيما هو موجود للكل انه ليس موجودا للكل فيكون من قبل ذلك قد اخطا وكذلك يلزمه ان قال ان ما يقال علي اكثر الامر هو من الاضطرار وذلك انه يقول فيما ليس هو موجودا للكل انه موجود للكل وكذلك ان قال ان المضاد لما هو علي اكثر الامر هو من الاضطرار لان المضاد لما هو علي اكثر الامر هو ما كان علي اقل الامر مثال ذلك انه ان كان الناس علي اكثر الامر اردياء فهم اخيار علي اقل الامر فيكون الخطا ايضا اكثر ان قال انهم اخيار من الاضطرار وكذلك ان قال ان ما هو علي اي الامرين اتفق من الاضطرار او علي الامر الاكثر وذلك انه يمكنه وان لم يقل ملخصا اي الامرين قال انه علي الامر الاكثر او من الاضطرار وكان الامر علي الاكثر ان يجادل علي انه قد قال انه من الاضطرار مثال ذلك ان قال ان المنفيين من الميراث شرار من غير ان يلخص يجادل علي انه قال ذلك من الاضطرار وايضا ان جعل الشء عارضا لنفسه كانه شء اخر من قبل ان له اسما اخر كما قسم فروديقوس اللذات الي الفرح والطرب والسرور وذلك ان هذه كلها اسماء لمعني واحد هو اللذة فان قال قاءل ان السرور عرض للفرح فانما قال ان شيءا عرض لنفسه,2,6
Ἐπεὶ δὲ τὰ ἐναντία συμπλέκεται μὲν ἀλλήλοις ἑξαχῶς ἐναντίωσιν δὲ ποιεῖ τετραχῶς συμπλεκόμενα δεῖ λαμβάνειν τὰ ἐναντία ὅπως ἂν χρήσιμον ᾖ καὶ ἀναιροῦντι καὶ κατασκευάζοντι Ὅτι μὲν οὖν ἑξαχῶς συμπλέκεται δῆλον ἢ γὰρ ἑκάτερον τῶν ἐναντίων ἑκατέρῳ συμπλακήσεται τοῦτο δὲ διχῶς οἷον τὸ τοὺς φίλους εὖ ποιεῖν καὶ τὸ τοὺς ἐχθροὺς κακῶς ἢ ἀνάπαλιν τὸ τοὺς φίλους κακῶς καὶ τοὺς ἐχθροὺς εὖ Ἢ ὅταν ἄμφω περὶ τοῦ ἑνός διχῶς δὲ καὶ τοῦτο οἷον τὸ τοὺς φίλους εὖ καὶ τὸ τοὺς φίλους κακῶς ἢ τὸ τοὺς ἐχθροὺς εὖ καὶ τοὺς ἐχθροὺς κακῶς Ἢ τὸ ἓν περὶ ἀμφοτέρων διχῶς δὲ καὶ τοῦτο οἷον τὸ τοὺς φίλους εὖ καὶ τὸ τοὺς ἐχθροὺς εὖ ἢ τοὺς φίλους κακῶς καὶ τοὺς ἐχθροὺς κακῶς Αἱ μὲν οὖν πρῶται δύο ῥηθεῖσαι συμπλοκαὶ οὐ ποιοῦσιν ἐναντίωσιν τὸ γὰρ τοὺς φίλους εὖ ποιεῖν τῷ τοὺς ἐχθροὺς κακῶς οὐκ ἔστιν ἐναντίον ἀμφότερα γὰρ αἱρετὰ καὶ τοῦ αὐτοῦ ἤθους Οὐδὲ τὸ τοὺς φίλους κακῶς τῷ τοὺς ἐχθροὺς εὖ καὶ γὰρ ταῦτα ἀμφότερα φευκτὰ καὶ τοῦ αὐτοῦ ἤθους Οὐ δοκεῖ δὲ φευκτὸν φευκτῷ ἐναντίον εἶναι ἐὰν μὴ τὸ μὲν καθ᾿ ὑπερβολὴν τὸ δὲ κατ᾿ ἔνδειαν λεγόμενον ᾖ ἥ τε γὰρ ὑπερβολὴ τῶν φευκτῶν δοκεῖ εἶναι ὁμοίως δὲ καὶ ἡ ἔνδεια Τὰ δὲ λοιπὰ πάντα τέτταρα ποιεῖ ἐναντίωσιν Τὸ γὰρ τοὺς φίλους εὖ ποιεῖν τῷ τοὺς φίλους κακῶς ἐναντίον ἀπό τε γὰρ ἐναντίου ἤθους ἐστί καὶ τὸ μὲν αἱρετὸν τὸ δὲ φευκτόν Ὡσαύτως δὲ καὶ ἐπὶ τῶν ἄλλων καθ᾿ ἑκάστην γὰρ συζυγίαν τὸ μὲν αἱρετὸν τὸ δὲ φευκτόν καὶ τὸ μὲν ἐπιεικοῦς ἤθους τὸ δὲ φαύλου Δῆλον οὖν ἐκ τῶν εἰρημένων ὅτι τῷ αὐτῷ πλείονα ἐναντία συμβαίνει γίνεσθαι Τῷ γὰρ τοὺς φίλους εὖ ποιεῖν καὶ τὸ τοὺς ἐχθροὺς εὖ ποιεῖν ἐναντίον καὶ τὸ τοὺς φίλους κακῶς Ὁμοίως δὲ καὶ τῶν ἄλλων ἑκάστῳ τὸν αὐτὸν τρόπον ἐπισκοποῦσι δύο τὰ ἐναντία φανήσεται Λαμβάνειν οὖν τῶν ἐναντίων ὁπότερον ἂν ᾖ πρὸς τὴν θέσιν χρήσιμον Ἔτι εἰ ἔστι τι ἐναντίον τῷ συμβεβηκότι σκοπεῖν εἰ ὑπάρχει ᾧπερ τὸ συμβεβηκὸς εἴρηται ὑπάρχειν εἰ γὰρ τοῦτο ὑπάρχει ἐκεῖνο οὐκ ἂν ὑπάρχοι ἀδύνατον γὰρ τἀναντία ἅμα τῷ αὐτῷ ὑπάρχειν Ἢ εἴ τι τοιοῦτον εἴρηται κατά τινος οὗ ὄντος ἀνάγκη τὰ ἐναντία ὑπάρχειν Οἷον εἰ τὰς ἰδέας ἐν ἡμῖν ἔφησεν εἶναι κινεῖσθαί τε γὰρ καὶ ἠρεμεῖν αὐτὰς συμβήσεται ἔτι δὲ αἰσθητὰς καὶ νοητὰς εἶναι Δοκοῦσι γὰρ αἱ ἰδέαι ἠρεμεῖν καὶ νοηταὶ εἶναι τοῖς τιθεμένοις ἰδέας εἶναι ἐν ἡμῖν δὲ οὔσας ἀδύνατον ἀκινήτους εἶναι κινουμένων γὰρ ἡμῶν ἀναγκαῖον καὶ τὰ ἐν ἡμῖν πάντα συγκινεῖσθαι Δῆλον δ᾿ ὅτι καὶ αἰσθηταί εἴπερ ἐν ἡμῖν εἰσί διὰ γὰρ τῆς περὶ τὴν ὄψιν αἰσθήσεως τὴν ἐν ἑκάστῳ μορφὴν γνωρίζομεν Πάλιν εἰ κεῖται συμβεβηκὸς ᾧ ἐστί τι ἐναντίον σκοπεῖν εἰ καὶ τοῦ ἐναντίου δεκτικόν ὅπερ καὶ τοῦ συμβεβηκότος τὸ γὰρ αὐτὸ τῶν ἐναντίων δεκτικόν οἷον εἰ τὸ μῖσος ἕπεσθαι ὀργῇ ἔφησεν εἴη ἂν τὸ μῖσος ἐν τῷ θυμοειδεῖ ἐκεῖ γὰρ ἡ ὀργή Σκεπτέον οὖν εἰ καὶ τὸ ἐναντίον ἐν τῷ θυμοειδεῖ ἡ φιλία εἰ γὰρ μή ἀλλ᾿ ἐν τῷ ἐπιθυμητικῷ ἐστὶν ἡ φιλία οὐκ ἂν ἕποιτο μῖσος ὀργῇ Ὁμοίως δὲ καὶ εἰ τὸ ἐπιθυμητικὸν ἀγνοεῖν ἔφησεν Εἴη γὰρ ἂν καὶ ἐπιστήμης δεκτικόν εἴπερ καὶ ἀγνοίας ὅπερ οὐ δοκεῖ τὸ ἐπιθυμητικὸν δεκτικὸν εἶναι ἐπιστήμης Ἀνασκευάζοντι μὲν οὖν καθάπερ εἴρηται χρηστέον κατασκευάζοντι δέ ὅτι μὲν ὑπάρχει τὸ συμβεβηκός οὐ χρήσιμος ὁ τόπος ὅτι δ᾿ ἐνδέχεται ὑπάρχειν χρήσιμος Δείξαντες μὲν γὰρ ὅτι οὐ δεκτικὸν τοῦ ἐναντίου δεδειχότες ἐσόμεθα ὅτι οὔτε ὑπάρχει τὸ συμβεβηκὸς οὔτ᾿ ἐνδέχεται ὑπάρξαι ἐὰν δὲ δείξωμεν ὅτι ὑπάρχει τὸ ἐναντίον ἢ ὅτι δεκτικὸν τοῦ ἐναντίου ἐστίν οὐδέπω δεδειχότες ἐσόμεθα ὅτι καὶ τὸ συμβεβηκὸς ὑπάρχει ἀλλ᾿ ὅτι ἐνδέχεται ὑπάρχειν ἐπὶ τοσοῦτον μόνον δεδειγμένον ἔσται,مواضع اخري ولان الاضداد يتركب بعضها علي بعض علي ستة انحاء ويحدث عنها اذا تركبت تضاد علي اربعة انحاء فينبغي ان ناخذ الاضداد ليكون ذلك نافعا للمثبت والنافي والامر في انها تتركب علي ستة انحاء بين وذلك انه اما ان يتركب كل واحد من الضدين علي الاخر وعلي نحوين كقولنا الاحسان الي الاصدقاء والاساءة الي الاعداء او بعكس ذلك الاساءة الي الاصدقاء والاحسان الي الاعداء واما ان يكون كلاهما في الواحد وهذا ايضا علي نحوين كقولنا الاحسان الي الاصدقاء والاساءة الي الاصدقاء او الاحسان الي الاعداء والاساءة الي الاعداء واما ان يكون الواحد في كليهما وهذا ايضا علي نحوين كقولنا الاحسان الي الاصدقاء والاحسان الي الاعداء او الاساءة الي الاصدقاء والاساءة الي الاعداء فالتركيبان الاولان لا يحدثان تضادا وذلك ان قولنا الاحسان الي الاصدقاء ليس هو ضد قولنا الاساءة الي الاعداء وذلك ان كليهما ماثور ومن شان خلق واحد بعينه ولا قولنا ايضا الاحسان الي الاعداء ضد قولنا الاساءة الي الاصدقاء لان هذين كليهما مما يهرب منه ومن شان خلق واحد اذا كانا عن الشر وليس يظن بشء يهرب منه انه يضاد شيءا يهرب منه الا ان يكون احدهما يقال بالزيادة والاخر بالنقصان وذلك ان الزيادة يظن بها انها من الاشياء التي يهرب منها وكذلك النقصان والاربعة الباقية كلها فيحدث عنها تضاد وذلك ان قولنا الاحسان الي الاصدقاء ضد قولنا الاساءة الي الاصدقاء وذلك ان هذين انما يكونان من خلق متضاد اذ كان احدهما ماثورا والاخر يهرب منه وكذلك الحال في المعاني الاخر فان في كل واحد من ازدواجاتها يوجد الواحد ماثورا والاخر يهرب منه والواحد من شان خلق محمود والاخر من شان خلق مذموم فبين اذا مما قلنا انه قد يعرض ان تكون للواحد بعينه مضادات اكثر من واحد وذلك ان ضد قولنا الاحسان الي الاصدقاء قولنا الاحسان الي الاعداء وقولنا الاساءة الي الاصدقاء وكذلك اذا تامل الانسان علي ذلك المثال كل واحد من الاخر ظهر له تضادات فينبغي ان ناخذ من الضدين ايهما كان نافعا في الوضع وايضا ان كان يوجد للعرض ضد ما فينبغي ان ننظر هل يوجد للشء الذي قيل فيه ان له يوجد العرض لان هذا ان كان موجودا فذلك غير موجود وذلك انه ليس يمكن ان يوجد كلا الضدين لشء واحد بعينه وموضع اخر ان قال قاءل ان شيءا يعرض لشء فينبغي ان ينظر هل يوجد للعرض ضد ما فان كان ضد العرض يوجد للشء الذي قال انه عرض له ليس يوجد ذلك العرض للشء الذي قال من اول الامر انه عرض له وذلك انه ليس يمكن ان توجد المتضادات لشء واحد بعينه معا او ينظر ان كان شء يجري هذا المجري قد قيل علي شء من الاشياء متي وجد وجب ضرورة ان توجد الاضداد بوجوده مثال ذلك ان قال قاءل ان الصور موجودة فينا فانه يلزم ان تكون تتحرك وتسكن وان تكون ايضا محسوسة ومعقولة وذلك انه قد يري المعتقدون للصور انها ساكنة وانها معقولة واذا كانت فينا فلا يجوز ان تكون غير متحركة لانا اذا تحركنا فلا بد ضرورة من ان يتحرك بحركتنا جميع ما هو موجود فينا ومن البين انها ايضا محسوسة متي كانت فينا اذ كنا انما نعرف صورة كل واحد بحاسة البصر وايضا ان وضع عرض يوجد له ضد ما فينبغي ان ننظر هل القابل للعرض قابل لضد هذا العرض لان الشء الواحد يقبل الاضداد فلو قيل مثلا ان البغضة تتبع الغيظ فان البغضة ستكون في الجزء الغضبي من النفس لان فيها الغيظ ولهذا ينبغي ان ننظر هل ضده ايضا الذي هو المحبة في الجزء الغضبي وذلك ان المحبة ان لم تكن فيه لكن كانت في الجزء الشهواني من النفس فليس يتبع البغضة الغيظ وكذلك ان قال قاءل ان الجزء الشهواني يجهل وذلك انه ان كان قابلا للجهل فهو قابل ايضا للعلم وليس يظن ان الجزء الشهواني قابل للعلم بل الذي يقبله الجزء الناطق فقد ينبغي كما قلنا للذي يريد ان يبطل ان يستعمل هذا الموضع فاما الذي يريد ان يثبت فليس ينتفع به في ان يتبين ان العرض يوجد فاما ان نبين انه يمكن ان يوجد فينتفع به وذلك انا اذا بينا انه ليس تقابل للضد نكون قد بينا ان العرض ليس يوجد ولا يمكن ان يوجد وان نحن بينا ان الضد موجود او ان القابل للضد موجود لم يكن بينا بعد ان العرض ايضا موجود لكنه انما يكون قد تبين فقط انه يمكن ان يوجد,2,7
Ἐπεὶ δ᾿ αἱ ἀντιθέσεις τέτταρες σκοπεῖν ἐκ μὲν τῶν ἀντιφάσεων ἀνάπαλιν ἐκ τῆς ἀκολουθήσεως καὶ ἀναιροῦντι καὶ κατασκευάζοντι λαμβάνειν δ᾿ ἐξ ἐπαγωγῆς οἷον εἰ ὁ ἄνθρωπος ζῷον τὸ μὴ ζῷον οὐκ ἄνθρωπος Ὁμοίως δὲ καὶ ἐπὶ τῶν ἄλλων Ἐνταῦθα γὰρ ἀνάπαλιν ἡ ἀκολούθησις τῷ μὲν γὰρ ἀνθρώπῳ τὸ ζῷον ἕπεται τῷ δὲ μὴ ἀνθρώπῳ τὸ μὴ ζῷον οὔ ἀλλ᾿ ἀνάπαλιν τῷ μὴ ζῴῳ τὸ οὐκ ἄνθρωπος Ἐπὶ πάντων οὖν τὸ τοιοῦτον ἀξιωτέον οἷον εἰ τὸ καλὸν ἡδύ καὶ τὸ μὴ ἡδὺ οὐ καλόν εἰ δὲ μὴ τοῦτο οὐδ᾿ ἐκεῖνο Ὁμοίως δὲ καὶ εἰ τὸ μὴ ἡδὺ οὐ καλόν τὸ καλὸν ἡδύ Δῆλον οὖν ὅτι πρὸς ἄμφω ἀντιστρέφει ἡ κατὰ τὴν ἀντίφασιν ἀκολούθησις ἀνάπαλιν γινομένη Ἐπὶ δὲ τῶν ἐναντίων σκοπεῖν εἰ τῷ ἐναντίῳ τὸ ἐναντίον ἕπεται ἢ ἐπὶ ταὐτὰ ἢ ἀνάπαλιν καὶ ἀναιροῦντι καὶ κατασκευάζοντι λαμβάνειν δὲ καὶ τὰ τοιαῦτα ἐξ ἐπαγωγῆς ἐφ᾿ ὅσον χρήσιμον Ἐπὶ ταὐτὰ μὲν οὖν ἡ ἀκολούθησις οἷον τῇ ἀνδρίᾳ καὶ τῇ δειλίᾳ τῇ μὲν γὰρ ἀρετὴ ἀκολουθεῖ τῇ δὲ κακία καὶ τῇ μὲν ἀκολουθεῖ τὸ αἱρετόν τῇ δὲ τὸ φευκτόν Ἐπὶ ταὐτὰ οὖν καὶ ἡ τούτων ἀκολούθησις ἐναντίον γὰρ τὸ αἱρετὸν τῷ φευκτῷ Ὁμοίως δὲ καὶ ἐπὶ τῶν ἄλλων Ἀνάπαλιν δὲ ἡ ἀκολούθησις οἷον εὐεξίᾳ μὲν ἡ ὑγίεια ἀκολουθεῖ καχεξίᾳ δὲ νόσος οὔ ἀλλὰ νόσῳ καχεξία Δῆλον οὖν ὅτι ἀνάπαλιν ἐπὶ τούτων ἡ ἀκολούθησις Σπάνιον δὲ τὸ ἀνάπαλιν ἐπὶ τῶν ἐναντίων συμβαίνει ἀλλὰ τοῖς πλείστοις ἐπὶ ταὐτὰ ἡ ἀκολούθησις Εἰ οὖν μήτ᾿ ἐπὶ ταὐτὰ τῷ ἐναντίῳ τὸ ἐναντίον ἀκολουθεῖ μήτε ἀνάπαλιν δῆλον ὅτι οὐδ᾿ ἐπὶ τῶν ῥηθέντων ἀκολουθεῖ τὸ ἕτερον τῷ ἑτέρῳ Εἰ δ᾿ ἐπὶ τῶν ἐναντίων καὶ ἐπὶ τῶν ῥηθέντων ἀναγκαῖον τὸ ἕτερον τῷ ἑτέρῳ ἀκολουθεῖν Ὁμοίως δὲ τοῖς ἐναντίοις καὶ ἐπὶ τῶν στερήσεων καὶ ἕξεων σκεπτέον Πλὴν οὐκ ἔστιν ἐπὶ τῶν στερήσεων τὸ ἀνάπαλιν ἀλλ᾿ ἐπὶ ταὐτὰ τὴν ἀκολούθησιν ἀναγκαῖον ἀεὶ γίνεσθαι καθάπερ ὄψει μὲν αἴσθησιν τυφλότητι δ᾿ ἀναισθησίαν Ἀντίκειται γὰρ ἡ αἴσθησις τῇ ἀναισθησίᾳ ὡς ἕξις καὶ στέρησις τὸ μὲν γὰρ ἕξις αὐτῶν τὸ δὲ στέρησίς ἐστιν Ὁμοίως δὲ τῇ ἕξει καὶ τῇ στερήσει καὶ ἐπὶ τῶν πρός τι χρηστέον ἐπὶ ταὐτὰ γὰρ καὶ τούτων ἡ ἀκολούθησις Οἷον εἰ τὸ τριπλάσιον πολλαπλάσιον καὶ τὸ τριτημόριον πολλοστημόριον λέγεται γὰρ τὸ μὲν τριπλάσιον πρὸς τὸ τριτημόριον τὸ δὲ πολλαπλάσιον πρὸς τὸ πολλοστημόριον πάλιν εἰ ἡ ἐπιστήμη ὑπόληψις καὶ τὸ ἐπιστητὸν ὑποληπτόν καὶ εἰ ἡ ὅρασις αἴσθησις καὶ τὸ ὁρατὸν αἰσθητόν Ἔνστασις ὅτι οὐκ ἀνάγκη ἐπὶ τῶν πρός τι τὴν ἀκολούθησιν γίνεσθαι καθάπερ εἴρηται τὸ γὰρ αἰσθητὸν ἐπιστητόν ἐστιν ἡ δ᾿ αἴσθησις οὐκ ἐπιστήμη Οὐ μὴν ἀληθής γε ἡ ἔνστασις δοκεῖ εἶναι πολλοὶ γὰρ οὔ φασι τῶν αἰσθητῶν ἐπιστήμην εἶναι Ἔτι πρὸς τοὐναντίον οὐχ ἧττον χρήσιμον τὸ ῥηθέν οἷον ὅτι τὸ αἰσθητὸν οὐκ ἔστιν ἐπιστητόν οὐδὲ γὰρ ἡ αἴσθησις ἐπιστήμη,مواضع اخري ولان المتقابلات اربع ينبغي للمثبت والمبطل ان ينظر اما من التناقض فبالعكس من اللزوم وينبغي ان ياخذه من استقري النظاءر مثال ذلك انه ان كان الانسان حيا فما ليس بحي ليس بانسان وكذلك يجري الامر في الاخر وذلك ان اللزوم في هذا الموضع بالعكس لان الحي يلزم الانسان وما ليس بحي ليس يلزم ما ليس بانسان لكن الذي يلزم عكس ذلك اعني ان ما ليس بانسان يلزم ما ليس بحي ففي جميع ما يجري هذا المجري هكذا ينبغي ان نسال مثال ذلك ان الحسن ان كان لذيذا فما ليس بلذيذ ليس بالحسن فان لم يكن هذا ولا ذاك يكون وكذلك ايضا ان كان ما ليس بلذيذ ليس بحسن فالحسن لذيذ فمن البين ان اللزوم في التناقض اذا رجع علي العكس رجع بالتكافء في كليهما وينبغي للمثبت وللمبطل ان ينظر في المتضادات هل يتبع الضد للضد في اشياء باعيانها او بعكس ذلك وينبغي ان ناخذ ذلك من استقراء النظاءر بمقدار ما ينتفع به فاللزوم انما يكون في اشياء باعيانها بمنزلة ما هو في الشجاعة والجبن وذلك ان تيك تلزمها الفضيلة وهذا يلزمه الرذيلة وتيك يلزمها انها من الاشياء الماثورة وهذا انه من الاشياء التي يهرب منها فلزوم هذه ايضا قد يوجد في اشياء باعيانها فان الماثور ضد الذي يهرب منه وكذلك الامر في الاخر واللزوم يكون بالعكس مثال ذلك ان الصحة تلزم جودة البنية والمرض لا يلزم رداءة البنية لكن رداءة البنية تلزم المرض فمن البين ان اللزوم في هذه يوجد بالعكس فاما في المتضادات فقل ما يعرض من العكس الا ان اللزوم لاكثرها يكون في اشياء بعينها فان كان الضد لا يلزم الضد في اشياء باعيانها ولا بالعكس فمن البين انه ولا فيما وصفنا ايضا يلزم احدهما للاخر وان كان ذلك في المتضادات فواجب ضرورة وفيما وصفنا ايضا ان يلزم احدهما الاخر وينبغي ايضا ان ننظر في الملكات والعدم علي مثل ما نظرنا في المتضادات غير انه ليس يوجد الامر بالعكس في العدم ولكن يجب ضرورة ان يكون اللزوم داءما في اشياء باعيانها كما يلزم في الحس للبصر وعدم الحس للعمي وذلك ان الحس ايضا يقابل عدم الحس كتقابل الملكة للعدم ف ان ذاك ملكة وهذا عدم وينبغي ان نستعمل في الاشياء الداخلة في باب المضاف مثل ما استعملنا في العدم فان اللزوم لهذا ايضا في اشياء باعيانها مثال ذلك انه ان كان ذو الثلاثة الاضعاف كثير الاضعاف فذو الثلاثة الاجزاء كثير الاجزاء فان ذا الثلاثة الاضعاف انما يقال عند ذي الثلاثة الاجزاء والكثير الاضعاف عند الكثير الاجزاء وايضا ان كان العلم ظنا لمعلوم مظنون وان كان البصر حسا فالمبصر محسوس والمعاندة فيه انه ليس واجبا ضرورة في الاشياء الداخلة في باب المضاف ان يكون اللزوم كما قيل وذلك ان المحسوس معلوم والحس ليس يعلم الا ان هذه المعاندة ليس يظن بها انها صادقة لان كثيرين يقولون انه ليس يوجد علم بالمحسوسات وايضا فان ما وصفنا نافع في التضاد ليس بدون غيره مثال ذلك ان المحسوس ليس بمعلوم وذلك ان الحس ليس بعلم,2,8
Πάλιν ἐπὶ τῶν συστοίχων καὶ ἐπὶ τῶν πτώσεων καὶ ἀναιροῦντα καὶ κατασκευάζοντα Λέγεται δὲ σύστοιχα μὲν τὰ τοιάδε οἷον τὰ δίκαια καὶ ὁ δίκαιος τῇ δικαιοσύνῃ καὶ τὰ ἀνδρεῖα καὶ ὁ ἀνδρεῖος τῇ ἀνδρίᾳ Ὁμοίως δὲ καὶ τὰ ποιητικὰ ἢ φυλακτικὰ σύστοιχα ἐκείνου οὗ ἐστὶ ποιητικὰ ἢ φυλακτικά οἷον τὰ ὑγιεινὰ ὑγιείας καὶ τὰ εὐεκτικὰ εὐεξίας Τὸν αὐτὸν δὲ τρόπον καὶ ἐπὶ τῶν ἄλλων Σύστοιχα μὲν οὖν τὰ τοιαῦτα εἴωθε λέγεσθαι πτώσεις δὲ οἷον τὸ δικαίως καὶ ἀνδρείως καὶ ὑγιεινῶς καὶ ὅσα τοῦτον τὸν τρόπον λέγεται Δοκεῖ δὲ καὶ τὰ κατὰ τὰς πτώσεις σύστοιχα εἶναι οἷον τὸ μὲν δικαίως τῇ δικαιοσύνῃ τὸ δὲ ἀνδρείως τῇ ἀνδρίᾳ Σύστοιχα δὲ λέγεται τὰ κατὰ τὴν αὐτὴν συστοιχίαν ἅπαντα οἷον δικαιοσύνη δίκαιος δίκαιον δικαίως Δῆλον οὖν ὅτι ἑνὸς ὁποιουοῦν δειχθέντος τῶν κατὰ τὴν αὐτὴν συστοιχίαν ἀγαθοῦ ἢ ἐπαινετοῦ καὶ τὰ λοιπὰ πάντα δεδειγμένα ἔσται οἷον εἰ ἡ δικαιοσύνη τῶν ἐπαινετῶν καὶ ὁ δίκαιος καὶ τὸ δίκαιον καὶ τὸ δικαίως τῶν ἐπαινετῶν Ῥηθήσεται δὲ τὸ δικαίως καὶ ἐπαινετῶς κατὰ τὴν αὐτὴν πτῶσιν ἀπὸ τοῦ ἐπαινετοῦ καθάπερ τὸ δικαίως ἀπὸ τῆς δικαιοσύνης Σκοπεῖν δὲ μὴ μόνον ἐπ᾿ αὐτοῦ τοῦ εἰρημένου ἀλλὰ καὶ ἐπὶ τοῦ ἐναντίου τὸ ἐναντίον οἷον ὅτι τὸ ἀγαθὸν οὐκ ἐξ ἀνάγκης ἡδύ οὐδὲ γὰρ τὸ κακὸν λυπηρόν ἢ εἰ τοῦτο κἀκεῖνο Καὶ εἰ ἡ δικαιοσύνη ἐπιστήμη καὶ ἡ ἀδικία ἄγνοια καὶ εἰ τὸ δικαίως ἐπιστημονικῶς καὶ ἐμπείρως τὸ ἀδίκως ἀγνοούντως καὶ ἀπείρως Εἰ δὲ ταῦτα μή οὐδ᾿ ἐκεῖνα καθάπερ ἐπὶ τοῦ νῦν ῥηθέντος μᾶλλον γὰρ ἂν φανείη τὸ ἀδίκως ἐμπείρως ἢ ἀπείρως Οὗτος δ᾿ ὁ τόπος εἴρηται πρότερον ἐν ταῖς τῶν ἐναντίων ἀκολουθήσεσιν οὐδὲν γὰρ ἄλλο νῦν ἀξιοῦμεν ἢ τὸ ἐναντίον τῷ ἐναντίῳ ἀκολουθεῖν Ἔτι ἐπὶ τῶν γενέσεων καὶ φθορῶν καὶ ποιητικῶν καὶ φθαρτικῶν καὶ ἀναιροῦντι καὶ κατασκευάζοντι Ὧν γὰρ αἱ γενέσεις τῶν ἀγαθῶν καὶ αὐτὰ ἀγαθά καὶ εἰ αὐτὰ ἀγαθά καὶ αἱ γενέσεις εἰ δὲ αἱ γενέσεις τῶν κακῶν καὶ αὐτὰ τῶν κακῶν Ἐπὶ δὲ τῶν φθορῶν ἀνάπαλιν εἰ γὰρ αἱ φθοραὶ τῶν ἀγαθῶν αὐτὰ τῶν κακῶν εἰ δ᾿ αἱ φθοραὶ τῶν κακῶν αὐτὰ τῶν ἀγαθῶν Ὁ δ᾿ αὐτὸς λόγος καὶ ἐπὶ ποιητικῶν καὶ φθαρτικῶν ὧν μὲν γὰρ τὰ ποιητικὰ ἀγαθά καὶ αὐτὰ τῶν ἀγαθῶν ὧν δὲ τὰ φθαρτικὰ ἀγαθά αὐτὰ τῶν κακῶν,مواضع اخري وايضا فقد ينبغي في التثبيت والابطال البحث عن النظاءر وعن التصاريف ونسمي نظاءر ما كان يجري هذا المجري اعني ان العادل نظير العدالة والشجاع نظير الشجاعة وكذلك الامور الفاعلة والحافظة هي نظيرة لذلك الشء الذي هي له فاعلة او حافظة مثال ذلك ان الامور الصحية نظيرة للصحة والامور التي تخصب البدن نظيرة لخصب البدن وكذلك الحال في الاشياء الاخر فما جري هذا المجري قد جرت العادة بان يسمي نظاءر فاما التصاريف فمثل قولنا علي جهة العدل وعلي جهة الشجاعة وعلي جهة الصحة وعلي جهة الخصب وكل ما يقال علي هذا النحو وقد يظن بما كان علي جهة التصريف انه من النظاءر كما نقول ان قولنا علي جهة العدل نظير العدالة وقولنا علي جهة الشجاعة نظير الشجاعة وانما يقال نظاءر لجميع ما كان في شرح واحد بعينه بمنزلة العدالة والعدل وقولنا علي جهة العدل فمن البين انه اذا تبين في واحد اي واحد كان من التي في شرح واحد بعينه انه خير او محمود فان الباقية كلها يكون ذلك فيها مثبتا مثال ذلك ان العدالة كانت من الامور المحمودة فان العدل وقولنا علي جهة العدل ايضا من الامور المحمودة وقد يقال في قولنا علي جهة العدل وعلي جهة الاحماد انه في تصريف واحد من المحمود كما يقال ان قولنا علي جهة العدل من العدالة وينبغي ان نبحث في الضد لا فيما وصفنا فقط لكن وفي ضده مثال ذلك ان الخير ليس بلذيذ من الاضطرار وذلك ان ولا الشر ايضا مءذ وان كان هذا هكذا فذاك ايضا وان كان العدل علما فان الجور جهل وان كان ما هو علي جهة العدل هو علي جهة العلم والتخيل فما كان علي جهة الجور فهو علي جهة الجهل وقلة الحنكة وان كانت هذه ليست كذا فليست تيك ايضا كذا كما ليس هو فيما وصفنا الان ايضا وذلك انا قد نجد ما يكون علي جهة الظلم هو بان يكون علي جهة الحنكة اجري منه بان يكون علي جهة قلة الحنكة وهذا الموضع قد وصف اولا في لوازم المتضادات وذلك انا لسنا نسال الان شيءا اخر الا ان يكون الضد يلزم الضد وايضا فان للمثبت والمبطل حظا من النظر في الكون والفساد والامور الفاعلة والمفسدة وذلك ان الامور التي كونها من الخير فهي ايضا خير وان كانت هي خيرا فكونها ايضا خير والامور التي كونها شر فهي ايضا شر فاما في الفساد فالامر بالعكس وذلك ان فسادها ان كان من الخير فهي من الشر وان كان فسادها من الشر فهي من الخير والمعني واحد بعينه في الامور الفاعلة والامور المفسدة فان الامور التي ما يفعلها من الخير فهي من الخير والامور التي ما يفسدها من الخير فهي من الشر,2,9
Πάλιν ἐπὶ τῶν ὁμοίων εἰ ὁμοίως ἔχει οἷον εἰ ἐπιστήμη μία πλειόνων καὶ δόξα καὶ εἰ τὸ ὄψιν ἔχειν ὁρᾶν καὶ τὸ ἀκοὴν ἔχειν ἀκούειν Ὁμοίως δὲ καὶ ἐπὶ τῶν ἄλλων καὶ ἐπὶ τῶν ὄντων καὶ τῶν δοκούντων Χρήσιμος δ᾿ ὁ τόπος πρὸς ἄμφω εἰ μὲν γὰρ ἐπί τινος τῶν ὁμοίων οὕτως ἔχει καὶ ἐπὶ τῶν ἄλλων τῶν ὁμοίων εἰ δὲ ἐπί τινος μή οὐδ᾿ ἐπὶ τῶν ἄλλων Σκοπεῖν δὲ καὶ εἰ ἐφ᾿ ἑνὸς καὶ εἰ ἐπὶ πολλῶν ὁμοίως ἔχει ἐνιαχοῦ γὰρ διαφωνεῖ Οἷον εἰ τὸ ἐπίστασθαι διανοεῖσθαι καὶ τὸ πολλὰ ἐπίστασθαι πολλὰ διανοεῖσθαι Τοῦτο δ᾿ οὐκ ἀληθές ἐπίστασθαι μὲν γὰρ ἐνδέχεται πολλά διανοεῖσθαι δ᾿ οὔ Εἰ οὖν τοῦτο μή οὐδ᾿ ἐκεῖνο τὸ ἐφ᾿ ἑνός ὅτι τὸ ἐπίστασθαι διανοεῖσθαί ἐστιν Ἔτι ἐκ τοῦ μᾶλλον καὶ ἧττον Εἰσὶ δὲ τοῦ μᾶλλον καὶ ἦττον τόποι τέσσαρες εἷς μὲν εἰ ἀκολουθεῖ τὸ μᾶλλον τῷ μᾶλλον οἷον εἰ ἡδονὴ ἀγαθόν καὶ ἡ μᾶλλον ἡδονὴ μᾶλλον ἀγαθόν καὶ εἰ τὸ ἀδικεῖν κακόν καὶ τὸ μᾶλλον ἀδικεῖν μᾶλλον κακόν Χρήσιμος δ᾿ οὖν πρὸς ἄμφω ὁ τόπος εἰ μὲν γὰρ ἀκολουθεῖ τῇ τοῦ ὑποκειμένου ἐπιδόσει ἡ τοῦ συμβεβηκότος ἐπίδοσις καθάπερ εἴρηται δῆλον ὅτι συμβέβηκεν εἰ δὲ μὴ ἀκολουθεῖ οὐ συμβέβηκεν Τοῦτο δ᾿ ἐπαγωγῇ ληπτέον Ἄλλος ἑνὸς περὶ δύο λεγομένου εἰ ᾧ μᾶλλον εἰκὸς ὑπάρχειν μὴ ὑπάρχει οὐδ᾿ ᾧ ἧττον καὶ εἰ ᾧ ἧττον εἰκὸς ὑπάρχείν ὑπάρχει καὶ ᾧ μᾶλλον Πάλιν δυοῖν περὶ ἑνὸς λεγομένων εἰ τὸ μᾶλλον ὑπάρχειν δοκοῦν μὴ ὑπάρχει οὐδὲ τὸ ἧττον ἢ εἰ τὸ ἧττον δοκοῦν ὑπάρχειν ὑπάρχει καὶ τὸ μᾶλλον Ἔτι δυοῖν περὶ δύο λεγομένων εἰ τὸ θατέρῳ μᾶλλον ὑπάρχειν δοκοῦν μὴ ὑπάρχει οὐδὲ τὸ λοιπὸν τῷ λοιπῷ ἢ εἰ τὸ ἧττον δοκοῦν τῷ ἑτέρῳ ὑπάρχειν ὑπάρχει καὶ τὸ λοιπὸν τῷ λοιπῷ Ἔτι ἐκ τοῦ ὁμοίως ὑπάρχειν ἢ δοκεῖν ὑπάρχειν τριχῶς καθάπερ ἐπὶ τοῦ μᾶλλον ἐπὶ τῶν ὕστερον ῥηθέντων τριῶν τόπων ἐλέγετο Εἴτε γὰρ ἕν τι δυσὶν ὁμοίως ὑπάρχει ἢ δοκεῖ ὑπάρχειν εἰ τῷ ἑτέρῳ μὴ ὑπάρχει οὐδὲ τῷ ἑτέρῳ εἰ δὲ θατέρῳ ὑπάρχει καὶ τῷ λοιπῷ εἴτε δύο τῷ αὐτῷ ὁμοίως εἰ τὸ ἕτερον μὴ ὑπάρχει οὐδὲ τὸ λοιπόν εἰ δὲ θάτερον καὶ τὸ λοιπόν Τὸν αὐτὸν δὲ τρόπον καὶ εἰ δύο δυσὶν ὁμοίως ὑπάρχει εἰ γὰρ τὸ ἕτερον τῷ ἑτέρῳ μὴ ὑπάρχει οὐδὲ τὸ λοιπὸν τῷ λοιπῷ εἰ δὲ ὑπάρχει τὸ ἕτερον τῷ ἑτέρῳ καὶ τὸ λοιπὸν τῷ λοιπῷ,مواضع اخري وايضا ينبغي ان ننظر في الامور المتشابهة ان كانت حالها متشابهة مثال ذلك انه ان كان علم واحد باشياء كثيرة فقد يكون ظن واحد باشياء كثيرة وان كان ما له بصر يبصر فان ما له سمع يسمع وكذلك الحال في الامور الاخر الموجود منها والمظنون وهذا الموضع نافع في الامرين كليهما وذلك انه ان كانت حاله هذه الحال في شء من الامور المتشابهة فهي حاله في الاشياء الاخر المتشابهة وان كان في واحد منها ليس كذلك فليس هو في المتشابهة الاخر كذلك وينبغي ان ننظر هل الامر في واحد وفي كثير علي مثال واحد وذلك انه في بعض المواضع يختلف مثال ذلك انه ان كان العلم هو التصور فان العلم باشياء كثيرة هو التصور لاشياء كثيرة وليس هذا بحق لانه قد يمكن ان تعلم اشياء كثيرة وليس يمكن ان تتصور اشياء كثيرة فان لم يمكن هذا لم يكن ذاك اعني قولنا في واحد ان العلم هو تصور ما وقد يكون النظر ايضا من الامر الاكثر والاقل ومواضع الاكثر والاقل اربعة احدها هل يلزم الاكثر للاكثر مثال ذلك انه ان كانت اللذة خيرا فما كان اكثر لذة فهو اكثر خيرا وان كان الجور شرا فما كان اكثر جورا فهو اكثر شرا وهذا الموضع نافع في الامرين جميعا وذلك انه ان كان تزيد العرض يلزم الموضوع كما قيل فينبغي ان نضع انه قد عرض وان كان لم يلزمه فلم يعرض وهذا ينبغي ان يحصل باستقراء النظاءر والاخر اذا قيل شء واحد علي شيءين فان كان ما الاخلق به ان يكون احري بان يوجد لا يوجد فبالحري الا يوجد ما الاخلق به ان يكون دونه في الوجود وان كان ما الاخلق به ان يكون دونا في الوجود يوجد فبالحري ان يوجد ما الاخلق به ان يكون احري بان يوجد وايضا ان كان اثنان يقالان علي واحد فانه ان كان ما يظن به انه احري بان يوجد لا يوجد فان الذي هو دونه في ذلك احري بالا يوجد وان كان ما يظن به انه احري بان يكون وجوده اقل يوجد فالذي هو احري بان يوجد يوجد ايضا وايضا ان كان شيءان يقالان علي شيءين فانه ان كان الذي يظن به انه احري ان يوجد لاحدهما لا يوجد فالاحري بالباقي ان لا يوجد للباقي او ان كان الذي يظن به انه اقل وجودا يوجد للاخر فان الباقي يوجد للباقي ايضا وايضا الموضع الذي من وجود الشء علي جهة التشابه او علي جهة الظن يقال علي ثلاثة انحاء كما قيل في الثلاثة المواضع التي وصفنا اخيرا انها للاكبر وذلك انه ان كان شء من الاشياء يوجد في شيءين علي مثال واحد او يظن به انه يوجد فانه ان كان لا يوجد لاحدهما فليس يوجد للاخر وان كان يوجد لاحدهما فهو يوجد للاخر وان كان شيءان يوجدان لشء واحد بعينه علي مثال واحد فانه ان كان احدهما لا يوجد فليس يوجد الباقي وان كان احدهما يوجد فالباقي يوجد وكذلك الحال ان كان شيءان يوجدان لشيءين علي مثال واحد وذلك انه ان كان احد الاثنين لا يوجد لاحد الاثنين فليس يوجد الباقي من الاثنين للباقي من الاثنين الاخرين وان كان احد الاثنين يوجد لاحد الاثنين الاخرين فالباقي يوجد للباقي,2,10
Ἐκ μὲν οὖν τοῦ μᾶλλον καὶ ἧττον καὶ τοῦ ὁμοίως τοσαυταχῶς ἐνδέχεται ἐπιχειρεῖν ἔτι δ᾿ ἐκ τῆς προσθέσεως ἐὰν ἕτερον πρὸς ἕτερον προστεθὲν ποιῇ ἀγαθὸν ἢ λευκόν μὴ ὂν πρότερον λευκὸν ἢ ἀγαθόν τὸ προστεθὲν ἔσται λευκὸν ἢ ἀγαθόν οἷόν περ καὶ τὸ ὅλον ποιεῖ Ἔτι εἰ πρὸς τὸ ὑπάρχον προστεθέν τι μᾶλλον ποιεῖ τοιοῦτον οἷον ὑπῆρχε καὶ αὐτὸ ἔσται τοιοῦτον Ὁμοίως δὲ καὶ ἐπὶ τῶν ἄλλων Χρήσιμος δὲ οὐκ ἐν ἅπασιν ὁ τόπος ἀλλ᾿ ἐν οἷς τὴν τοῦ μᾶλλον ὑπεροχὴν συμβαίνει γίνεσθαι Οὗτος δὲ ὁ τόπος οὐκ ἀντιστρέφει πρὸς τὸ ἀνασκευάζειν Εἰ γὰρ μὴ ποιεῖ τὸ προστιθέμενον ἀγαθόν οὐδέπω δῆλον εἰ αὐτὸ μὴ ἀγαθόν τὸ γὰρ ἀγαθὸν κακῷ προστιθέμενον οὐκ ἐξ ἀνάγκης ἀγαθὸν τὸ ὅλον ποιεῖ οὐδὲ λευκὸν μέλανι Πάλιν εἴ τι μᾶλλον καὶ ἧττον λέγεται καὶ ἁπλῶς ὑπάρχει τὸ γὰρ μὴ ὂν ἀγαθὸν ἢ λευκὸν οὐδὲ μᾶλλον ἢ ἧττον ἀγαθὸν ἢ λευκὸν ῥηθήσεται τὸ γὰρ κακὸν οὐδενὸς μᾶλλον ἢ ἧττον ἀγαθόν ἀλλὰ μᾶλλον κακὸν ἢ ἧττον ῥηθήσεται Οὐκ ἀντιστρέφει δ᾿ οὐδ᾿ οὗτος ὁ τόπος πρὸς τὸ ἀνασκευάσαι Πολλὰ γὰρ τῶν οὐ λεγομένων μᾶλλον ἁπλῶς ὑπάρχει ἄνθρωπος γὰρ οὐ λέγεται μᾶλλον καὶ ἧττον ἀλλ᾿ οὐ διὰ τοῦτο οὐκ ἔστιν ἄνθρωπος Τὸν αὐτὸν δὲ τρόπον σκεπτέον καὶ ἐπὶ τοῦ κατά τι καὶ ποτὲ καὶ ποῦ εἰ γὰρ κατά τι ἐνδέχεται καὶ ἁπλῶς ἐνδέχεται Ὁμοίως δὲ καὶ τὸ ποτὲ ἢ ποῦ τὸ γὰρ ἁπλῶς ἀδύνατον οὔτε κατά τι οὔτε ποῦ οὔτε ποτὲ ἐνδέχεται Ἔνστασις ὅτι κατά τι μέν εἰσι φύσει σπουδαῖοι οἷον ἐλευθέριοι ἢ σωφρονικοί ἁπλῶς δὲ οὐκ εἰσὶ φύσει σπουδαῖοι οὐδεὶς γὰρ φύσει φρόνιμος Ὁμοίως δὲ καὶ ποτὲ ἐνδέχεται τῶν φθαρτῶν τι μὴ φθαρῆναι ἁπλῶς δ᾿ οὐκ ἐνδέχεται μὴ φθαρῆναι Τὸν αὐτὸν δὲ τρόπον καὶ ποῦ μὲν συμφέρει τοιαύτῃ διαίτῃ χρῆσθαι οἷον ἐν τοῖς νοσώδεσι τόποις ἁπλῶς δ᾿ οὐ συμφέρει Ἔτι δὲ ποῦ μὲν ἕνα μόνον δυνατὸν εἶναι ἁπλῶς δὲ οὐ δυνατὸν ἕνα μόνον εἶναι Τὸν αὐτὸν δὲ τρόπον καὶ ποῦ μὲν καλὸν τὸν πατέρα θύειν οἷον ἐν Τριβαλλοῖς ἁπλῶς δ᾿ οὐ καλόν Ἢ τοῦτο μὲν οὐ ποῦ σημαίνει ἀλλὰ τισίν οὐδὲν γὰρ διαφέρει ὅπου ἂν ὦσιν πανταχοῦ γὰρ αὐτοῖς ἔσται καλὸν οὖσι Τριβαλλοῖς Πάλιν ποτὲ μὲν συμφέρει φαρμακεύεσθαι οἷον ὅταν νοσῇ ἁπλῶς δ᾿ οὔ Ἢ οὐδὲ τοῦτο ποτὲ σημαίνει ἀλλὰ τῷ διακειμένῳ πως οὐδὲν γὰρ διαφέρει ὁποτεοῦν ἐὰν οὕτω μόνον διακείμενος ᾖ Τὸ δ᾿ ἁπλῶς ἐστὶν ὃ μηδενὸς προστεθέντος ἐρεῖς ὅτι καλόν ἐστιν ἢ τὸ ἐναντίον Οἷον τὸ τὸν πατέρα θύειν οὐκ ἐρεῖς καλὸν εἶναι ἀλλὰ τισὶ καλὸν εἶναι οὐκ ἄρα ἁπλῶς καλόν Ἀλλὰ τὸ τοὺς θεοὺς τιμᾶν ἐρεῖς καλὸν οὐδὲν προστιθείς ἁπλῶς γὰρ καλόν ἐστιν Ὥστε ὃ ἂν μηδενὸς προστιθεμένου δοκῇ εἶναι καλὸν ἢ αἰσχρὸν ἢ ἄλλο τι τῶν τοιούτων ἁπλῶς ῥηθήσεται ΤΟΠΙΚΩΝ Γ,مواضع اخري فهذا مبلغ الانحاء التي يمكن ان يحتج بها مما يقال علي الاكثر والاقل وما يقال علي مثال واحد وايضا من الزيادة اذا زيد شء علي شء اخر غيره فجعله خيرا او ابيض من غير ان يكون قبل ذلك خيرا او ابيض فالمزيد يكون خيرا او ابيض علي حسب ما جعل الجملة وايضا اذا زيد شء علي شء موجود فجعله ازيد في الحال التي كان عليها فهو ايضا يكون علي تلك الحال وكذلك يكون الامر في الباقي وهذا الموضع ليس هو نافعا في كل شء لكن في التي يعرض ان تكون فيها زيادة للاكثر وهذا الموضع ايضا ليس ينعكس علي الابطال وذلك انه ان لم يجعله المزيد خيرا لم يكن بينا بعد انه ليس بخير لان الخير اذا زيد علي شر لم يجعل الجملة خيرا من الاضطرار ولا الابيض يجعل الجملة بيضاء اذا زيد علي اسود ولا الحلو يجعل الجملة حلوة اذا زيد علي المر وايضا اذا قيل في شء من الاشياء للاكثر والاقل فقد يقال ايضا علي الاطلاق وذلك ان ما ليس هو بخير او ابيض ليس يقال فيه انه خير او ابيض باكثر او اقل لان الشر لا يقال فيه انه خير اكثر من شء او اقل من شء لكن يقال فيه انه شر اكثر او شر اقل وليس ينعكس هذا الموضع علي الابطال وذلك ان كثيرا مما ليس يقال بالاكثر والاقل يوجد علي الاطلاق فان الانسان لا يقال انه انسان بالاكثر والاقل وليس هو بهذه ليس بانسان وكذلك ينبغي ان ننظر ايضا فيما يقال فيه انه في شء من الاشياء وفي وقت من الاوقات وفي موضع من المواضع وذلك ان الشء الذي هو ممكن في شء من الاشياء قد يكون ممكنا علي الاطلاق وكذلك الحال فيما يوجد في وقت من الاوقات وموضع من المواضع فان ما هو ممتنع علي الاطلاق فليس يمكن ان يوجد في شء من الاشياء ولا في وقت من الاوقات ولا في موضع من المواضع وعناد هذا القول هو انه قد يوجد افاضل بالطبع في شء من الاشياء بمنزلة اسخياء او اعفاء وليس هم افاضل بالطبع علي الاطلاق وذلك انه ليس يوجد احد اديبا بالطبع وكذلك قد يمكن في وقت من الاوقات الا يفسد شء من الاشياء الفاسدة وليس يمكن الا يفسد علي الاطلاق وكذلك ايضا قد ينتفع باستعمال صنف من التدبير في موضع من المواضع الممرضة اعني في المواضع الوبءة وليس ينتفع به علي الاطلاق وايضا قد يمكن ان يكون شء في موضع من المواضع واحدا فقط وعلي الاطلاق لا يمكن ان يكون واحدا فقط وكذلك ذبح الاب حسن في موضع من المواضع بمنزلة ما هو في طريبالس وليس هو حسنا علي الاطلاق او يكون هذا المعني لا يدل علي انه في موضع من المواضع لا بل يدل علي انه عند قوم لان هو لا القوم حيثما كانوا فذلك عندهم حسن وايضا فقد ينتفع بشرب الدواء في وقت من الاوقات اعني في وقت المرض وليس ينتفع به علي الاطلاق او يكون هذا المعني لا يدل في وقت من الاوقات لكنه يكون نافعا لمن هو في حالة علة وذلك انه اذ كان بهذه الحال فقط ينتفع به من غير ان يقال اي وقت كان والذي يقال علي الاطلاق هو الذي يقال انه حسن او ضد ذلك من غير ان يزيد عليه شيءا مثال ذلك انك لا تقول ان ذبح الاب حسن مطلقا بل نقول انه حسن عند قوم فليس هو اذا حسنا علي الاطلاق وقد تقول ان عبادة الله حسنة من غير ان تضيف الي قولك شيءا اخر وذلك ان عبادة الله علي الاطلاق حسنة فيجب متي ظن بشء من الاشياء انه حسن او قبيح او شء اخر مما اشبه ذلك من غير ان يحتاج الي ان يزاد فيه شء من الاشياء فهو كذلك علي الاطلاق تمت المقالة الثاتية من كتاب طوبيقا وجدت في اخر هذه المقالة ما هذه حكايته في هذه المقالة مواضع يسيرة ترجمناها علي ما اوجبه ظاهر لفظها ولم يصح لنا معاها ونحن نراجع النظر فيها فما صحح لنا معناه منها نبهنا عليه ان شاء الله نقلت من نسخة الحسن بن سوار التي صححها من نسخ نظر فيها علي ابي بشر فرجع بالخلاف بين النسخ الي السرياني واصلحه علي ما اوجبته النسخ السريانية قوبل بالمقالة الاولي وهذه المقالة الثانية نسخة عتيقة ذكر ناسخهما انه كتبهما في سنة ثمان وتسعين وماءتين من الدستور الاصلي المصحح الذي نقل من اليوناني وقابل بهما عليه وانه قوبل بهما ايضا اليوناني وصححتا بحسب ذلك فكان ايضا موافقا,2,11
Γ Πότερον δ᾿ αἱρετώτερον ἢ βέλτιον δυεῖν ἢ πλειόνων ἐκ τῶνδε σκεπτέον Πρῶτον δὲ διωρίσθω ὅτι τὴν σκέψιν ποιούμεθα οὐχ ὑπὲρ τῶν πολὺ διεστώτων καὶ μεγάλην πρὸς ἄλληλα διαφορὰν ἐχόντων οὐδεὶς γὰρ ἀπορεῖ πότερον ἡ εὐδαιμονία ἢ ὁ πλοῦτος αἱρετώτερον ἀλλ᾿ ὑπὲρ τῶν σύνεγγυς καὶ περὶ ὧν ἀμφισβητοῦμεν ποτέρῳ δεῖ προσθέσθαι μᾶλλον διὰ τὸ μηδεμίαν ὁρᾶν τοῦ ἑτέρου πρὸς τὸ ἕτερον ὑπεροχήν Δῆλον οὖν ἐπὶ τῶν τοιούτων ὅτι δειχθείσης ὑπεροχῆς ἢ μιᾶς ἢ πλειόνων συγκαταθήσεται ἡ διάνοια ὅτι τοῦτ᾿ ἐστὶν αἱρετώτερον ὁπότερον τυγχάνει αὐτῶν ὑπερέχον Πρῶτον μὲν οὖν τὸ πολυχρονιώτερον ἢ βεβαιότερον αἱρετώτερον τοῦ ἧττον τοιούτου Καὶ ὃ μᾶλλον ἂν ἕλοιτο ὁ φρόνιμος ἢ ὁ ἀγαθὸς ἀνήρ ἢ ὁ νόμος ὁ ὀρθός ἢ οἱ σπουδαῖοι περὶ ἕκαστα αἱρούμενοι ᾗ τοιοῦτοί εἰσιν ἢ οἱ ἐν ἑκάστῳ γένει ἐπιστήμονες ἢ ὅσα οἱ πλείους ἢ πάντες οἷον ἐν ἰατρικῇ ἢ τεκτονικῇ ἃ οἱ πλείους τῶν ἰατρῶν ἢ πάντες ἢ ὅσα ὅλως οἱ πλείους ἢ πάντες ἢ πάντα οἶον τἀγαθόν πάντα γὰρ τἀγαθοῦ ἐφίεται Δεῖ δ᾿ ἄγειν πρὸς ὅ τι ἂν ᾖ χρήσιμον τὸ ῥηθησόμενον Ἔστι δ᾿ ἁπλῶς μὲν βέλτιον καὶ αἱρετώτερον τὸ κατὰ τὴν βελτίω ἐπιστήμην τινὶ δὲ τὸ κατὰ τὴν οἰκείαν Ἔπειτα δὲ τὸ ὅπερ τόδε τι τοῦ μὴ ἐν γένει οἷον ἡ δικαιοσύνη τοῦ δικαίου τὸ μὲν γὰρ ἐν γένει τῷ ἀγαθῷ τὸ δ᾿ οὔ καὶ τὸ μὲν ὅπερ ἀγαθόν τὸ δ᾿ οὔ οὐδὲν γὰρ λέγεται ὅπερ τὸ γένος ὃ μὴ τυγχάνει ἐν τῷ γένει ὄν οἷον ὁ λευκὸς ἄνθρωπος οὐκ ἔστιν ὅπερ χρῶμα Ὁμοίως δὲ καὶ ἐπὶ τῶν ἄλλων Καὶ τὸ δι᾿ αὑτὸ αἱρετὸν τοῦ δι᾿ ἕτερον αἱρετοῦ αἱρετώτερον οἷον τὸ ὑγιαίνειν τοῦ γυμνάζεσθαι τὸ μὲν γὰρ δι᾿ αὑτὸ αἱρετόν τὸ δὲ δι᾿ ἕτερον Καὶ τὸ καθ᾿ αὑτὸ τοῦ κατὰ συμβεβηκός οἷον τὸ τοὺς φίλους δικαίους εἶναι τοῦ τοὺς ἐχθρούς Τὸ μὲν γὰρ καθ᾿ αὑτὸ αἱρετόν τὸ δὲ κατὰ συμβεβηκός τὸ γὰρ τοὺς ἐχθροὺς δικαίους εἶναι κατὰ συμβεβηκὸς αἱρούμεθα ὅπως μηδὲν ἡμᾶς βλάπτωσιν Ἔστι δὲ τοῦτο ταὐτὸ τῷ πρὸ τούτου διαφέρει δὲ τῷ τρόπῳ τὸ μὲν γὰρ τοὺς φίλους δικαίους εἶναι δι᾿ αὑτὸ αἱρούμεθα καὶ εἰ μηδὲν ἡμῖν μέλλει ἔσεσθαι κἂν ἐν Ἰνδοῖς ὦσιν τὸ δὲ τοὺς ἐχθροὺς δι᾿ ἕτερον ὅπως μηθὲν ἡμᾶς βλάπτωσιν Καὶ τὸ αἴτιον ἀγαθοῦ καθ᾿ αὑτὸ τοῦ κατὰ συμβεβηκὸς αἰτίου καθάπερ ἡ ἀρετὴ τῆς τύχης ἡ μὲν γὰρ καθ᾿ αὑτὴν ἡ δὲ κατὰ συμβεβηκὸς αἰτία τῶν ἀγαθῶν καὶ εἴ τι ἄλλο τοιοῦτον Ὁμοίως δὲ καὶ ἐπὶ τοῦ ἐναντίου τὸ γὰρ καθ᾿ αὑτὸ κακοῦ αἴτιον φευκτότερον τοῦ κατὰ συμβεβηκός οἷον ἡ κακία καὶ ἡ τύχη τὸ μὲν γὰρ καθ᾿ αὑτὸ κακόν ἡ δὲ τύχη κατὰ συμβεβηκός Καὶ τὸ ἁπλῶς ἀγαθὸν τοῦ τινὶ αἱρετώτερον οἷον τὸ ὑγιάζεσθαι τοῦ τέμνεσθαι τὸ μὲν γὰρ ἁπλῶς ἀγαθόν τὸ δὲ τινὶ τῷ δεομένῳ τομῆς Καὶ τὸ φύσει τοῦ μὴ φύσει οἷον ἡ δικαιοσύνη τοῦ δικαίου τὸ μὲν γὰρ φύσει τὸ δ᾿ ἐπίκτητον Καὶ τὸ τῷ βελτίονι καὶ τιμιωτέρῳ ὑπάρχον αἱρετῶτερον οἷον θεῷ ἢ ἀνθρώπῳ καὶ ψυχῇ ἢ σώματι Καὶ τὸ τοῦ βελτίονος ἴδιον βέλτιον ἢ τὸ τοῦ χείρονος οἷον τὸ τοῦ θεοῦ ἢ τὸ τοῦ ἀνθρώπου κατὰ μὲν γὰρ τὰ κοινὰ ἐν ἀμφοτέροις οὐδὲν διαφέρει ἀλλήλων τοῖς δ᾿ ἰδίοις τὸ ἕτερον τοῦ ἑτέρου ὑπερέχει Καὶ τὸ ἐν βελτίοσιν ἢ προτέροις ἢ τιμιωτέροις βέλτιον οἷον ὑγίεια ἰσχύος καὶ κάλλους Ἡ μὲν γὰρ ἐν ὑγροῖς καὶ ξηροῖς καὶ θερμοῖς καὶ ψυχροῖς ἁπλῶς δ᾿ εἰπεῖν ἐξ ὧν πρώτων συνέστηκε τὸ ζῷον τὰ δ᾿ ἐν τοῖς ὑστέροις ἡ μὲν γὰρ ἰσχὺς ἐν τοῖς νεύροις καὶ ὀστοῖς τὸ δὲ κάλλος τῶν μελῶν τις συμμετρία δοκεῖ εἶναι Καὶ τὸ τέλος τῶν πρὸς τὸ τέλος αἱρετώτερον δοκεῖ εἶναι καὶ δυοῖν τὸ ἔγγιον τοῦ τέλους Καὶ ὅλως τὸ πρὸς τὸ τοῦ βίου τέλος αἱρετώτερον μᾶλλον ἢ τὸ πρὸς ἄλλο τι οἷον τὸ πρὸς εὐδαιμονίαν συντεῖνον ἢ τὸ πρὸς φρόνησιν Καὶ τὸ δυνατὸν τοῦ ἀδυνάτου Ἔτι δύο ποιητικῶν οὗ τὸ τέλος βέλτιον Ποιητικοῦ δὲ καὶ τέλους ἐκ τοῦ ἀνάλογον ὅταν πλείονι ὑπερέχῃ τὸ τέλος τοῦ τέλους ἢ ἐκεῖνο τοῦ οἰκείου ποιητικοῦ οἷον εἰ ἡ εὐδαιμονία πλείονι ὑπερέχει ὑγιείας ἢ ὑγίεια ὑγιεινοῦ τὸ ποιητικὸν εὐδαιμονίας βέλτιον ὑγιείας Ὅσῳ γὰρ ἡ εὐδαιμονία ὑγιείας ὑπερέχει τοσούτῳ καὶ τὸ ποιητικὸν τὸ τῆς εὐδαιμονίας τοῦ ὑγιεινοῦ ὑπερέχει Ἡ δὲ ὑγίεια τοῦ ὑγιεινοῦ ἐλάττονι ὑπερεῖχεν ὥστε πλείονι ὑπερέχει τὸ ποιητικὸν εὐδαιμονίας τοῦ ὑγιεινοῦ ἢ ἡ ὑγίεια τοῦ ὑγιεινοῦ Δῆλον ἄρα ὅτι αἱρετώτερον τὸ ποιητικὸν εὐδαιμονίας τῆς ὑγιείας τοῦ γὰρ αὐτοῦ πλείονι ὑπερέχει Ἔτι τὸ κάλλιον καθ᾿ αὑτὸ καὶ τιμιώτερον καὶ ἐπαινετώτερον οἷον φιλία πλούτου καὶ δικαιοσύνη ἰσχύος Τὰ μὲν γὰρ καθ᾿ αὑτὰ τῶν τιμίων καὶ ἐπαινετῶν τὰ δ᾿ οὐ καθ᾿ αὑτὰ ἀλλὰ δι᾿ ἕτερον οὐδεὶς γὰρ τιμᾷ τὸν πλοῦτον δι᾿ ἑαυτὸν ἀλλὰ δι᾿ ἕτερον τὴν δὲ φιλίαν καθ᾿ αὑτό καὶ εἰ μηδὲν μέλλει ἡμῖν ἕτερον ἀπ᾿ αὐτῆς ἔσεσθαι,مواضع قال ينبغي ان ننظر من هذه الاشياء اي الامور اثر او افضل سواء كانت الامور اثنين او اكثر من ذلك ويجب اولا ان نعلم انا لسنا نجعل البحث في الاشياء الكثيرة التباعد التي لبعضها من بعض فرق عظيم لانه ليس احد يشك فيقول اي الامرين اثر السعادة ام الغني لكن في الاشياء المتقاربة التي يلحقنا فيها الشك داءما في ايما منها ينبغي ان نضيف الاكبر من قبل انا لا نري للواحد علي الاخر شيءا من الفصل فمن البين في امثال هذه انه اذا تبين فضل واحد او اكثر اذعن الفكر بان الذي يوجد فيه الفضل هو الاثر فاول ذلك ان ما هو اطول زمانا واكثر ثباتا اثر مما هو دونه في هذه الحال وما يفضله عند الاختيار الرجل الاديب والصالح او الشريعة الصحيحة او الذي يختاره في واحد واحد من الاشياء ذوو الفضل بما هم كذلك او العلماء من واحد من اجناس العلم او ما يختاره الاكثر او الكل بمنزلة ما يختاره في صناعة الطب والنجارة اكثر المتطببين والنجارين او كلهم او ما يختاره بالجملة اكثر الناس او كلهم وما تختاره جميع الاشياء بمنزلة الحيوان فان جميع الاشياء تشتاق الخير وينبغي ان يكون ما نحن مزمعون ان نصفه يسوق الي شء نافع اي شء كان والافضل والااثر علي الاطلاق هو ما كان بحسب العلم الافضل والذي هو كذلك عند واحد هو ما كان بحسب العلم الذي يخصه وبعد ذلك الشء الذي هو المشار اليه افضل من الذي ليس هو في جنسه مثل ان العدالة افضل من العادل وذلك ان تلك في جنس الخير وهذا لا وتلك بالذات خير وهذا لا وذلك انه ليس يقال في شء من الاشياء ان الجنس ذات له متي لم يكن موجودا في الجنس مثال ذلك ان الانسان الابيض ليس اللون ذاتا له وكذلك في الاشياء الاخر والماثور من اجل نفسه اثر من الماثور من اجل غيره مثال ذلك ان الصحة اثر من الرياضة لان تلك ماثورة من اجل نفسها وهذه من اجل غيرها والماثور بذاته اثر من الذي هو بالعرض مثال ذلك ان كون الاصدقاء عدولا اثر من كون الاعداء كذلك فان ذاك ماثور بنفسه وهذا بالعرض وذلك انا انما نحب ان يكون اعداءنا عدولا بالعرض لءلا ينالنا منهم ضرر وهذا المعني والذي قبله شء واحد وانما يختلفان بالجهة وذلك ان كون الاصدقاء عدولا انما تحبه بنفسه وان لم ترتج من ذلك شيءا ولو كانوا بالهند واما محبتنا لان يكون اعداءنا عدولا فانما هو من اجل شء اخر وهو لءلا ينالنا منهم ضرر وما كان سببا للخير بذاته اثر مما هو سبب بالعرض كما ان الفضيلة اثر من البخت لان تلك سبب بذاتها وهذا سبب بالعرض وكذلك ما جري هذا المجري وعلي هذا المثال الامر في الضد وذلك ان الذي هو سبب للشر بذاته يتجنب اكثر مما هو سبب له بالعرض بمنزلة الرذيلة والبخت فان تلك بذاتها شر والبخت بالعرض وما كان علي الاطلاق عند كل انسان خيرا اثر مما هو خير عند واحد بمنزلة ما ان الصحة اثر من البط لان تلك خير علي الاطلاق وهذا خير عند واحد وهو الذي يحتاج الي البط وما كان بالطبع اثر مما ليس هو بالطبع بمنزلة ما ان العدالة اثر من العادل لان تلك بالطبع وهذا مكتسب وما كان موجودا للشء الافضل والاكرم فهو اثر مثل ان ما هو موجود لله اثر مما هو موجود للانسان وما هو موجود للنفس اثر مما هو للبدن وما يخص الافضل افضل بالاشياء المشتركة في كليهما ليس يختلفان فاما بالاشياء التي تخصهما فقد يفضل احدهما صاحبه وما كان في الامور التي هي افضل او اقدم او اكرم فهو افضل مثل ان الصحة افضل من الشدة والجمال لان تلك في الاشياء الرطبة واليابسة وبالجملة في الاشياء التي هي اول ما منه تركب الحي وهذان في الاشياء الاخيرة وذلك ان الشدة في العصب والعظام والجمال يظن به انه اعتدال ما للاعضاء والغاية اثر مما يسوق الي الغاية وان كان ما يسوق اليهما اثنين فاقر بهما اليها اثر وبالجملة ما يسوق الي الغاية في المعاش اثر من الذي يسوق الي شء اخر مثال ذلك ان ما ينتفع به في السعادة اثر مما ينتفع به في الادب وما هو ممكن اثر مما هو غير ممكن وايضا متي كان شيءان فاعلين فان الذي غايته افضل هو اثر وايضا من مقايسة الفاعل الي الغاية اذا فضلت الغاية علي الغاية باكثر من فضلها علي فاعلها كان الفاعل اثر من الغاية مثال ذلك انه ان كانت السعادة تفضل الصحة باكثر من فضل الصحة علي المصح فان الفاعل للسعادة افضل من الصحة وذلك انه بحسب ما تفضل السعادة الصحة يفضل فاعل السعادة علي فاعل الصحة والصحة تفضل المصح بقليل ففاعل السعادة يفضل المصح باكثر مما تفضل الصحة المصح فمن البين ان فاعل السعادة اثر من الصحة وذلك انه يفضل علي شء واحد بعينه بشء كثير وايضا فان الاجود بذاته والاكرم والاحمد هو اثر بمنزلة ان الصحة اثر من الغني والعدالة من الشدة لان تلك من الاشياء الكريمة المحمودة بذاتها وهذه ليست بذاتها لا بل من اجل غيرها وذلك انه ليس احد يكرم الغني لذاته لكن لشء اخر فاما الصحة فتكرم بنفسها وان لم يقدر ان ينالنا منها شء اخر,3,1
Ἔτι ὅταν δύο τινὰ ᾖ σφόδρα ἀλλήλοις παραπλήσια καὶ μὴ δυνώμεθα ὑπεροχὴν μηδεμίαν συνιδεῖν τοῦ ἑτέρου πρὸς τὸ ἕτερον ὁρᾶν ἀπὸ τῶν παρεπομένων ᾧ γὰρ ἕπεται μεῖζον ἀγαθόν τοῦθ᾿ αἱρετώτερον Ἂν δ᾿ ᾖ τὰ ἑπόμενα κακά ᾧ τὸ ἔλαττον ἀκολουθεῖ κακόν τοῦθ᾿ αἱρετώτερον Ὄντων γὰρ ἀμφοτέρων αἱρετῶν οὐδὲν κωλύει δυσχερές τι παρέπεσθαι Διχῶς δ᾿ ἀπὸ τοῦ ἕπεσθαι ἡ σκέψις καὶ γὰρ πρότερον καὶ ὕστερον ἕπεται οἷον τῷ μανθάνοντι τὸ μὲν ἀγνοεῖν πρότερον τὸ δ᾿ ἐπίστασθαι ὕστερον Βέλτιον δ᾿ ὡς ἐπὶ τὸ πολὺ τὸ ὕστερον ἑπόμενον Λαμβάνειν οὖν τῶν ἑπομένων ὁπότερον ἂν ᾖ χρήσιμον Ἔτι τὰ πλείω ἀγαθὰ τῶν ἐλαττόνων ἢ ἁπλῶς ἢ ὅταν τὰ ἕτερα ἐν τοῖς ἑτέροις ὑπάρχῃ τὰ ἐλάττῳ ἐν τοῖς πλείοσιν Ἔνστασις εἴ που θάτερον θατέρου χάριν οὐδὲν γὰρ αἱρετώτερα τὰ ἄμφω τοῦ ἑνός οἷον τὸ ὑγιάζεσθαι καὶ ἡ ὑγίεια τῆς ὑγιείας ἐπειδὴ τὸ ὑγιάζεσθαι τῆς ὑγιείας ἕνεκεν αἱρούμεθα Καὶ μὴ ἀγαθὰ δὲ ἀγαθῶν οὐδὲν κωλύει εἶναι αἱρετώτερα οἷον εὐδαιμονίαν καὶ ἄλλο τι ὃ μή ἐστιν ἀγαθὸν δικαιοσύνης καὶ ἀνδρίας Καὶ ταὐτὰ μεθ᾿ ἡδονῆς μᾶλλον ἢ ἄνευ ἡδονῆς Καὶ ταὐτὰ μετ᾿ ἀλυπίας μᾶλλον ἢ μετὰ λύπης Καὶ ἕκαστον ἐν ᾧ καιρῷ μεῖζον δύναται ἐν τούτῳ καὶ αἱρετώτερον οἷον τὸ ἀλύπως ἐν τῷ γήρᾳ μᾶλλον ἢ ἐν τῇ νεότητι μεῖζον γὰρ ἐν τῷ γήρᾳ δύναται Κατὰ ταῦτα δὲ καὶ ἡ φρόνησις ἐν τῷ γήρᾳ αἱρετώτερον οὐδεὶς γὰρ τοὺς νέους αἱρεῖται ἡγεμόνας διὰ τὸ μὴ ἀξιοῦν φρονίμους εἶναι Ἡ δ᾿ ἀνδρία ἀνάπαλιν ἐν τῇ νεότητι γὰρ ἀναγκαιοτέρα ἡ κατὰ τὴν ἀνδρίαν ἐνέργεια Ὁμοίως δὲ καὶ ἡ σωφροσύνη μᾶλλον γὰρ οἱ νέοι τῶν πρεσβυτέρων ὑπὸ τῶν ἐπιθυμιῶν ἐνοχλοῦνται Καὶ ὃ ἐν παντὶ καιρῷ ἢ ἐν τοῖς πλείστοις χρησιμώτερον οἷον δικαιοσύνη καὶ σωφροσύνη ἀνδρίας αἱ μὲν γὰρ ἀεὶ ἡ δὲ ποτὲ χρησίμη Καὶ ὃ πάντων ἐχόντων μηδὲν θατέρου δεόμεθα ἢ ὃ ἐχόντων προσδεόμεθα τοῦ λοιποῦ καθάπερ ἐπὶ δικαιοσύνης καὶ ἀνδρίας δικαίων μὲν γὰρ πάντων ὄντων οὐδὲν χρήσιμος ἡ ἀνδρία ἀνδρείων δὲ πάντων ὄντων χρήσιμος ἡ δικαιοσύνη Ἔτι ἐκ τῶν φθορῶν καὶ τῶν ἀποβολῶν καὶ τῶν γενέσεων καὶ τῶν λήψεων καὶ τῶν ἐναντίων ὧν γὰρ αἱ φθοραὶ φευκτότεραι αὐτὰ αἱρετώτερα Ὁμοίως δὲ καὶ ἐπὶ τῶν ἀποβολῶν καὶ τῶν ἐναντίων οὗ γὰρ ἡ ἀποβολὴ ἢ τὸ ἐναντίον φευκτότερον αὐτὸ αἱρετώτερον Ἐπὶ δὲ τῶν γενέσεων καὶ τῶν λήψεων ἀνάπαλιν ὧν γὰρ αἱ λήψεις καὶ αἱ γενέσεις αἱρετώτεραι καὶ αὐτὰ αἱρετώτερα Ἄλλος τόπος τὸ ἐγγύτερον τἀγαθοῦ βέλτιον καὶ αἱρετώτερον Καὶ τὸ ὁμοιότερον τἀγαθῷ οἷον ἡ δικαιοσύνη δικαίου Καὶ τὸ τῷ βελτίονι αὑτοῦ ὁμοιότερον καθάπερ τὸν Αἴαντα τοῦ Ὀδυσσέως φασὶ βελτίω τινὲς εἶναι διότι ὁμοιότερος τῷ Ἀχιλλεῖ Ἔνστασις τούτου ὅτι οὐκ ἀληθές οὐδὲν γὰρ κωλύει μὴ ᾗ βέλτιστος ὁ Ἀχιλλεύς ταύτῃ ὁμοιότερον εἶναι τὸν Αἴαντα τοῦ ἑτέρου ὄντος μὲν ἀγαθοῦ μὴ ὁμοίου δέ Σκοπεῖν δὲ καὶ εἰ ἐπὶ τὸ γελοιότερον εἴη ὅμοιον καθάπερ ὁ πίθηκος τῷ ἀνθρώπῳ τοῦ ἵππου μὴ ὄντος ὁμοίου οὐ γὰρ κάλλιον ὁ πίθηκος ὁμοιότερον δὲ τῷ ἀνθρώπῳ Πάλιν ἐπὶ δυοῖν εἰ τὸ μὲν τῷ βελτίονι τὸ δὲ τῷ χείρονι ὁμοιότερον εἴη ἂν βέλτιον τὸ τῷ βελτίονι ὁμοιότερον Ἔχει δὲ καὶ τοῦτο ἔνστασιν οὐδὲν γὰρ κωλύει τὸ μὲν τῷ βελτίονι ἠρέμα ὅμοιον εἶναι τὸ δὲ τῷ χείρονι σφόδρα οἷον εἰ ὁ μὲν Αἴας τῷ Ἀχιλλει ἠρέμα ὁ δ᾿ Ὀδυσσεὺς τῷ Νέστορι σφόδρα Καὶ εἰ τὸ μὲν τῷ βελτίονι ὅμοιον ἐπὶ τὰ χείρω ὅμοιον εἴη τὸ δὲ τῷ χείρονι ἐπὶ τὰ βελτίω καθάπερ ἵππος ὄνῳ καὶ πίθηκος ἀνθρώπῳ Ἄλλος τὸ ἐπιφανέστερον τοῦ ἧττον τοιούτου καὶ τὸ χαλεπώτερον μᾶλλον γὰρ ἀγαπῶμεν ἔχοντες ἃ μὴ ἔστι ῥᾳδίως λαβεῖν Καὶ τὸ ἰδιαίτερον τοῦ κοινοτέρου Καὶ τὸ τοῖς κακοῖς ἀκοινωνητότερον αἱρετώτερον γὰρ ᾧ μηδεμία δυσχέρεια ἀκολουθεῖ ἢ ᾧ ἀκολουθεῖ Ἔτι εἰ ἁπλῶς τοῦτο τούτου βέλτιον καὶ τὸ βέλτιστον τῶν ἐν τούτῳ βέλτιον τοῦ ἐν τῷ ἑτέρῳ βελτίστου οἷον εἰ βέλτιον ἄνθρωπος ἵππου καὶ ὁ βέλτιστος ἄνθρωπος τοῦ βελτίστου ἵππου βελτίων Καὶ εἰ τὸ βέλτιστον τοῦ βελτίστου βέλτιον καὶ ἁπλῶς τοῦτο τούτου βέλτιον οἷον εἰ ὁ βέλτιστος ἄνθρωπος τοῦ βελτίστου ἵππου βελτίων καὶ ἁπλῶς ἄνθρωπος ἵππου βελτίων Ἔτι ὧν ἔστι τοὺς φίλους μετασχεῖν αἱρετώτερα ἢ ὧν μή Καὶ ἃ πρὸς τὸν φίλον πρᾶξαι μᾶλλον βουλόμεθα ἢ ἃ πρὸς τὸν τυχόντα ταῦτα αἱρετώτερα οἷον τὸ δικαιοπραγεῖν καὶ εὖ ποιεῖν μᾶλλον ἢ τὸ δοκεῖν τοὺς γὰρ φίλους εὖ ποιεῖν βουλόμεθα μᾶλλον ἢ δοκεῖν τοὺς δὲ τυχόντας ἀνάπαλιν Καὶ τὰ ἐκ περιουσίας τῶν ἀναγκαίων βελτίω ἐνίοτε δὲ καὶ αἱρετώτερα βέλτιον γὰρ τοῦ ζῆν τὸ εὖ ζῆν τὸ δὲ εὖ ζῆν ἐστὶν ἐκ περιουσίας αὐτὸ δὲ τὸ ζῆν ἀναγκαῖον Ἐνίοτε δὲ τὰ βελτίω οὐχὶ καὶ αἱρετώτερα οὐ γὰρ εἰ βελτίω ἀναγκαῖον καὶ αἱρετώτερα τὸ γοῦν φιλοσοφεῖν βέλτιον τοῦ χρηματίζεσθαι ἀλλ᾿ οὐχ αἱρετώτερον τῷ ἐνδεεῖ τῶν ἀναγκαίων Τὸ δ᾿ ἐκ περιουσίας ἐστίν ὅταν ὑπαρχόντων τῶν ἀναγκαίων ἄλλα τινὰ προσκατασκευάζηταί τις τῶν καλῶν Σχεδὸν δὲ ἴσως αἱρετώτερον τὸ ἀναγκαῖόν ἐστι βέλτιον δὲ τὸ ἐκ περιουσίας Καὶ ὃ μὴ ἔστι παρ᾿ ἄλλου πορίσασθαι ἢ ὃ ἔστι καὶ παρ᾿ ἄλλου οἷον πέπονθεν ἡ δικαιοσύνη πρὸς τὴν ἀνδρίαν Καὶ εἰ τόδε μὲν ἄνευ τοῦδε αἱρετόν τόδε δὲ ἄνευ τοῦδε μή οἷον δύναμις ἄνευ φρονήσεως οὐχ αἱρετόν φρόνησις δ᾿ ἄνευ δυνάμεως αἱρετόν Καὶ δυοῖν εἰ θάτερον ἀρνούμεθα ἵνα τὸ λοιπὸν δόξῃ ἡμῖν ὑπάρχειν ἐκεῖνο αἱρετώτερον ὃ βουλόμεθα δοκεῖν ὑπάρχειν οἷον φιλοπονεῖν ἀρνούμεθα ἵν᾿ εὐφυεῖς εἶναι δόξωμεν Ἔτι οὗ τῇ ἀπουσίᾳ ἧττον ἐπιτιμητέον δυσφοροῦσι τοῦτο αἱρετώτερον Καὶ οὗ τῇ ἀπουσίᾳ μὴ δυσφοροῦντι μᾶλλον ἐπιτιμητέον τοῦτο αἱρετώτερον,مواضع اخري وايضا متي كان شيءان متقاربين جدا ولم يمكنا ان نبين ان احدهما يفضل الاخر في شء اصلا فينبغي ان ننظر في توابعهما وذلك ان الذي يتبعه خير اكثر هو اثر وان كانت توابعهما شرا فالذي يتبعه شر اقل هو اثر وذلك انهما اذا كانا جميعا ماثورين فليس يمنع مانع من ان يكون يتبعهما شء مكروه والبحث عن الاتباع يكون علي وجهين وذلك ان الشء يتبع الشء بالتقدم والتاخر مثال ذلك ما يتبع المتعلم من الجهل والعلم فان الجهل بما يتعلمه متقدم والتعلم به متاخر والتابع باخرة في اكثر الامر افضل فينبغي ان ناخذ من التوابع انفعها وايضا الخيرات الكثيرة اثر من التي هي اقل اما علي الاطلاق واما اذا كانت اشياء توجد في غيرها وكان الاقل في الاكثر والعناد في ذلك هو ان يكون مجموع الاثنين اثر من الواحد مثال ذلك قولنا ان يصح والصحة اثر من الصحة لان قولنا ان يصح انما نءثره من اجل الصحة وليس يمنع مانع ان يكون ما ليس بخير اثر مما هو خير بمنزلة ان السعادة وغيرها مما ليس هو خيرا اثر من العدالة ومن الشجاعة وهذه اذا كانت مع لذة اثر من التي تكون بغير لذة واذا كانت بغير اذي فهي اثر من التي مع اذي وكل واحد من الاشياء في الوقت الذي تكون قوته اعظم فيه يكون اثر بمنزلة ما ان قلة الاذي في الشيخوخة اثر منها في الشباب لان قوتها في الشيخوخة اعظم وعلي مثال ذلك الادب في وقت الشيخوخة اثر وذلك ان ليس احد يختار الشباب رءساء من قبل انه لا يري انهم ادباء فاما الشجاعة فالحال فيها بالعكس وذلك ان الضرورة الي فعل الشجاعة في الشباب اشد وكذلك العفة وذلك ان الشباب اشد تاذيا بالشهوات من الشيوخ والشء الذي هو انفع في كل وقت او في اكثر الاوقات هو اثر بمنزلة ما ان العدالة والعفة اثر من الشجاعة وذلك ان تينك نافعتان داءما وهذه في بعض الاوقات والشء اذا كان لنا باجمعنا لم نحتج الي نظيره اصلا اثر من الذي اذا كان لنا احتجنا معه الي الباقي كالحال في العدالة والشجاعة وذلك ان الناس كلهم اذا كانوا عدولا لم ينتفع بالشجاعة واذا كانوا كلهما شجعانا انتفع بالعدالة وايضا الموضع الماخوذ من الفساد والاطراح والكون والاتخاذ والتضاد ينبغي ان ينظر فيه وذلك ان الامور التي نتجنب فسادها اكثر هي اثر وكذلك الامر في الاطراح والتضاد وذلك ان ما كان اطراحه او ضده يتجنب اكثر فهو اثر والامر في الكون والاتخاذ بعكس ذلك فان الاشياء التي اتخاذها وكونها اثر هي ايضا اثر وموضع اخر ان الشء الذي هو اقرب الي الخير هو افضل واثر والذي هو اكثر شبها به هو افضل واثر بمنزلة ما ان العدالة افضل من العدل والاشبه منهما ايضا بالافضل اثر بمنزلة ما يقول قوم ان ااس افضل من ادسوس لانه اشبه باشلوس وقد يعاند هذا القول بان يقال انه ليس بحق وذلك انه ليس يمنع مانع من الا يكون ااس اشبه باشلوس من جهة ما اشلوس افضل ويكون اودسس خيرا وليس شبيها باشلوس وينبغي ان ننظر لعلة شبيه فيما هو اولي ان يضحك منه بمنزلة ما ان القرد شبيه بالانسان والفرس غير شبيه به فان القرد ليس بافضل من الفرس وان كان اشبه بالانسان منه وايضا اذا كان احد امرين اشبه بالافضل والاخر اشبه بالاخس فان الاشبه بالافضل افضل وقد يعاند هذا القول ايضا وذلك انه ليس يمنع مانع من ان يكون احدهما يشبه الافضل شبها يسيرا والاخر يشبه الاخس شبها كثيرا مثال ذلك ان يكون ااس يشبه اشلوس شبها يسيرا واذسوس يشبه نسطر شبها كثيرا وان يكون احدهما يشبه الافضل فيما هو اخس والاخر يشبه الاخس فيما هو افضل كشبه الفرس بالحمار والقرد بالانسان وموضع اخر ان الشء الذي هو اظهر اثر مما هو دونه في هذه الحال والشء الذي هو اصعب ايضا اثر وذلك انا اذا اقتنينا ما لا يسهل تناوله كان سرورنا به اكثر وكذلك ايضا ما هو اكثر خصوصا اثر مما هو اكثر عموما وما هو ايضا عادم لمشاركته الاشياء الرديءة هو اثر وذلك ان ما لم يلحقه شء من المكروه اثر مما يلحقه ذلك وايضا ان كان علي الاطلاق كذا افضل من كذا فان المتقدم في الفضل مما في هذا افضل من المتقدم في الفضل مما في الاخر مثال ذلك انه ان كان الانسان افضل من الفرس فان المتقدم من الناس من الفضل افضل من المتقدم في الخليل في الفضل وان كان المتقدم في الفضل افضل من المتقدم في الفضل فانه علي الاطلاق كذا افضل من كذا مثال ذلك انه ان كان المتقدم من الناس في الفضل افضل من المتقدم في الخليل فان الانسان علي الاطلاق افضل من الفرس وايضا ما يناله الاصدقاء اثر عندنا مما لا ينالونه وما يجب ان نفعله بالصديق اكثر مما يفعله بافناء الناس هو اثر عنده مثال ذلك ان الانصاف والاحسان افضل من الظن وذلك انا نحب ان نعدل علي اصدقاءنا ونحسن اليهم اكثر مما نحب ان يكون ذلك منا اليهم بالظن ونحب ان نفعل بافناء الناس عكس ذلك والاشياء التي هي من الفضل افضل من الاشياء الضرورية وربما كانت اثر لان جودة العيش افضل من العيش وجودة العيش من الفضل والعيش نفسه ضروري وربما كانت الاشياء التي هي افضل ليست اثر ايضا وذلك انه ليس ان كان الافضل ضروريا فهو ايضا اثر لان التفلسف افضل من اقتناء المال الا انه ليس باثر عند المحتاج الي ما لا بد منه والذي منه الفضل هو اذا كانت الاشياء الضرورية موجودة فاعد الانسان معها اشياء اخر جيدة ويكاد ان يكون الامر الضروري اثر والذي من الفضل افضل وما لم يكن اكتسابه من غيره اثر مما يمكن ان يكتسب من غيره كحال العدالة عند الشجاعة وان كان هذا الشء ماثورا بغير هذا الشء وهذا ليس هو ماثورا من غير هذا الشء مثال ذلك ان القوة ليست ماثورة بغير فهم والفهم ماثور بغير قوة وان نحن كتمنا احد امرين ليظن بنا ان الامر الباقي موجود لنا فذلك الذي يجب ان يظن بنا انه لنا اثر عندنا مثال ذلك انا نكتم الحرص ليظن بنا انا مطبوعون وايضا الشء الذي بفقده يقل انكار من يستقله هو اثر والشء الذي بفقده لا يكثر انكار من يستقله هو اثر,3,2
Ἔτι τῶν ὑπὸ τὸ αὐτὸ εἶδος τὸ ἔχον τὴν οἰκείαν ἀρετὴν τοῦ μὴ ἔχοντος Ἄμφω δ᾿ ἐχόντων τὸ μᾶλλον ἔχον Ἔτι εἰ τὸ μὲν ποιεῖ ἀγαθὸν ἐκεῖνο ᾧ ἂν παρῃ τὸ δὲ μὴ ποιεῖ τὸ ποιοῦν αἱρετώτερον καθάπερ καὶ θερμότερον τὸ θερμαῖνον τοῦ μή Εἰ δ᾿ ἄμφω ποιεῖ τὸ μᾶλλον ποιοῦν ἢ εἰ τὸ βέλτιον καὶ κυριώτερον ποιεῖ ἀγαθόν οἷον εἰ τὸ μὲν τὴν ψυχὴν τὸ δὲ τὸ σῶμα Ἔτι ἀπὸ τῶν πτώσεων καὶ τῶν χρήσεων καὶ τῶν πράξεων καὶ τῶν ἔργων καὶ ταῦτα δὲ ἀπ᾿ ἐκείνων ἀκολουθεῖ γὰρ ἀλλήλοις οἷον εἰ τὸ δικαίως αἱρετώτερον τοῦ ἀνδρείως καὶ ἡ δικαιοσύνη τῆς ἀνδρίας αἱρετώτερον καὶ εἰ ἡ δικαιοσύνη τῆς ἀνδρίας αἱρετώτερον καὶ τὸ δικαίως τοῦ ἀνδρείως Παραπλησίως δὲ καὶ ἐπὶ τῶν ἄλλων Ἔτι εἴ τινος τοῦ αὐτοῦ τὸ μὲν μεῖζον ἀγαθόν ἐστι τὸ δὲ ἔλαττον αἱρετώτερον τὸ μεῖζον Ἢ εἰ μείζονος μεῖζον θάτερον Ἀλλὰ καὶ εἰ δύο τινὰ τινὸς εἴη αἱρετώτερα τὸ μᾶλλον αἱρετώτερον τοῦ ἧττον αἱρετωτέρου αἱρετώτερον Ἔτι οὗ ἡ ὑπερβολὴ τῆς ὑπερβολῆς αἱρετωτέρα καὶ αὐτὸ αἱρετώτερον οἷον φιλία χρημάτων αἱρετωτέρα γὰρ ἡ τῆς φιλίας ὑπερβολὴ τῆς τῶν χρημάτων Καὶ οὗ μᾶλλον ἂν ἕλοιτο αὐτὸς αὑτῷ αἴτιος εἶναι ἢ οὗ ἕτερον οἷον τοὺς φίλους τῶν χρημάτων Ἔτι ἐκ τῆς προσθέσεως εἰ τῷ αὐτῷ προστιθέμενόν τι τὸ ὅλον αἱρετώτερον ποιεῖ Εὐλαβεῖσθαι δὲ δεῖ προτείνειν ἐφ᾿ ὧν τῷ μὲν ἑτέρῳ τῶν προστιθεμένων χρῆται τὸ κοινὸν ἢ ἄλλως πως συνεργόν ἐστι τῷ δὲ λοιπῷ μὴ χρῆται μηδὲ συνεργόν ἐστιν οἷον πρίονα καὶ δρέπανον μετὰ τεκτονικῆς αἱρετώτερον γὰρ ὁ πρίων συνδυαζόμενος ἁπλῶς δὲ οὐχ αἱρετώτερον Πάλιν εἰ ἐλάττονι προστεθέν τι τὸ ὅλον μεῖζον ποιεῖ Ὁμοίως δὲ καὶ ἐκ τῆς ἀφαιρέσεως οὗ γὰρ ἀφαιρεθέντος ἀπὸ τοῦ αὐτοῦ τὸ λειπόμενον ἔλαττον ἐκεῖνο μεῖζον αν εἴη ὁπότε ἀφαιρεθὲν τὸ λειπόμενον ἔλαττον ποιεῖ Καὶ εἰ τὸ μὲν δι᾿ αὑτὸ τὸ δὲ διὰ τὴν δόξαν αἱρετόν οἷον ὑγίεια κάλλους Ὅρος δὲ τοῦ πρὸς δόξαν τὸ μηδενὸς συνειδότος μὴ ἂν σπουδάσαι ὑπάρχειν Καὶ εἰ τὸ μὲν δι᾿ αὑτὸ καὶ διὰ τὴν δόξαν αἱρετόν τὸ δὲ διὰ θάτερον μόνον Καὶ ὁπότερον μᾶλλον δι᾿ αὑτὸ τίμιον τοῦτο καὶ βέλτιον καὶ αἱρετώτερον Τιμιώτερον δ᾿ ἂν εἴη καθ᾿ αὑτό ὃ μηδενὸς ἄλλου μέλλοντος ὑπάρξειν δι᾿ αὑτὸ αἱρούμεθα μᾶλλον Ἔτι διελέσθαι ποσαχῶς τὸ αἱρετὸν λέγεται καὶ τίνων χάριν οἷον τοῦ συμφέροντος ἢ τοῦ καλοῦ ἢ τοῦ ἡδέος τὸ γὰρ πρὸς ἅπαντα ἢ πρὸς τὰ πλείω χρήσιμον αἱρετώτερον ἂν ὑπάρχοι τοῦ μὴ ὁμοίως Τῶν δ᾿ αὐτῶν ἀμφοτέροις ὑπαρχόντων ὁποτέρῳ μᾶλλον ὑπάρχει σκεπτέον πότερον ἥδιον ἢ κάλλιον ἢ συμφερώτερον Πάλιν τὸ τοῦ βελτίονος ἕνεκεν αἱρετώτερον οἷον τὸ ἀρετῆς ἕνεκεν ἢ ἡδονῆς Ὁμοίως δὲ καὶ ἐπὶ τῶν φευκτῶν φευκτότερον γὰρ τὸ μᾶλλον ἐμποδιστικὸν τῶν αἱρετῶν οἷον νόσος αἴσχους καὶ γὰρ ἡδονῆς καὶ τοῦ σπουδαῖον εἶναι κωλυτικώτερον ἡ νόσος Ἔτι ἐκ τοῦ ὁμοίως δεικνύναι φευκτὸν καὶ αἱρετὸν τὸ προκείμενον ἧττον γὰρ αἱρετὸν τὸ τοιοῦτον ὃ καὶ ἕλοιτ᾿ ἄν τις ὁμοίως καὶ φύγοι τοῦ ἑτέρου ὄντος αἱρετοῦ μόνον,مواضع اخري وايضا ما كان من اشياء تحت نوع واحد له الفضيلة التي تخص النوع هو اثر مما ليست له تلك الفضيلة واذا كانت الفضيلة لكليهما فاثرهما الذي له اكثر وايضا ان كان شء يفعل خيرا بمن يحضره واخر لا يفعل فان الذي يفعل اثر كما ان المسخن اسخن مما لا يسخن وان كانا كلاهما يفعلان ذلك فاكثرهما فعلا اثر او الذي يجعل الشء الافضل والاخص خيرا بمنزلة ما ان كان احدهما يجعل النفس كذلك والاخر يجعل البدن وايضا ينبغي ان ننظر فيما كان من التصاريف والاستعمالات والافعال والاعمال وننظر في هذه ايضا من تلك لان بعضها يتبع بعضا مثال ذلك انه ان كان ما يجري علي جهة العدل اثر مما يجري علي جهة الشجاعة فان العدالة اثر من الشجاعة وان كانت العدالة اثر من الشجاعة فان ما يجري علي جهة العدل اثر مما يجري علي جهة الشجاعة وكذلك الامر في الاشياء الاخر وايضا اذا كان لشء واحد بعينه يوجد شء هو اجود منه واخر دونه في الجودة فان الاجود اثر وان كان احد الاثنين اجود بكثير وايضا ما كانت زيادته اثر من زيادة غيره فهو ايضا اثر مثال ذلك ان المحبة اثر من المال وذلك ان زيادة افراط المحبة اثر من زيادة المال والشء الذي هو احب الي الانسان ان يكون هو شبيها لنفسه اثر عنده مما يكون شبيه غيره مثل ما ان الاصدقاء اثر من الاموال وايضا ما يكون من الزيادة وهو ان ننظر ان كان اذا زيد علي شء واحد بعينه جعل الجملة اثر وينبغي ان نتوقي ان نقدم الاشياء التي احد المزيدين فيهما يستعمله الامر العام او هو يعين له بضرب من الضروب والاخر لا يستعمله ولا هو معين بمنزلة المنشار والمنجل مع النجارة وذلك ان المنشار اذا قرن بالنجارة كان اثر فاما علي الاطلاق فليس هو اثر وايضا اذا زيد علي الاقل فجعل الجملة اعظم وكذلك من النقصان فان الذي اذا نقص من شء واحد بعينه فجعل الباقي اقل هو اعظم وينبغي ان ننظر ان كان الواحد ماثورا من اجل نفسه والاخر من اجل الظن بمنزلة ما ان الصحة افضل من الجمال وحد الشء الذي هو عند الظن هو ما اذا لم يكن احد يعلمه لم يحرص انسان علي ان يكون له وان كان احدهما من اجل نفسه ومن اجل الظن ماثورا والاخر من اجل احدهما فقط فايهما كان اكرم من اجل نفسه هو افضل واثر والذي هو اكرم بذاته هو الذي يءثره من اجل نفسه اكثر من غير ان نكون مزمعين علي ان نستفيد منه شيءا اخر وينبغي ايضا ان نميز علي كم جهة يقال الماثور ومن اجل اي الاشياء بمنزلة النافع او الجميل او اللذيذ وذلك ان الذي هو نافع عند جميع الاشياء او عند اكثرها هو الاثر متي كان يجري امره علي المشابهة واذا كانت اشياء باعيانها موجودة لكليها فينبغي ان ننظر لايهما يوجد اكثر والذ واجمل وانفع وايضا ما كان من اجل الافضل هو اثر بمنزلة ان ما هو من اجل الفضيلة افضل مما هو من اجل اللذة وكذلك الامر في الاشياء التي تتجنب وذلك ان الذي يعوق عن الامور الماثورة اكثر هو يتجنب اكثر بمنزلة ما يتجنب المرض اكثر من القبح اذ كان المرض مانعا من اللذة ومن ان يكون الانسان فاضلا وايضا الموضع الماخوذ من التبين بان الموضع متجنب وماثور علي مثال واحد وذلك ان ما يختاره الانسان ويتجنبه علي مثال واحد يءثر اقل من الماثور فقط,3,3
Τὰς μὲν οὖν πρὸς ἄλληλα συγκρίσεις καθάπερ εἴρηται ποιητέον Οἱ αὐτοὶ δὲ τόποι χρήσιμοι καὶ πρὸς τὸ δεικνύναι ὁτιοῦν αἱρετὸν ἢ φευκτόν ἀφαιρεῖν γὰρ μόνον δεῖ τὴν πρὸς ἕτερον ὑπεροχήν Εἰ γὰρ τὸ τιμιώτερον αἱρετώτερον καὶ τὸ τίμιον αἱρετόν καὶ εἰ τὸ χρησιμώτερον αἱρετώτερον καὶ τὸ χρήσιμον αἱρετόν Ὁμοίως δὲ καὶ ἐπὶ τῶν ἄλλων ὅσα τοιαύτην ἔχει τὴν σύγκρισιν Ἐπ᾿ ἐνίων γὰρ εὐθέως κατὰ τὴν πρὸς ἕτερον σύγκρισιν καὶ ὅτι αἱρετὸν ἑκάτερον ἢ τὸ ἕτερον λέγομεν οἷον ὅταν τὸ μὲν φύσει ἀγαθὸν τὸ δὲ μὴ φύσει λέγωμεν τὸ γὰρ φύσει ἀγαθὸν δῆλον ὅτι αἱρετόν ἐστιν,تطبيق المواضع السالفة علي الحدود البسيطة فينبغي ان نجعل مقايسة بعضها الي بعض كما وصفنا وهذه المواضع بعينها نافعة في التبيين بان شيءا من الاشياء اي شء كان متجنب او ماثور وذلك انه ينبغي ان ننتزع فصل احدهما عن الاخر فقط لانه ان كان الاكرم اثر فالكريم ماثور وان كان الانفع اثر فان النافع ماثور وكذلك الامر فيما كان من الاشياء الاخر له هذه المقايسة وفي بعض الاشياء نقول بحسب مقايسة الواحد الي الاخر ان كل واحد منهما ماثور او احدهما مثال ذلك اذا قلنا ان احدهما خير بالطبع واخر ليس بالطبع لانه من البين ان الخير بالطبع ماثور,3,4
Ληπτέον δ᾿ ὅτι μάλιστα καθόλου τοὺς τόπους περὶ τοῦ μᾶλλον καὶ τοῦ μείζονος ληφθέντες γὰρ οὕτως πρὸς πλείω χρήσιμοι ἂν εἴησαν Ἔστι δ᾿ αὐτῶν τῶν εἰρημένων ἐνίους καθόλου μᾶλλον ποιεῖν μικρὸν παραλλάσσοντα τῇ προσηγορίᾳ οἷον τὸ φύσει τοιοῦτο τοῦ μὴ φύσει τοιούτου μᾶλλον τοιοῦτο Καὶ εἰ τὸ μὲν ποιεῖ τὸ δὲ μὴ ποιεῖ τὸ ἔχον τοιόνδε ἢ ᾧ ἂν ὑπάρχῃ μᾶλλον τοιοῦτο ὅ ποτε ποιεῖ ἢ ὃ μὴ ποιεῖ Εἰ δ᾿ ἄμφω ποιεῖ τὸ μᾶλλον ποιοῦν τοιοῦτο Ἔτι εἰ τοῦ αὐτοῦ τινὸς τὸ μὲν μᾶλλον τὸ δὲ ἧττον τοιοῦτο καὶ εἰ τὸ μὲν τοιούτου μᾶλλον τοιοῦτο τὸ δὲ μὴ τοιούτου τοιοῦτον δῆλον ὅτι τὸ πρῶτον μᾶλλον τοιοῦτο ἔτι ἐκ τῆς προσθέσεως εἰ τῷ αὐτῷ προστιθέμενον τὸ ὅλον μᾶλλον ποιεῖ τοιοῦτο ἢ εἰ τῷ ἧττον τοιούτῳ προστιθέμενον τὸ ὅλον μᾶλλον ποιεῖ τοιοῦτο Ὁμοίως δὲ καὶ ἐκ τῆς ἀφαιρέσεως οὗ γὰρ ἀφαιρεθέντος τὸ λειπόμενον ἧττον τοιοῦτο αὐτὸ μᾶλλον τοιοῦτο Καὶ τὰ τοῖς ἐναντίοις ἀμιγέστερα μᾶλλον τοιαῦτα οἷον λευκότερον τὸ τῷ μέλανι ἀμιγέστερον Ἔτι παρὰ τὰ εἰρημένα πρότερον τὸ μᾶλλον ἐπιδεχόμενον τὸν οἰκεῖον τοῦ προκειμένου λόγον οἷον εἰ τοῦ λευκοῦ ἐστὶ λόγος χρῶμα διακριτικὸν ὄψεως λευκότερον ὅ ἐστι μᾶλλον χρῶμα διακριτικὸν ὄψεως,تعميم المواضع السالفة وينبغي ان ناخذ هذه المواضع ما امكن اخذا كليا في الاكثر والاعظم وذلك انها اذا اخذت علي هذا الوجه كانت نافعة في اشياء كثيرة وقد يمكن ان نجعل بعض هذه المواضع التي وصفنا اكثر عموما متي غيرنا تسميتها قليلا مثال ذلك ان ما كان بالطبع بحال ما فهو بهذه الحال اكثر مما ليس هو بالطبع بها وان كان واحد يفعل واخر لا يفعل فان الذي له ذلك الشء الذي يخص هو بهذه الحال في وقت ما اذا كان يفعل اكثر من الذي لا يفعل فان كان كلاهما يفعل فان الذي يفعل اكثر هو بهذه الحال اكثر وايضا ان كان شء واحد بعينه هذا بهذه الحال اكثر منه وهذا بهذه اقل منه وان كان هذا من الذي هو بهذه الحال اكثر بهذه الحال وكان هذا بهذه الحال ليس باكثر من الذي هو بهذه الحال فمن البين ان الاول بهذه الحال اكثر وايضا من الزيادة ان كان ما زيد علي شء واحد بعينه يجعل الجملة اكثر بهذه الحال او ان كان ما زيد علي ما هو بهذه الحال اقل يجعل الجملة بهذه الحال اكثر وعلي هذا المثال ايضا من النقصان وذلك ان الشء الذي اذا نقص صار الباقي منه بهذه الحال اقل هو بهذه الحال اكثر والاشياء التي هي اقل مخالطة للاضداد هي بهذه الحال اكثر مثال ذلك ان الشء يكون اشد بياضا اذا كان اقل مخالطة للاسود وايضا مما هو غير ما وصفنا اولا ما كان يقبل القول الذي يخص الموضوع اكثر مثال ذلك انه ان كان قول الابيض هو انه لون مفرق للبصر والذي هو اشد بياضا هو اللون الذي يفرق البصر اكثر,3,5
Ἂν δ᾿ ἐπὶ μέρους καὶ μὴ καθόλου τὸ πρόβλημα τεθῇ πρῶτον μὲν οἱ εἰρημένοι καθόλου κατασκευαστικοὶ ἢ ἀνασκευαστικοὶ τόποι πάντες χρήσιμοι Καθόλου γὰρ ἀναιροῦντες ἢ κατασκευάζοντες καὶ ἐπὶ μέρους δείκνυμεν εἰ γὰρ παντὶ ὑπάρχει καὶ τινί καὶ εἰ μηδενί οὐδὲ τινί Μάλιστα δ᾿ ἐπίκαιροι καὶ κοινοὶ τῶν τόπων οἵ τ᾿ ἐκ τῶν ἀντικειμένων καὶ τῶν συστοίχων καὶ τῶν πτώσεων ὁμοίως γὰρ ἔνδοξον τὸ ἀξιῶσαι εἰ πᾶσα ἡδονὴ ἀγαθόν καὶ λύπην πᾶσαν εἶναι κακόν τῷ εἴ τις ἡδονὴ ἀγαθόν καὶ λύπην εἶναί τινα κακόν Ἔτι εἴ τις αἴσθησις μή ἐστι δύναμις καὶ ἀναισθησία τις οὐκ ἔστιν ἀδυναμία Καὶ εἴ τι ὑποληπτὸν ἐπιστητόν καὶ ὑπόληψίς τις ἐπιστήμη Πάλιν εἴ τι τῶν ἀδίκων ἀγαθόν καὶ τῶν δικαίων τι κακόν καὶ εἴ τι τῶν δικαίως κακόν καὶ τῶν ἀδίκως τι ἀγαθόν Καὶ εἴ τι τῶν ἡδέων φευκτόν ἡδονή τις φευκτόν Κατὰ ταὐτὰ δὲ καὶ εἴ τι τῶν ἡδέων ὠφέλιμον ἡδονή τις ὠφέλιμον Καὶ ἐπὶ τῶν φθαρτικῶν δὲ καὶ τῶν γενέσεων καὶ φθορῶν ὡσαύτως Εἰ γάρ τι φθαρτικὸν ἡδονῆς ἢ ἐπιστήμης ὂν ἀγαθόν ἐστιν εἴη ἄν τις ἡδονὴ ἢ ἐπιστήμη τῶν κακῶν Ὁμοίως δὲ καὶ εἰ φθορά τις ἐπιστήμης τῶν ἀγαθῶν ἢ ἡ γένεσις τῶν κακῶν ἔσται τις ἐπιστήμη τῶν κακῶν οἷον εἰ τὸ ἐπιλανθάνεσθαι ἅ τις αἰσχρὰ ἔπραξε τῶν ἀγαθῶν ἢ τὸ ἀναμιμνήσκεσθαι τῶν κακῶν εἴη ἂν τὸ ἐπίστασθαι ἅ τις αἰσχρὰ ἔπραξε τῶν κακῶν Ὡσαύτως δὲ καὶ ἐπὶ τῶν ἄλλων ἐν ἅπασι γὰρ ὁμοίως τὸ ἔνδοξον Ἔτι ἐκ τοῦ μᾶλλον καὶ ἧττον καὶ ὁμοίως Εἰ γὰρ μᾶλλον μὲν τῶν ἐξ ἄλλου γένους τι τοιοῦτο ἐκείνων δὲ μηδέν ἐστιν οὐδ᾿ ἂν τὸ εἰρημένον εἴη τοιοῦτον οἷον εἰ μᾶλλον μὲν ἐπιστήμη τις ἀγαθὸν ἢ ἡδονή μηδεμία δ᾿ ἐπιστήμη ἀγαθόν οὐδ᾿ ἂν ἡδονὴ εἴη Καὶ ἐκ τοῦ ὁμοίως δὲ καὶ ἧττον ὡσαύτως ἔσται γὰρ καὶ ἀναιρεῖν καὶ κατασκευάζειν πλὴν ἐκ μὲν τοῦ ὁμοίως ἀμφότερα ἐκ δὲ τοῦ ἧττον κατασκευάζειν μόνον ἀνασκευάζειν δὲ οὔ Εἰ γὰρ ὁμοίως δύναμίς τις ἀγαθὸν καὶ ἐπιστήμη ἔστι δέ τις δύναμις ἀγαθόν καὶ ἐπιστήμη ἐστίν Εἰ δὲ μηδεμία δύναμις οὐδ᾿ ἐπιστήμη Εἰ δ᾿ ἧττον δύναμίς τις ἀγαθὸν ἢ ἐπιστήμη ἔστι δέ τις δύναμις ἀγαθόν καὶ ἐπιστήμη Εἰ δὲ μηδεμία δύναμις ἀγαθόν οὐκ ἀνάγκη καὶ ἐπιστήμην μηδεμίαν εἶναι ἀγαθόν Δῆλον οὖν ὅτι κατασκευάζειν μόνον ἐκ τοῦ ἧττον ἔστιν Οὐ μόνον δ᾿ ἐξ ἄλλου γένους ἔστιν ἀνασκευάζειν ἀλλὰ καὶ ἐκ τοῦ αὐτοῦ λαμβάνοντι τὸ μάλιστα τοιοῦτον οἷον εἰ κεῖται ἐπιστήμη τις ἀγαθόν δειχθείη δ᾿ ὅτι φρόνησις οὐκ ἀγαθόν οὐδ᾿ ἄλλη οὐδεμία ἔσται ἐπεὶ οὐδ᾿ ἡ μάλιστα δοκοῦσα Ἔτι ἐξ ὑποθέσεως ὁμοίως ἀξιώσαντα εἱ ἑνί καὶ πᾶσιν ὑπάρχειν ἢ μὴ ὑπάρχειν οἷον εἰ ἡ τοῦ ἀνθρώπου ψυχὴ ἀθάνατος καὶ τὰς ἄλλας εἰ δ᾿ αὕτη μή μηδὲ τὰς ἄλλας Εἰ μὲν οὖν ὑπάρχειν τινὶ κεῖται δεικτέον ὅτι οὐχ ὑπάρχει τινί ἀκολουθήσει γὰρ διὰ τὴν ὑπόθεσιν τὸ μηδενὶ ὑπάρχειν Εἰ δέ τινι μὴ ὑπάρχον κεῖται δεικτέον ὅτι ὑπάρχει τινί καὶ γὰρ οὕτως ἀκολουθήσει τὸ πᾶσιν ὑπάρχειν Δῆλον δ᾿ ἐστὶν ὅτι ὁ ὑποτιθέμενος ποιεῖ τὸ πρόβλημα καθόλου ἐπὶ μέρους τεθέν τὸν γὰρ ἐπὶ μέρους ὁμολογοῦντα καθόλου ἀξιοῖ ὁμολογεῖν ἐπειδή εἰ ἑνί καὶ πᾶσιν ὁμοίως ἀξιοῖς ὑπάρχειν Ἀδιορίστου μὲν οὖν ὄντος τοῦ προβλήματος μοναχῶς ἀνασκευάζειν ἐνδέχεται οἷον εἰ ἔφησεν ἡδονὴν ἀγαθὸν εἶναι ἢ μὴ ἀγαθόν καὶ μηδὲν ἄλλο προσδιώρισεν Εἰ μὲν γάρ τινα ἔφησεν ἡδονὴν ἀγαθὸν εἶναι δεικτέον καθόλου ὅτι οὐδεμία εἰ μέλλει ἀναιρεῖσθαι τὸ προκείμενον Ὁμοίως δὲ καὶ εἴ τινα ἔφησεν ἡδονὴν μὴ εἶναι ἀγαθόν δεικτέον καθόλου ὅτι πᾶσα ἄλλως δ᾿ οὐκ ἐνδέχεται ἀναιρεῖν Ἐὰν γὰρ δείξωμεν ὅτι ἐστί τις ἡδονὴ οὐκ ἀγαθὸν ἢ ἀγαθόν οὔπω ἀναιρεῖται τὸ προκείμενον Δῆλον οὖν ὅτι ἀναιρεῖν μὲν μοναχῶς ἐνδέχεται κατασκευάζειν δὲ διχῶς ἄν τε γὰρ καθόλου δείξωμεν ὅτι πᾶσα ἡδονὴ ἀγαθόν ἄν τε ὅτι ἐστί τις ἡδονὴ ἀγαθόν δεδειγμένον ἔσται τὸ προκείμενον Ὁμοίως δὲ κἂν δέῃ διαλεχθῆναι ὅτι ἐστί τις ἡδονὴ οὐκ ἀγαθόν ἐὰν δείξωμεν ὅτι οὐδεμία ἀγαθὸν ἢ ὅτι τις οὐκ ἀγαθόν διειλεγμένοι ἐσόμεθα ἀμφοτέρως καὶ καθόλου καὶ ἐπὶ μέρους ὅτι ἐστί τις ἡδονὴ οὐκ ἀγαθόν Διωρισμένης δὲ τῆς θέσεως οὔσης διχῶς ἀναιρεῖν ἔσται οἷον εἰ τεθείη τινὶ μὲν ὑπάρχειν ἡδονῇ ἀγαθῷ εἶναι τινὶ δ᾿ οὐχ ὑπάρχειν εἴτε γὰρ πᾶσα δειχθείη ἡδονὴ ἀγαθὸν εἴτε μηδεμία ἀνῃρημένον ἔσται τὸ προκείμενον Εἰ δὲ μίαν ἡδονὴν μόνην ἀγαθὸν ἔθηκεν εἶναι τριχῶς ἐνδέχεται ἀναιρεῖν δείξαντες γὰρ ὅτι πᾶσα ἢ ὅτι οὐδεμία ἢ ὅτι πλείους μιᾶς ἀγαθόν ἀνῃρηκότες ἐσόμεθα τὸ προκείμενον Ἐπὶ πλεῖον δὲ τῆς θέσεως διορισθείσης οἷον ὅτι ἡ φρόνησις μόνη τῶν ἀρετῶν ἐπιστήμη τετραχῶς ἔστιν ἀναιρεῖν δειχθέντος γὰρ ὅτι πᾶσα ἀρετὴ ἐπιστήμη ἢ ὅτι οὐδεμία ἢ ὅτι καὶ ἄλλη τις οἷον ἡ δικαιοσύνη ἢ ὅτι αὐτὴ ἡ φρόνησις οὐκ ἐπιστήμη ἀνῃρημένον ἔσται τὸ προκείμενον Χρήσιμον δὲ καὶ τὸ ἐπιβλέπειν ἐπὶ τὰ καθ᾿ ἕκαστα ἐν οἷς ὑπάρχειν τι ἢ μὴ εἴρηται καθάπερ ἐν τοῖς καθόλου προβλήμασιν Ἔτι δ᾿ ἐν τοῖς γένεσιν ἐπιβλεπτέον διαιροῦντα κατ᾿ εἴδη μέχρι τῶν ἀτόμων καθὰ προείρηται ἄν τε γὰρ παντὶ φαίνηται ὑπάρχον ἄν τε μηδενί πολλὰ προενέγκαντι ἀξιωτέον καθόλου ὁμολογεῖν ἢ φέρειν ἔνστασιν ἐπὶ τίνος οὐχ οὕτως Ἔτι ἐφ᾿ ὧν ἔστιν ἢ εἴδει ἢ ἀριθμῷ διορίσαι τὸ συμβεβηκός σκεπτέον εἰ μηδὲν τούτων ὑπάρχει οἷον ὅτι ὁ χρόνος οὐ κινεῖται οὐδ᾿ ἐστὶ κίνησις καταριθμησάμενον πόσα εἴδη κινήσεως εἰ γὰρ μηδὲν τούτων ὑπάρχει τῷ χρόνῳ δῆλον ὅτι οὐ κινεῖται οὐδ᾿ ἐστὶ κίνησις Ὁμοίως δὲ καὶ ὅτι ἡ ψυχὴ οὐκ ἀριθμός διελόμενον ὅτι πᾶς ἀριθμὸς ἢ περιττὸς ἢ ἄρτιος εἰ γὰρ ἡ ψυχὴ μήτε περιττὸν μήτε ἄρτιον δῆλον ὅτι οὐκ ἀριθμός Πρὸς μὲν οὖν τὸ συμβεβηκὸς διὰ τῶν τοιούτων καὶ οὕτως ἐπιχειρητέον ΤΟΠΙΚΩΝ Δ,تطبيق المواضع السالفة علي العرض المحمول الخاص وان وضعت المسالة جزءية لا كلية فان اولي المواضع التي وصفناها كلية مثبتة او مبطلة نافعة كلها وذلك انا اذا اثبتنا اثباتا كليا او ابطلنا نكون بينا ايضا تبيينا جزءيا وذلك ان الشء ان كان يوجد للكل فقد يوجد لواحد ايضا وان كان لا يوجد ولا لواحد فليس يوجد لواحد الا ان اشرف المواضع واعمها التي من المتقابلات ومن النظاءر ومن التصاريف وذلك ان قولنا ان كانت كل لذة خيرا فكل اذي شر قول شبيه في الشهرة بقولنا ان كانت لذة ما خيرا فاذي ما شر وايضا ان كانت حاسة ما ليست قوة فعدم حاسة ما ليس هو لا قوة وان كان مظنون ما معلوما فظن ما علم وايضا ان كان شء ما يجري علي جهة الجورخيرا فجور ما خير وايضا ان كان شء من الجور شرا فشء من العدل خير وان كان شء مما يلتذ متجنبا فلذة متجنبة وعلي ذلك المثال ان كان شء مما يلتذ به نافعا فلذة ما خير وكذلك يجري الامر في الاشياء المفسدة وفي الكون والفساد وذلك انه ان كان شء من الاشياء وهو مفسد للذة او العلم خيرا فلذة ما او علم ما يكون من السرور وكذلك ان كان فساد ما لعلم من الخير وكونه من الشر فعلم ما يكون من الشرور مثال ذلك انه ان كان نسيان ما يفعله انسان من الناس الشر خيرا او تذكره شرا فلا علم بما يفعله انسان من الناس من الشر شر وكذلك يجري الامر في الباقية وذلك ان الشهرة في جميعها تجري مجري واحدا وايضا الموضع الذي من الاكثر والاقل وما هو علي مثال واحد وذلك انه ان كان شء من الاشياء في حال من الاحوال اكثر مما هو من جنس اخر ولم يكن شء من تلك بهذه الحال فليس المذكور ايضا يكون بتلك الحال مثال ذلك انه ان كان علم ما خيرا اكثر من اللذة ولم يكن علم من العلوم خيرا فليس لذة ما ايضا تكون خيرا وكذلك ايضا ما يوجد من الاقل وما يجري علي مثال واحد وذلك انه قد يمكن ان نثبت بها وان نبطل غير ان الامرين جميعا ممكنان من الذي يجري علي مثال واحد فاما من الاقل فليثبت لا للابطال وذلك انه ان كانت قوة ما خيرا علي مثال ما عليه علم ما وكانت توجد قوة ما خيرا فعلم ما يوجد كذلك وان لم يوجد ولا قوة واحدة خيرا فليس يوجد ولا علم واحد خيرا وان وجدت قوة واحدة خيرا اقل من علم وكانت توجد قوة ما خيرا فقد يوجد علم ما اذا خيرا وان لم توجد ولا قوة واحدة خيرا فليس يجب ضرورة ان يكون ولا علم واحد ايضا خيرا فمن البين ان الاثبات فقط انما يكون من الاقل فاما الابطال فليس انما يكون من جنس اخر فقط بل قد يكون من واحد بعينه وايضا اذا اخذنا الشء الذي هو اولي بتلك الحال مثال ذلك انه ان انزلنا ان علما ما خير او تبين ان الحلم ليس بخير لم يكن ولا علم واحد خيرا لانه ولا الذي هو اولي بان يظن به ذلك كذلك وايضا يعتقد من الوضع علي مثال واحد انه ان كان يوجد لواحد فقد يوجد للجميع اولا يوجد مثال ذلك انه ان كانت نفس الانسان غير ماءتة فساءر النفوس كذلك وان لم تكن نفس الانسان غير ماءتة فليس ساءر الانفس غير ماءتة فان انزلنا انه موجود لواحد فينبغي ان نتبين انه ليس موجودا لواحد وذلك انه يلزم من قبل الوضع انه ولا لواحد يوجد وان انزلنا انه لواحد لا يوجد فينبغي ان يتبين انه يوجد لواحد وذلك انه بهذا الوجه ايضا يلزم انه يوجد للجميع ومن البين ان الذي يضع يجعل المسالة كلية اذا وضعت جزءية لانه يسال من يقر بالجزءي ان يقر بالكلي لانه يسال ان يكون الشء يوجد لواحد وللجميع علي مثال واحد فاذا كانت المسءلة غير محصلة فقد يمكن الانسان ان يبطل علي نحو واحد مثال ذلك انه ان قال قاءل ان اللذة خير او ليست بخير من غير ان يستثني بشء اخر وذلك انه ان قال ان لذة ما خير فقد ينبغي ان يبين بيانا كليا ان ولا لذة واحدة خير ان هو اراد ان يرفع الموضوع وكذلك ان قال ان لذة واحدة ليست بخير فينبغي ان يبين بيانا كليا ان كل لذة خير فاما بغير ذلك فليس يمكنه ان يرفع الموضوع وذلك انا ان بينا ان لذة ما خير لم نكن رفعنا بعد الموضوع فمن البين انه انما يكن ان نرفع الموضوع علي جهة واحدة فاما ان يصحح فعلي وجهين وذلك انا ان بينا بيانا كليا ان كل لذة خير او ان لذة ما خير صار الموضوع مبينا وكذلك ان احتيج الي المناظرة علي ان لذة ما ليست بخير فانا ان بينا ان ولا لذة واحدة خير او ان لذة واحدة ليست خيرا كنا قد اقررنا بالامرين جميعا علي الكلي والجزءي ان لذة ما ليست خيرا واذا لخص الوضع علي انه علي وجهين امكن الابطال مثال ذلك ان وضع ان خيرا يوجد للذة ما وللذة ما ليس يوجد وذلك انه ان تبين ان كل لذة خير او انه ولا لذة واحدة خير صار الموضوع مرتفعا فان وضع ان لذة واحدة فقط موجودة خيرا امكن ان ترفع الموضوع علي ثلاثة اوجه لانا اذا بينا ان كل لذة خير او انه ولا لذة واحدة خير او انه اكثر من لذة واحدة خير نكون قد رفعنا الموضوع وذلك ان الوضع اذا لخص تلخيصا اكثر مثل ان نقول الحلم وحده من الفضاءل علم فقد يمكن ان يرفع الموضوع علي اربعة اوجه وذلك انه اذا تبين ان كل فضيلة علم او انه ولا فضيلة واحدة علم او ان فضيلة واحدة اخري بمنزلة العدل علم او انه ولا الحلم نفسه علم ارتفع الموضوع وقد ينتفع بالنظر في الجزءيات التي يمكن ان يوجد فيها شءن اولا يوجد كما هو في المساءل الكلية وايضا ينبغي ان ننظر في الاجناس بان نقسمها بالانواع الي ان نبلغ الي الاشخاص كما قلنا انفا وذلك انه ان تبين انه موجود للجميع او انه ولا لواحد فينبغي اذا اتيت باشياء كثيرة ان تساله الاقرار بالشء الكلي او تاتي بعناد في شء واحد انه ليس كذلك وايضا ينبغي ان ننظر في الاشياء التي يمكن فيها تلخيص العرض اما بالنوع واما بالعدد ان كان ليس يوجد ولا واحد من هذه مثال ذلك ان تقول ان الزمان ليس يتحرك ولا هو حركة بعد ان تحصي انواع الحركة كم هي وذلك انه اذا لم يكن واحد منها موجودا للزمان فمن البين انه ليس يتحرك ولا هو ايضا حركة وكذلك نري ان النفس ليست عددا بان نقسم العدد ونقول ان كل عدد اما زوج واما فرد فان كانت النفس ليس بزوج ولا فرد فمن البين انها ليست عددا فعلي هذا الطريق وبامثال هذه الاشياء ينبغي ان نحتج في العرض تمت المقالة الثالثة من كتاب طوپيقا قوبل به فكان موافقا,3,6
Δ Μετὰ δὲ ταῦτα περὶ τῶν πρὸς τὸ γένος καὶ τὸ ἴδιον ἐπισκεπτέον Ἔστι δὲ ταῦτα στοιχεῖα τῶν πρὸς τοὺς ὅρους περὶ αὐτῶν δὲ τούτων ὀλιγάκις αἱ σκέψεις γίνονται τοῖς διαλεγομένοις Ἂν δὴ τεθῇ γένος τινὸς τῶν ὄντων πρῶτον μὲν ἐπιβλέπειν ἐπὶ πάντα τὰ συγγενῆ τῷ λεχθέντι εἴ τινος μὴ κατηγορεῖται καθάπερ ἐπὶ τοῦ συμβεβηκότος οἷον εἰ τῆς ἡδονῆς τἀγαθὸν γένος κεῖται εἴ τις ἡδονὴ μὴ ἀγαθόν εἰ γὰρ τοῦτο δῆλον ὅτι οὐ γένος τἀγαθὸν τῆς ἡδονῆς τὸ γὰρ γένος κατὰ πάντων τῶν ὑπὸ τὸ αὐτὸ εἶδος κατηγορεῖται Εἶτα εἰ μὴ ἐν τῷ τί ἐστι κατηγορεῖται ἀλλ᾿ ὡς συμβεβηκός καθάπερ τὸ λευκὸν τῆς χιόνος ἢ ψυχῆς τὸ κινούμενον ὑφ᾿ αὑτοῦ Οὔτε γὰρ ἡ χιὼν ὅπερ λευκόν διόπερ οὐ γένος τὸ λευκὸν τῆς χιόνος οὔθ᾿ ἡ ψυχὴ ὅπερ κινούμενον συμβέβηκε δ᾿ αὐτῇ κινεῖσθαι καθάπερ καὶ τῷ ζῴῳ πολλάκις βαδίζειν τε καὶ βαδίζοντι εἶναι Ἔτι τὸ κινούμενον οὐ τί ἐστιν ἀλλά τι ποιοῦν ἢ πάσχον σημαίνειν ἔοικεν Ὁμοίως δὲ καὶ τὸ λευκόν οὐ γὰρ τί ἐστιν ἡ χιών ἀλλὰ ποιόν τι δηλοῖ Ὥστ᾿ οὐδέτερον αὐτῶν ἐν τῷ τί ἐστι κατηγορεῖται Μάλιστα δ᾿ ἐπὶ τὸν τοῦ συμβεβηκότος ὁρισμὸν ἐπιβλέπειν εἰ ἐφαρμόττει ἐπὶ τὸ ῥηθὲν γένος οἷον καὶ τὰ νῦν εἰρημένα Ἐνδέχεται γὰρ κινεῖν τι αὐτὸ ἑαυτὸ καὶ μή ὁμοίως δὲ καὶ λευκὸν εἶναι καὶ μή Ὥστ᾿ οὐδέτερον αὐτῶν γένος ἀλλὰ συμβεβηκός ἐπειδὴ συμβεβηκὸς ἐλέγομεν ὃ ἐνδέχεται ὑπάρχειν τινὶ καὶ μή Ἔτι εἰ μὴ ἐν τῇ αὐτῇ διαιρέσει τὸ γένος καὶ τὸ εἶδος ἀλλὰ τὸ μὲν οὐσία τὸ δὲ ποιόν ἢ τὸ μὲν πρός τι τὸ δὲ ποιόν οἷον ἡ μὲν χιὼν καὶ ὁ κύκνος οὐσία τὸ δὲ λευκὸν οὐκ οὐσία ἀλλὰ ποιόν ὥστ᾿ οὐ γένος τὸ λευκὸν τῆς χιόνος οὐδὲ τοῦ κύκνου Πάλιν ἡ μὲν ἐπιστήμη τῶν πρός τι τὸ δ᾿ ἀγαθὸν καὶ τὸ καλὸν ποιόν ὥστ᾿ οὐ γένος τὸ ἀγαθὸν ἢ τὸ καλὸν τῆς ἐπιστήμης τὰ γὰρ τῶν πρός τι γένη καὶ αὐτὰ τῶν πρός τι δεῖ εἶναι καθάπερ ἐπὶ τοῦ διπλασίου καὶ γὰρ τὸ πολλαπλάσιον ὂν γένος τοῦ διπλασίου καὶ αὐτὸ τῶν πρὸς τί ἐστιν Καθόλου δ᾿ εἰπεῖν ὑπὸ τὴν αὐτὴν διαίρεσιν δεῖ τὸ γένος τῷ εἴδει εἶναι εἰ γὰρ τὸ εἶδος οὐσία καὶ τὸ γένος καὶ εἰ ποιὸν τὸ εἶδος καὶ τὸ γένος ποιόν τι οἷον εἰ τὸ λευκὸν ποιόν τι καὶ τὸ χρῶμα Ὁμοίως δὲ καὶ ἐπὶ τῶν ἄλλων Πάλιν εἰ ἀνάγκη ἢ ἐνδέχεται τοῦ τεθέντος ἐν τῷ γένει μετέχειν τὸ γένος Ὅρος δὲ τοῦ μετέχειν τὸ ἐπιδέχεσθαι τὸν τοῦ μετεχομένου λόγον Δῆλον οὖν ὅτι τὰ μὲν εἴδη μετέχει τῶν γενῶν τὰ δὲ γένη τῶν εἰδῶν οὔ τὸ μὲν γὰρ εἶδος ἐπιδέχεται τὸν τοῦ γένους λόγον τὸ δὲ γένος τὸν τοῦ εἴδους οὔ Σκεπτέον οὖν εἰ μετέχει ἢ ἐνδέχεται μετέχειν τοῦ εἴδους τὸ ἀποδοθὲν γένος οἷον εἴ τις τοῦ ὄντος ἢ τοῦ ἑνὸς γένος τι ἀποδοίη συμβήσεται γὰρ μετέχειν τὸ γένος τοῦ εἴδους κατὰ πάντων γὰρ τῶν ὄντων τὸ ὂν καὶ τὸ ἓν κατηγορεῖται ὥστε καὶ ὁ λόγος αὐτῶν Ἔτι εἰ κατά τινος τὸ ἀποδοθὲν εἶδος ἀληθεύεται τὸ δὲ γένος μή οἷον εἰ τὸ ὂν ἢ τὸ ἐπιστητὸν τοῦ δοξαστοῦ γένος τεθείη Κατὰ γὰρ τοῦ μὴ ὄντος τὸ δοξαστὸν κατηγορηθήσεται πολλὰ γὰρ τῶν μὴ ὄντων δοξαστά Ὅτι δὲ τὸ ὂν ἢ τὸ ἐπιστητὸν οὐ κατηγορεῖται κατὰ τοῦ μὴ ὄντος δῆλον Ὥστ᾿ οὐ γένος τὸ ὂν οὐδὲ τὸ ἐπιστητὸν τοῦ δοξαστοῦ καθ᾿ ὧν γὰρ τὸ εἶδος κατηγορεῖται καὶ τὸ γένος δεῖ κατηγορεῖσθαι Πάλιν εἰ μηδενὸς τῶν εἰδῶν ἐνδέχεται μετέχειν τὸ τεθὲν ἐν τῷ γένει ἀδύνατον γὰρ τοῦ γένους μετέχειν μηδενὸς τῶν εἰδῶν μετέχον ἂν μή τι τῶν κατὰ τὴν πρώτην διαίρεσιν εἰδῶν ᾖ ταῦτα δὲ τοῦ γένους μόνον μετέχει Ἂν οὖν ἡ κίνησις γένος τῆς ἡδονῆς τεθῇ σκεπτέον εἰ μήτε φορὰ μήτ᾿ ἀλλοίωσις ἡ ἡδονὴ μήτε τῶν λοιπῶν τῶν ἀποδοθεισῶν κινήσεων μηδεμία δῆλον γὰρ ὅτι οὐδενὸς ἂν τῶν εἰδῶν μετέχοι ὥστ᾿ οὐδὲ τοῦ γένους ἐπειδὴ ἀναγκαῖόν ἐστι τὸ τοῦ γένους μετέχον καὶ τῶν εἰδῶν τινὸς μετέχειν ὥστ᾿ οὐκ ἂν εἴη εἶδος ἡ ἡδονὴ κινήσεως οὐδὲ τῶν ἀτόμων οὐδὲ τῶν ὑπὸ τὸ εἶδος τὸ τῆς κινήσεως ὄντων Καὶ γὰρ τὰ ἄτομα μετέχει τοῦ γένους καὶ τοῦ εἴδους οἷον ὁ τὶς ἄνθρωπος καὶ ἀνθρώπου μετέχει καὶ ζῴου Ἔτι εἰ ἐπὶ πλέον λέγεται τοῦ γένους τὸ ἐν τῷ γένει τεθέν οἷον τὸ δοξαστὸν τοῦ ὄντος καὶ γὰρ τὸ ὂν καὶ τὸ μὴ ὂν δοξαστόν ὥστ᾿ οὐκ εἴη τὸ δοξαστὸν εἶδος τοῦ ὄντος ἐπὶ πλέον γὰρ ἀεὶ τὸ γένος τοῦ εἴδους λέγεται Πάλιν εἰ ἐπ᾿ ἴσων τὸ εἶδος καὶ τὸ γένος λέγεται οἷον εἰ τῶν πᾶσιν ἑπομένων τὸ μὲν εἶδος τὸ δὲ γένος τεθείη καθάπερ τὸ ὂν καὶ τὸ ἕν παντὶ γὰρ τὸ ὂν καὶ τὸ ἕν ὥστ᾿ οὐδέτερον οὐδετέρου γένος ἐπειδὴ ἐπ᾿ ἴσων λέγεται Ὁμοίως δὲ καὶ εἰ τὸ πρῶτον καὶ ἡ ἀρχὴ ἐπ᾿ ἄλληλα τεθείη ἥ τε γὰρ ἀρχὴ πρῶτον καὶ τὸ πρῶτον ἀρχή ὥστ᾿ ἢ ἀμφότερα τὰ εἰρημένα ταὐτόν ἐστιν ἢ οὐδέτερον οὐδετέρου γένος Στοιχεῖον δὲ πρὸς ἅπαντα τὰ τοιαῦτα τὸ ἐπὶ πλέον τὸ γένος ἢ τὸ εἶδος καὶ τὴν διαφορὰν λέγεσθαι ἐπ᾿ ἔλαττον γὰρ καὶ ἡ διαφορὰ τοῦ γένους λέγεται Ὁρᾶν δὲ καὶ εἴ τινος τῶν ἀδιαφόρων εἴδει μή ἐστι τὸ εἰρημένον γένος ἢ μὴ δόξειεν ἄν κατασκευάζοντι δέ εἰ ἔστι τινός Ταὐτὸν γὰρ πάντων τῶν ἀδιαφόρων εἴδει γένος Ἂν οὖν ἑνὸς δειχθῇ δῆλον ὅτι πάντων κἂν ἑνὸς μή δῆλον ὅτι οὐδενός οἷον εἴ τις ἀτόμους τιθέμενος γραμμὰς τὸ ἀδιαίρετον γένος αὐτῶν φήσειεν εἶναι Τῶν γὰρ διαίρεσιν ἐχουσῶν γραμμῶν οὐκ ἔστι τὸ εἰρημένον γένος ἀδιαφόρων οὐσῶν κατὰ τὸ εἶδος ἀδιάφοροι γὰρ ἀλλήλαις κατὰ τὸ εἶδος αἱ εὐθεῖαι γραμμαὶ πᾶσαι,مواضع قال وبعد هذا ينبغي ان نبحث عن الاشياء النافعة في الجنس والخاصة وهذه الاشياء اسطقسات للاشياء النافعة في الحدود والبحث عن هذه بعينها فقلما يستعمله الجدليون فان وضع جنس شء من الاشياء فينبغي اولا ان ننظر في جميع الاشياء المجانسة للشء الموصوف هل يوجد شء منها لا يحمل عليه ذلك الجنس كالحال في العرض مثال ذلك ان وضع الخير جنسا للذة فينبغي ان ننظر ان كانت لذة ما ليست بخير وذلك ان الامر ان كان كذا فمن البين ان الخير ليس بجنس للذةن لان الجنس يحمل علي جميع الاشياء التي تحت نوع واحد بعينه وايضا ينبغي ان ننظر ان كان لا يحمل من طريق ما هو لكن يحمل بمنزلة العرض كما يحمل الابيض علي الثلج والمتحرك من ذاته علي النفس وذلك انه ليس الابيض ذاتا للثلج ولا المتحرك من ذاته ذاتا للنفس وانما يعرض للنفس ان تتحرك كما يعرض للحي مرارا ان يمشي وان يكون شيءا ماشيا وايضا فان المتحرك يشبه ان يكون ليس يدل علي ما الشء بل علي الفاعل والمفعول وكذلك الابيض ليس يدل علي ما هو الثلج لكن يدل علي اي شء هو فليس يحمل واحد منها اذن من طريق ما الشء والجنس يحمل من طريق ما الشء وينبغي ان ننظر خاصة في تحديد العرض ان كان ينطبق علي الجنس الموصوف مثال ذلك الاشياء التي ذكرناها الان ايضا وذلك انه قد يمكن ان يكون شء يحرك نفسه وان لا يحركها وكذلك يمكن ان يكون شء ابيض والا يكون فليس واحد منهما اذا جنسا لكن عرضا لانا قد كنا قلنا ان العرض هو الذي يمكن ان يوجد لشء والا يوجد وينبغي ان ننظر ان لم يكن الجنس والنوع في قسمة واحدة بعينها لكن يكون هذا جوهرا وهذا كيفا او يكون هذا مضافا وهذا كيفا مثال ذلك ان الثلج واللقلق جوهر والابيض ليس بجوهر لكن كيف فليس الابيض اذا جنسا للثلج ولا للقلق وايضا فان العلم من الاشياء المضافة والخير والجميل كيف ما فليس اذا الخير والجميل جنسا للعلم لان الاشياء التي هي اجناس للمضافات ينبغي ان تكون هي ايضا من المضافات كالحال في الضعف لان الكثير الاضعاف اذ هو جنس للضعف هو من المضافات ايضا وبالجملة اقول انه ينبغي ان يكون الجنس والنوع بحت قسمة واحدة ابدا وذلك انه ان كان النوع جوهرا فينبغي ان يكون الجنس كذلك ايضا وان كان النوع كيفا فينبغي ان يكون الجنس مثله كيفا مثال ذلك ان كان الابيض كيفا فاللون كيف وكذلك يجري الامر في ساءر الاشياء الاخر وايضا ينبغي ان ننظر ان كان بالضرورة او ممكنا ان يشارك الجنس الشء الموضوع في الجنس وحد الاشتراك هو ان يكون الشء يقبل حد مشاركة فمن البين ان الانواع تشارك الاجناس والاجناس لا تشارك الانواع وذلك ان النوع يقبل حد الجنس والجنس لا يقبل حد النوع فينبغي ان ننظر ان كان الجنس الموصوف يشارك النوع او يمكن ان يشاركه مثال ذلك ان وصف انسان من الناس شيءا بانه جنس للموجود او للواحد فانه قد يلزم ان يشارك الجنس النوع وذلك ان الموجود والواحد يحملان علي جميع الاشياء فقولهما اذا يحمل علي جميع الاشياء وايضا ينبغي ان ننظر ان كان النوع الموصوف يصدق علي شء من الاشياء والجنس لا يصدق مثال ذلك ان وضع الموجود او المعلوم جنسا للمظنون وذلك ان المظنون قد يحمل علي ما ليس بموجود لان كثيرا مما ليس بموجود مظنون فاما الموجود والمعلوم فليس يحملان علي ما ليس بموجود فليس اذا الموجود ولا المعلوم جنسا للمظنون لان الاشياء التي يحمل عليها النوع فقد ينبغي ان يحمل عليها الجنس وايضا ينبغي ان ننظر ان كان يمكن الا يشارك الموضوع في الجنس لشء من الانواع فانه ليس يمكن ان يكون شء يشارك الجنس وهو غير مشارك لشء من الانواع ان لم يكن نوع من الانواع التي في القسمة الاولي فان هذه فقط تشارك الجنس وحده فان وضعت الحركة جنسا للذة فينبغي ان ننظر ان كانت اللذة ليست نقلة ولا استحالة ولا واحدة من ساءر الحركات الاخر فانه من البين انها متي لم تكن واحدة منها لم تشارك واحدة من انواعها فليس تشارك اذا جنسها لانه من الاضطرار ان يكون المشارك للجنس مشاركا لشء من الانواع فليس اذا اللذة نوعا للحركة ولا شخصا من اشخاصها ولا مما تحت نوع من انواع الحركة وذلك ان الاشخاص قد تشارك الجنس والنوع مثال ذلك انسان ما فانه يشارك الانسان ويشارك الحي وايضا ينبغي ان ننظر ان كان الموضوع في الجنس يقال علي اكثر مما يقال عليه الجنس مثال ذلك ان المظنون يقال علي اكثر مما يقال عليه الموجود لان الموجود وما ليس بموجود مظنون فليس اذا المظنون نوعا للموجود لان الجنس يقال ابدا علي اكثر مما يقال عليه النوع وايضا ينبغي ان ننظر ان كان النوع والجنس يقالان بالسواء مثال ذلك ان وضع واحد من الاشياء اللازمة لكل شء جنسا واخر نوعا بمنزلة الموجود والواحد فان كل الموجود واحد وكل الواحد موجود فليس احدهما اذا جنسا للاخر لانهما يقالان بالتساوي وكذلك ينبغي ان ننظر ان وضع الاول والمبدا احدهما في الاخر وذلك ان المبدا اول والاول مبدا فهما اما ان يكونا شيءا احدا او لا يكون احدهما جنسا للاخر والاصل في امثال هذه كلها ان الجنس يقال علي اكثر مما يقال عليه النوع والفصل وذلك ان الفصل يقال علي اقل مما يقال عليه الجنس وينبغي ان ننظر ان كان الجنس الموصوف ليس هو جنسا لشء من الاشياء التي لا تختلف بالنوع وان لم يظن به ذلك فلينظر المثبت ان كان جنسا لشء منها وذلك ان جنس جميع الاشياء التي لا تختلف بالنوع واحد بعينه فان تبين انه جنس لواحد منها فمن البين انه جنس لجميعها وان تبين انه ليس هو جنسا لواحد منها فمن البين انه ولا لواحد منها مثال ذلك ان وضع واضع خطوطا لا تتجزا وقال ان ما لا ينقسم جنس لها وذلك ان الجنس الموصوف ليس هو جنسا للخطوط المنقسمة اذ كانت غير مخالفة في النوع لان جميع الخطوط المنقسمة غير مختلفة في النوع,4,1
Σκοπεῖν δὲ καὶ εἴ τι ἄλλο γένος ἐστὶ τοῦ ἀποδοθέντος εἴδους ὃ μήτε περιέχει τὸ ἀποδοθὲν γένος μήθ᾿ ὑπ᾿ ἐκεῖνό ἐστιν οἷον εἴ τις τῆς δικαιοσύνης τὴν ἐπιστήμην θείη γένος Ἔστι γὰρ καὶ ἡ ἀρετὴ γένος καὶ οὐδέτερον τῶν γενῶν τὸ λοιπὸν περιέχει ὥστ᾿ οὐκ ἂν εἴη ἡ ἐπιστήμη γένος τῆς δικαιοσύνης δοκεῖ γάρ ὅταν ἓν εἶδος ὑπὸ δύο γένη ᾖ τὸ ἕτερον ὑπὸ τοῦ ἑτέρου περιέχεσθαι Ἔχει δ᾿ ἀπορίαν ἐπ᾿ ἐνίων τὸ τοιοῦτο Δοκεῖ γὰρ ἐνίοις ἡ φρόνησις ἀρετή τε καὶ ἐπιστήμη εἶναι καὶ οὐδέτερον τῶν γενῶν ὑπ᾿ οὐδετέρου περιέχεσθαι οὐ μὴν ὑπὸ πάντων γε συγχωρεῖται τὴν φρόνησιν ἐπιστήμην εἶναι Εἰ δ᾿ οὖν τις συγχωροίη τὸ λεγόμενον ἀληθὲς εἶναι ἀλλὰ τό γε ὑπ᾿ ἄλληλα ἢ ὑπὸ ταὐτὸ ἄμφω γίγνεσθαι τὰ τοῦ αὐτοῦ γένη τῶν ἀναγκαίων δόξειεν ἂν εἶναι καθάπερ καὶ ἐπὶ τῆς ἀρετῆς καὶ τῆς ἐπιστήμης συμβαίνει ἄμφω γὰρ ὑπὸ τὸ αὐτὸ γένος ἐστίν ἑκάτερον γὰρ αὐτῶν ἕξις καὶ διάθεσίς ἐστιν Σκεπτέον οὖν εἰ μηδέτερον ὑπάρχει τῷ ἀποδοθέντι γένει Εἰ γὰρ μήθ᾿ ὑπ᾿ ἄλληλά ἐστι τὰ γένη μήθ᾿ ὑπὸ ταὐτὸν ἄμφω οὐκ ἂν εἴη τὸ ἀποδοθὲν γένος Σκοπεῖν δὲ δεῖ καὶ τὸ γένος τοῦ ἀποδοθέντος γένους καὶ οὕτως ἀεὶ τὸ ἐπάνω γένος εἰ πάντα κατηγορεῖται τοῦ εἴδους καὶ εἰ ἐν τῷ τί ἐστι κατηγορεῖται πάντα γὰρ τὰ ἐπάνω γένη κατηγορεῖσθαι δεῖ τοῦ εἴδους ἐν τῷ τί ἐστιν Εἰ οὖν που διαφωνεῖ δῆλον ὅτι οὐ γένος τὸ ἀποδοθέν Πάλιν εἰ μετέχει τὸ γένος τοῦ εἴδους ἢ αὐτὸ ἢ τῶν ἐπάνω τι γενῶν οὐδενὸς γὰρ τῶν ὑποκάτω τὸ ἐπάνω μετέχει Ἀνασκευάζοντι μὲν οὖν καθάπερ εἴρηται χρηστέον κατασκευάζοντι δέ ὁμολογουμένου μὲν ὑπάρχειν τῷ εἴδει τοῦ ῥηθέντος γένους ὅτι δ᾿ ὡς γένος ὑπάρχει ἀμφισβητουμένου ἀπόχρη τὸ δεῖξαί τι τῶν ἐπάνω γενῶν ἐν τῷ τί ἐστι τοῦ εἴδους κατηγορούμενον Ἑνὸς γὰρ ἐν τῷ τί ἐστι κατηγορουμένου πάντα καὶ τὰ ἐπάνω τούτου καὶ τὰ ὑποκάτω ἄν περ κατηγορῆται τοῦ εἴδους ἐν τῷ τί ἐστι κατηγορηθήσεται ὥστε καὶ τὸ ἀποδοθὲν γένος ἐν τῷ τί ἐστι κατηγορεῖται Ὅτι δ᾿ ἑνὸς ἐν τῷ τί ἐστι κατηγορουμένου πάντα τὰ λοιπά ἄν περ κατηγορῆται ἐν τῷ τί ἐστι κατηγορηθήσεται δι᾿ ἐπαγωγῆς ληπτέον Εἰ δ᾿ ἁπλῶς ὑπάρχειν ἀμφισβητεῖται τὸ ἀποδοθὲν γένος οὐκ ἀπόχρη τὸ δεῖξαι τῶν ἐπάνω τι γενῶν ἐν τῷ τί ἐστι τοῦ εἴδους κατηγορούμενον Οἷον εἴ τις τῆς βαδίσεως γένος ἀπέδωκε τὴν φοράν οὐκ ἀπόχρη τὸ δεῖξαι διότι κίνησίς ἐστιν ἡ βάδισις πρὸς τὸ δεῖξαι ὅτι φορά ἐστιν ἐπειδὴ καὶ ἄλλαι κινήσεις εἰσίν ἀλλὰ προσδεικτέον ὅτι οὐδενὸς μετέχει ἡ βάδισις τῶν κατὰ τὴν αὐτὴν διαίρεσιν εἰ μὴ τῆς φορᾶς Ἀνάγκη γὰρ τὸ τοῦ γένους μετέχον καὶ τῶν εἰδῶν τινὸς μετέχειν τῶν κατὰ τὴν πρώτην διαίρεσιν Εἰ οὖν ἡ βάδισις μήτ᾿ αὐξήσεως μήτε μειώσεως μήτε τῶν ἄλλων κινήσεων μετέχει δῆλον ὅτι τῆς φορᾶς ἂν μετέχοι ὥστ᾿ εἴη ἂν γένος ἡ φορὰ τῆς βαδίσεως Πάλιν ἐφ᾿ ὧν τὸ εἶδος τὸ τεθὲν ὡς γένος κατηγορεῖται σκοπεῖν εἰ καὶ τὸ ἀποδοθὲν γένος ἐν τῷ τί ἐστιν αὐτῶν τούτων κατηγορεῖται ὧνπερ τὸ εἶδος ὁμοίως δὲ καὶ εἰ τὰ ἐπάνω τοῦ γένους πάντα Εἰ γάρ που διαφωνεῖ δῆλον ὅτι οὐ γένος τὸ ἀποδοθέν εἰ γὰρ ἦν γένος ἅπαντ᾿ ἂν καὶ τὰ ἐπάνω τούτου καὶ αὐτὸ τοῦτο ἐν τῷ τί ἐστι κατηγορεῖτο ὧνπερ καὶ τὸ εἶδος ἐν τῷ τί ἐστι κατηγορεῖται Ἀνασκευάζοντι μὲν οὖν χρήσιμον εἰ μὴ κατηγορεῖται τὸ γένος ἐν τῷ τί ἐστιν ὧνπερ καὶ τὸ εἶδος κατηγορεῖται κατασκευάζοντι δ᾿ εἰ κατηγορεῖται ἐν τῷ τί ἐστι χρήσιμον Συμβήσεται γὰρ τὸ γένος καὶ τὸ εἶδος τοῦ αὐτοῦ ἐν τῷ τί ἐστι κατηγορεῖσθαι ὥστε τὸ αὐτὸ ὑπὸ δύο γένη γίνεται Ἀναγκαῖον οὖν ὑπ᾿ ἄλληλα τὰ γένη εἶναι Ἂν οὖν δειχθῇ ὃ βουλόμεθα γένος κατασκευάσαι μὴ ὂν ὑπὸ τὸ εἶδος δῆλον ὅτι τὸ εἶδος ὑπὸ τοῦτ᾿ ἂν εἴη ὥστε δεδειγμένον ἂν εἴη ὅτι γένος τοῦτο Σκοπεῖν δὲ καὶ τοὺς λόγους τῶν γενῶν εἰ ἐφαρμόττουσιν ἐπί τε τὸ ἀποδοθὲν εἶδος καὶ τὰ μετέχοντα τοῦ εἴδους Ἀνάγκη γὰρ τοὺς τῶν γενῶν λόγους κατηγορεῖσθαι τοῦ εἴδους καὶ τῶν μετεχόντων τοῦ εἴδους εἰ οὖν που διαφωνεῖ δῆλον ὅτι οὐ γένος τὸ ἀποδοθέν Πάλιν εἰ τὴν διαφορὰν ὡς γένος ἀπέδωκεν οἷον εἰ τὸ ἀθάνατον γένος θεοῦ Διαφορὰ γάρ ἐστι ζῴου τὸ ἀθάνατον ἐπειδὴ τῶν ζῴων τὰ μὲν θνητὰ τὰ δ᾿ ἀθάνατα Δῆλον οὖν ὅτι διημάρτηται οὐδενὸς γὰρ ἡ διαφορὰ γένος ἐστίν Ὅτι δὲ τοῦτ᾿ ἀληθές δῆλον οὐδεμία γὰρ διαφορὰ σημαίνει τί ἐστιν ἀλλὰ μᾶλλον ποιόν τι καθάπερ τὸ πεζὸν καὶ τὸ δίπουν Καὶ εἰ τὴν διαφορὰν εἰς τὸ γένος ἔθηκεν οἷον τὸ περιττὸν ὅπερ ἀριθμόν Διαφορὰ γὰρ ἀριθμοῦ τὸ περιττόν οὐκ εἶδός ἐστιν Οὐδὲ δοκεῖ μετέχειν ἡ διαφορὰ τοῦ γένους πᾶν γὰρ τὸ μετέχον τοῦ γένους ἢ εἶδος ἢ ἄτομόν ἐστιν ἡ δὲ διαφορὰ οὔτε εἶδος οὔτε ἄτομόν ἐστιν Δῆλον οὖν ὅτι οὐ μετέχει τοῦ γένους ἡ διαφορά ὥστ᾿ οὐδὲ τὸ περιττὸν εἶδος ἂν εἴη ἀλλὰ διαφορά ἐπειδὴ οὐ μετέχει τοῦ γένους Ἔτι εἰ τὸ γένος εἰς τὸ εἶδος ἔθηκεν οἷον τὴν ἅψιν ὅπερ συνοχὴν ἢ τὴν μίξιν ὅπερ κρᾶσιν ἢ ὡς Πλάτων ὁρίζεται φορὰν τὴν κατὰ τόπον κίνησιν Οὐ γὰρ ἀναγκαῖον τὴν ἅψιν συνοχὴν εἶναι ἀλλ᾿ ἀνάπαλιν τὴν συνοχὴν ἅψιν οὐ γὰρ πᾶν τὸ ἁπτόμενον συνέχεται ἀλλὰ τὸ συνεχόμενον ἅπτεται Ὁμοίως δὲ καὶ ἐπὶ τῶν λοιπῶν οὔτε γὰρ ἡ μίξις ἅπασα κρᾶσις ἡ γὰρ τῶν ξηρῶν μίξις οὐκ ἔστι κρᾶσις οὔθ᾿ ἡ κατὰ τόπον μεταβολὴ πᾶσα φορά ἡ γὰρ βάδισις οὐ δοκεῖ φορὰ εἶναι σχεδὸν γὰρ ἡ φορὰ ἐπὶ τῶν ἀκουσίως τόπον ἐκ τόπου μεταβαλλόντων λέγεται καθάπερ ἐπὶ τῶν ἀψύχων συμβαίνει Δῆλον δ᾿ ὅτι καὶ ἐπὶ πλέον λέγεται τὸ εἶδος τοῦ γένους ἐν τοῖς ἀποδοθεῖσι δέον ἀνάπαλιν γίνεσθαι Πάλιν εἰ τὴν διαφορὰν εἰς τὸ εἶδος ἔθηκεν οἷον τὸ ἀθάνατον ὅπερ θεόν Συμβήσεται γὰρ ἐπ᾿ ἴσης ἢ ἐπὶ πλεῖον τὸ εἶδος λέγεσθαι ἀεὶ γὰρ ἡ διαφορὰ ἐπ᾿ ἴσης ἢ ἐπὶ πλεῖον τὸ εἶδος λέγεται Ἔτι εἰ τὸ γένος εἰς τὴν διαφοράν οἷον τὸ χρῶμα ὅπερ συγκριτικὸν ἢ τὸν ἀριθμὸν ὅπερ περιττόν Καὶ εἰ τὸ γένος ὡς διαφορὰν εἶπεν ἐγχωρεῖ γάρ τινα καὶ τοιαύτην κομίσαι θέσιν οἷον κράσεως τὴν μίξιν διαφορὰν ἢ φορᾶς τὴν κατὰ τόπον μεταβολήν Σκεπτέον δὲ πάντα τὰ τοιαῦτα διὰ τῶν αὐτῶν ἐπικοινωνοῦσι γὰρ οἱ τόποι ἐπὶ πλέον τε γὰρ τὸ γένος τῆς διαφορᾶς δεῖ λέγεσθαι καὶ μὴ μετέχειν τῆς διαφορᾶς Οὕτω δ᾿ ἀποδοθέντος οὐδέτερον τῶν εἰρημένων δυνατὸν συμβαίνειν ἐπ᾿ ἔλαττόν τε γὰρ ῥηθήσεται καὶ μεθέξει τὸ γένος τῆς διαφορᾶς Πάλιν εἰ μηδεμία διαφορὰ κατηγορεῖται τῶν τοῦ γένους κατὰ τοῦ ἀποδοθέντος εἴδους οὐδὲ τὸ γένος κατηγορηθήσεται οἷον ψυχῆς οὔτε τὸ περιττὸν οὔτε τὸ ἄρτιον κατηγορεῖται ὥστ᾿ οὐδ᾿ ἀριθμός Ἔτι εἰ πρότερον φύσει τὸ εἶδος καὶ συναναιρεῖ τὸ γένος δοκεῖ γὰρ τὸ ἐναντίον Ἔτι εἰ ἐνδέχεται ἀπολιπεῖν τὸ εἰρημένον γένος ἢ τὴν διαφοράν οἷον ψυχὴν τὸ κινεῖσθαι ἢ δόξαν τὸ ἀληθὲς καὶ ψεῦδος οὐκ ἂν εἴη τῶν εἰρημένων οὐδέτερον γένος οὐδὲ διαφορά δοκεῖ γὰρ τὸ γένος καὶ ἡ διαφορὰ παρακολουθεῖν ἕως ἂν ᾖ τὸ εἶδος,مواضع اخري وينبغي ان ننظر ان كان يوجد للنوع الموصوف جنس ما اخر لا يحصر الجنس الموصوف ولا هو تحته مثال ذلك ان وضع العلم جنسا للعدل والفضيلة هي جنس للعدل وليس واحد من الجنسين يحصر الاخر فليس العلم اذا جنسا للعدل وذلك انه يظن بالشء انه نوع واحد اذا كان تحت جنسين احدهما يحوي الاخر وقد يتشكك مثل هذا الشك في بعض الاشياء لان قوما يظنون ان الفهم فضيلة وعلم وليس احد الجنسين محصورا في الاخر الا ان الناس كلهم ليس يسلمون ان الفهم علم فان سلم احد ان هذا القول حق الا ان كون احد جنس الشء الواحد بعينه تحت الاخر او كونهما جميعا تحت جنس واحد بعينه يظن به انه من الاشياء الضرورية كما يعرض في الفضيلة والعلم وذلك ان كليهما تحت جنس واحد لان كل واحد منهما ملكة وحال فينبغي ان ننظر ان كان لا يوجد ولا واحد منهما للجنس الموصوف وذلك ان الجنسين ان لم يكن احدهما تحت الاخر ولم يكونا جميعا تحت جنس واحد بعينه فليس يمكن ان يكون الموصوف جنسا وينبغي ان ننظر في جنس الموصوف وكذلك ننظر داءما في الجنس الاعلي ان كانت كلها تحمل علي النوع وان كانت تحمل عليه من طريق ما هو وذلك ان جميع الاجناس العالية ينبغي ان تحمل علي النوع من طريق ما هو فان اختلفت بوجه من الوجوه فمن البين ان الموصوف ليس بجنس وايضا ينبغي ان ننظر ان كان الجنس يشارك النوع اما هو بنفسه او بعض الاجناس التي فوقه وذلك انه ليس يمكن ان يكون الجنس العالي يشارك واحدا من التي تحته فينبغي اذا للمناقض ان يستعمل هذا كما قلناه فاما المثبت فمتي اقر له بان الجنس الموصوف يوجد للنوع الا انه يشك فيه انه له بمنزلة جنس اكتفي بان يبين ان جنسا من الاجناس العالية يحمل علي النوع من طريق ما هو وذلك انه اذا كان واحد يحمل عليه من طريق ما هو فان جميع التي فوقه والتي تحته ان كانت محمولة حملا صوابا فحمل عليه من طريق ما هو فيجب ان يكون الجنس الموصوف ايضا يحمل عليه من طريق ما هو والامر ان واحدا اذا حمل من طريق ما هو كانت الباقية كلها ان كان حملها حملا صوابا يحمل من طريق ما هو ينبغي ان ياخذه من الاستقراء فان كان الجنس الموصوف يشك فيه علي الاطلاق انه موجود له فليس يكتفي بان يتبين ان واحدا من الاجناس العالية يحمل علي النوع من طريق ما هو مثال ذلك انه ان وضع احد ان النقلة جنس للمشي لم يكتف بان يتبين ان المشي حركة في ان يتبين انها نقلة لان ها هنا حركات اخر لكن ينبغي ان يبين مع ذلك ان المشي ليس يشارك شيءا مما هو مع النقلة تحت قسمة واحدة بعينها وذلك انه واجب ضرورة ان يكون المشارك للجنس مشاركا لبعض الانواع التي في القسمة الاولي فان كان المشي لا يشارك الزيادة ولا النقصان ولا واحدة من ساءر الحركات فمن البين انه يشارك النقلة فالنقلة اذا جنس للمشي وايضا ينبغي ان ننظر في الاشياء التي النوع الموضوع محمول فيها كالجنس ان كان الجنس الموضوع ايضا يحمل من طريق ما هو علي تلك الاشياء بعينها التي يحمل عليها النوع ايضا وعلي ذلك المثال ان كانت الاشياء التي فوق الجنس كلها كذلك وذلك ان هذا ان كان يختلف في جهة من الجهات فمن البين ان الموصوف ليس بجنس لانه لو كان جنسا لكانت جميع الاجناس التي فوقه وهو نفسه يحمل من طريق ما هو علي الاشياء التي يحمل عليها النوع من طريق ما هو اما المناقض فقد ينتفع متي لم يكن الجنس يحمل من طريق ما هو علي الاشياء التي يحمل عليها النوع من طريق ما هو فاما المثبت فقد ينتفع بان يكون يحمل من طريق ما هو وذلك انه قد يعرض ان يكون الجنس والنوع يحملان علي شء واحد بعينه من طريق ما هو فقد يكون اذا شء واحد بعينه تحت جنسين فواجب ضرورة ان يكون هذان الجنسان احدهما تحت الاخر فان تبين ان الشء الذي اردنا ان نثبت انه جنس ليس هو تحت النوع فمن البين ان النوع يكون تحته فبين اذن ان هذا جنس وينبغي ان ننظر في حدود الاجناس ان كانت تنطبق علي النوع الموصوف وعلي الاشياء المشاركة للنوع وذلك انه واجب ضرورة ان تكون اقاويل الاجناس تحمل علي النوع وعلي الاشياء المشاركة للنوع فان اختلفت في جهة من الجهات فمن البين ان الموصوف ليس بجنس وايضا ان وصف الفصل علي انه جنس مثال ذلك ان وصف غير الماءت بانه جنس للملك وذلك ان غير الماءت فصل للحي لان الحي منه ما هو ماءت ومنه ما هو غير ماءت فمن البين ان الذي يفعل ذلك قد غلط وذلك ان ليس يكون فصل شء من الاشياء جنسا والامر في ان هذا حق بين اذ كان ولا واحد من الفصول يدل علي ما الشء لكن علي اي شء بمنزلة المشاء ذي الرجلين وينبغي ان ننظر ان كان وضع الفصل في الجنس بمنزلة الفرد الذي هو عدد فان الفرد فصل للعدد لا نوع وليس يظن بالفصل انه يشارك الجنس وذلك ان كل ما يشارك الجنس فهو يصير اما نوعا واما شخصا والفصل لا نوع ولا شخص فمن البين ان الفصل لا يشارك الجنس فالفرد اذا ليس هو نوعا لكن فصل لانه ليس يشارك الجنس وايضا ينبغي ان ننظر ان كان وضع الجنس في النوع مثال ذلك المماسة التي هي الاتصال والاختلاط الذي هو المزاج او كما يحد فلاطن النقلة بانها الحركة في المكان وذلك انه ليس واجب ضرورة ان تكون المماسة اتصالا لكن بالعكس الاتصال مماسة لانه ليس كل مماس متصلا لكن كل متصل مماس وكذلك الامر في الاشياء الاخر وذلك ان ليس كل اختلاط مزاجا لان اختلاط الاشياء اليابسة ليس هو مزاجا ولا كل تغيير في المكان هو نقلة لان المشي ليس يظن به انه نقلة اذ كانت النقلة تكاد ان تكون انما تقال في الاشياء التي تغير الاماكن كرها كما يعرض في الاشياء غير المتنفسة ومن البين انه لما كان الجنس يقال علي اكثر مما يقال عليه النوع وجب ان يكون الامر في الاشياء التي وصفناها بالعكس وايضا ينبغي ان ننظر ان كان وضع الفصل في النوع بمنزلة غير الماءت الذي هو الملك وذلك انه يلزم ان يكون النوع يقال اما علي التساوي واما علي الاكثر فان الفصل ابدا يقال علي النوع اما علي التساوي واما علي الاكثر وينبغي ان ننظر ايضا ان كان وضع الجنس في الفصل بمنزلة اللون الذي هو الجامع للبصر او العدد الذي هو الفرد وان كان وضع الجنس علي انه فصل وذلك انه قد يمكن الانسان ان ياتي بمثل هذا الوضع في اشياء مثال ذلك ان يضع ان الاختلاط فصل للمزاج والتغير في المكان فصل للنقلة وينبغي ان نبحث عن امثال هذه كلها باشياء بعينها وذلك ان هذه المواضع تشترك لان الجنس ينبغي ان يقال علي اكثر مما يقال عليه الفصل والا يكون يشارك الفصل واذا وصفت هذا الوصف لم يمكن ان يعرض واحد مما ذكرنا لان الجنس يكون يقال علي اقل مما يقال عليه الفصل ويكون يشارك الفصل وايضا ان لم يكن فصل من فصول الجنس يحمل علي النوع الموصوف لم يكن ولا الجنس ايضا يحمل عليه مثال ذلك ان النفس ان لم تكن يحمل عليها لا الزوج ولا الفرد لم يكن ايضا ولا العدد يحمل عليها وايضا ينبغي ان ننظر ان كان النوع متقدما بالطبع ويرفع الجنس بارتفاعه فان المظنون به ضد ذلك وايضا ان كان يمكن ان ينقص الجنس الموصوف او الفصل مثل ان تنقص النفس بالتحرك او ينقص الظن بالصدق والكذب فليس يكون واحد مما وصف جنسا او فصلا وذلك انه يظن بالجنس والفصل انهما لازمان ما دام النوع موجودا,4,2
Σκοπεῖν δὲ καὶ εἰ τὸ ἐν τῷ γένει κείμενον μετέχει τινὸς ἐναντίου τῷ γένει ἢ εἰ ἐνδέχεται μετέχειν τὸ γὰρ αὐτὸ τῶν ἐναντίων ἅμα μεθέξει ἐπειδὴ τὸ μὲν γένος οὐδέποτ᾿ ἀπολείπει μετέχει δὲ καὶ τοὐναντίου ἢ ἐνδέχεται μετέχειν Ἔτι εἴ τινος κοινωνεῖ τὸ εἶδος ὃ ἀδύνατον ὅλως ὑπάρχειν τοῖς ὑπὸ τὸ γένος Οἷον εἰ ἡ ψυχὴ τῆς ζωῆς κοινωνεῖ τῶν δ᾿ ἀριθμῶν μηδένα δυνατὸν ζῆν οὐκ ἂν εἴη εἶδος ἀριθμοῦ ἡ ψυχή Σκεπτέον δὲ καὶ εἰ ὁμώνυμον τὸ εἶδος τῷ γένει στοιχείοις χρώμενον τοῖς εἰρημένοις πρὸς τὸ ὁμώνυμον συνώνυμον γὰρ τὸ γένος καὶ τὸ εἶδος Ἐπεὶ δὲ παντὸς γένους εἴδη πλείω σκοπεῖν εἰ μὴ ἐνδέχεται ἕτερον εἶδος εἶναι τοῦ εἰρημένου γένους εἰ γὰρ μή ἐστι δῆλον ὅτι οὐκ ἂν εἴη ὅλως γένος τὸ εἰρημένον Σκοπεῖν δὲ καὶ εἰ τὸ μεταφορᾷ λεγόμενον ὡς γένος ἀποδέδωκεν οἷον τὴν σωφροσύνην συμφωνίαν πᾶν γὰρ γένος κυρίως κατὰ τῶν εἰδῶν κατηγορεῖται ἡ δὲ συμφωνία κατὰ τῆς σωφροσύνης οὐ κυρίως ἀλλὰ μεταφορᾷ πᾶσα γὰρ συμφωνία ἐν φθόγγοις Ἔτι ἂν ᾖ ἐναντίον τι τῷ εἴδει σκοπεῖν Ἔστι δὲ πλεοναχῶς ἡ σκέψις πρῶτον μὲν εἰ ἐν τῷ αὐτῷ γένει καὶ τὸ ἐναντίον μὴ ὄντος ἐναντίου τῷ γένει δεῖ γὰρ τὰ ἐναντία ἐν τῷ αὐτῷ γένει εἶναι ἂν μηδὲν ἐναντίον τῷ γένει ᾖ Ὄντος δ᾿ ἐναντίου τῷ γένει σκοπεῖν εἰ τὸ ἐναντίον ἐν τῷ ἐναντίῳ ἀνάγκη γὰρ τὸ ἐναντίον ἐν τῷ ἐναντίῳ εἶναι ἄνπερ ᾖ ἐναντίον τι τῷ γένει Φανερὸν δὲ τούτων ἕκαστον διὰ τῆς ἐπαγωγῆς Πάλιν εἰ ὅλως ἐν μηδενὶ γένει τὸ τῷ εἴδει ἐναντίον ἀλλ᾿ αὐτὸ γένος οἷον τἀγαθόν εἰ γὰρ τοῦτο μὴ ἐν γένει οὐδὲ τὸ ἐναντίον τούτου ἐν γένει ἔσται ἀλλ᾿ αὐτὸ γένος καθάπερ ἐπὶ τοῦ ἀγαθοῦ καὶ τοῦ κακοῦ συμβαίνει οὐδέτερον γὰρ τούτων ἐν γένει ἀλλ᾿ ἑκάτερον αὐτῶν γένος Ἔτι εἰ ἐναντίον τινὶ καὶ τὸ γένος καὶ τὸ εἶδος καὶ τῶν μὲν ἔστι τι μεταξύ τῶν δὲ μή Εἰ γὰρ τῶν γενῶν ἔστι τι μεταξύ καὶ τῶν εἰδῶν καὶ εἰ τῶν εἰδῶν καὶ τῶν γενῶν καθάπερ ἐπ᾿ ἀρετῆς καὶ κακίας καὶ δικαιοσύνης καὶ ἀδικίας ἑκατέρων γὰρ ἔστι τι μεταξύ Ἔνστασις τούτου ὅτι ὑγιείας καὶ νόσου οὐδὲν μεταξύ κακοῦ δὲ καὶ ἀγαθοῦ Ἢ εἰ ἔστι μέν τι ἀμφοῖν ἀνὰ μέσον καὶ τῶν εἰδῶν καὶ τῶν γενῶν μὴ ὁμοίως δέ ἀλλὰ τῶν μὲν κατὰ ἀπόφασιν τῶν δ᾿ ὡς ὑποκείμενον Ἔνδοξον γὰρ τὸ ὁμοίως ἀμφοῖν καθάπερ ἐπ᾿ ἀρετῆς καὶ κακίας καὶ δικαιοσύνης καὶ ἀδικίας ἀμφοῖν γὰρ κατὰ ἀπόφασιν τὰ ἀνὰ μέσον Ἔτι ὅταν μὴ ᾖ ἐναντίον τῷ γένει σκοπεῖν μὴ μόνον εἰ τὸ ἐναντίον ἐν τῷ αὐτῷ γένει ἀλλὰ καὶ τὸ ἀνὰ μέσον ἐν ᾧ γὰρ τὰ ἄκρα καὶ τὰ ἀνὰ μέσον οἷον ἐπὶ λευκοῦ καὶ μέλανος τὸ γὰρ χρῶμα γένος τούτων τε καὶ τῶν ἀνὰ μέσον χρωμάτων ἁπάντων Ἔνστασις ὅτι ἡ μὲν ἔνδεια καὶ ὑπερβολὴ ἐν τῷ αὐτῷ γένει ἐν τῷ κακῷ γὰρ ἄμφω τὸ δὲ μέτριον ἀνὰ μέσον ὂν τούτων οὐκ ἐν τῷ κακῷ ἀλλ᾿ ἐν τῷ ἀγαθῷ Σκοπεῖν δὲ καὶ εἰ τὸ μὲν γένος ἐναντίον τινί τὸ δὲ εἶδος μηδενί Εἰ γὰρ τὸ γένος ἐναντίον τινί καὶ τὸ εἶδος καθάπερ ἀρετὴ κακίᾳ καὶ δικαιοσύνη ἀδικίᾳ Ὁμοίως δὲ καὶ ἐπὶ τῶν ἄλλων σκοποῦντι φανερὸν ἂν δόξειεν εἶναι τὸ τοιοῦτον Ἔνστασις ἐπὶ τῆς ὑγιείας καὶ νόσου ἁπλῶς μὲν γὰρ πᾶσα ὑγίεια νόσῳ ἐναντίον ἡ δέ τις νόσος εἶδος ὂν νόσου οὐδενὶ ἐναντίον οἷον ὁ πυρετὸς καὶ ἡ ὀφθαλμία καὶ τῶν ἄλλων ἕκαστον Ἀναιροῦντι μὲν οὖν τοσαυταχῶς ἐπισκεπτέον εἰ γὰρ μὴ ὑπάρχει τὰ εἰρημένα δῆλον ὅτι οὐ γένος τὸ ἀποδοθέν κατασκευάζοντι δὲ τριχῶς πρῶτον μὲν εἰ τὸ ἐναντίον τῷ εἴδει ἐν τῷ εἰρημένῳ γένει μὴ ὄντος ἐναντίου τῷ γένει εἰ γὰρ τὸ ἐναντίον ἐν τούτῳ δῆλον ὅτι καὶ τὸ προκείμενον Ἔτι εἰ τὸ ἀνὰ μέσον ἐν τῷ εἰρημένῳ γένει ἐν ᾧ γὰρ τὸ ἀνὰ μέσον καὶ τὰ ἄκρα Πάλιν ἂν ᾖ ἐναντίον τι τῷ γένει σκοπεῖν εἰ καὶ τὸ ἐναντίον ἐν τῷ ἐναντίῳ ἂν γὰρ ᾖ δῆλον ὅτι καὶ τὸ προκείμενον ἐν τῷ προκειμένῳ Πάλιν ἐπὶ τῶν πτώσεων καὶ ἐπὶ τῶν συστοίχων εἰ ὁμοίως ἀκολουθοῦσι καὶ ἀναιροῦντι καὶ κατασκευάζοντι Ἅμα γὰρ ἑνὶ καὶ πᾶσιν ὑπάρχει ἢ οὐχ ὑπάρχει οἷον εἰ ἡ δικαιοσύνη ἐπιστήμη τις καὶ τὸ δικαίως ἐπιστημόνως καὶ ὁ δίκαιος ἐπιστήμων εἰ δὲ τούτων τι μή οὐδὲ τῶν λοιπῶν οὐδέν,مواضع اخري وينبغي ان ننظر ان كان الموضوع في الجنس يشرك شيءا هو ضد للجنس او يمكن ان يشركه فان الواحد بعينه عند ذلك يصير مشاركا للضدين معا من قبل ان الجنس ليس يحل في وقت من الاوقات ويشارك ايضا ضده او يمكن ان يشركه وايضا ان كان النوع يشرك شيءا لا يمكن فيه اصلا ان يوجد للتي تحت الجنس مثل ذلك ان النفس ان كانت تشرك الحياة ولم يمكن ان يكون عدد من الاعداد يحيا فليس النفس نوعا للعدد وينبغي ان ننظر ان كان النوع مشاركا للجنس في الاسم بعد ان نستعمل الحروف التي وصفت في الاتفاق في الاسم وذلك ان الجنس والنوع متواطءان وايضا لما كان كل جنس له انواع كثيرة وجب ان ننظر هل يمكن الا يكون للجنس الموصوف نوع اخر وذلك انه ان لم يكن له فمن البين ان الموصوف ليس بجنس اصلا وينبغي ان ننظر ان كان الشء الذي ينقل للفظ قد وضعه علي انه جنس بمنزلة ما يوصف الفقه بالاتفاق وذلك ان كل جنس يحمل علي الانواع حملا حقيقيا والاتفاق ليس يحمل علي الفقه حملا حقيقيا لكنه يحمل عليها علي جهة النقل لان كل اتفاق انما يكون في النغم وايضا ننظر ان كان النوع ضد الشء وهذا البحث يكون علي انحاء كثيرة اما اولا فهل الضد في جنس واحد بعينه من غير ان يكون للجنس ضد لان الاضداد ينبغي ان تكون في جنس واحد بعينه ان لم يكن للجنس ضد اصلا وان كان للجنس ضد فلننظر ان كان الضد في الجنس المضاد وذلك انه يجب ضرورة ان يكون الضد في الجنس المضاد ان كان للجنس ضد وكل واحد من هذه الاشياء ظاهر بالاستقراء وايضا ينظر ان كان بالجملة ضد النوع لا يوجد اصلا في جنس من الاجناس لكنه هو نفسه جنس بمنزلة الخير فان هذا ان لم يكن موضوعا في جنس لم يكن ولا ضده في جنس لكنه يكون هو نفسه جنسا كما يعرض في الخير والشر وذلك انه ولا واحد منهما في جنس لكن كل واحد منهما جنس وننظر ايضا ان كان الجنس والنوع ضدين لشء وكان بعضها بينها متوسط وبعضها ليس بينها متوسط وذلك انه ان كان فيما بين الاجناس متوسط ما ففيما بين الانواع ايضا متوسط وان كان فيما بين الانواع متوسط ففيما بين الاجناس ايضا متوسط كالحال في الفضيلة والرذيلة والعدل والجور فان فيما بين كل اثنين من هذين شيءا متوسطا وعناد هذا القول ان الصحة والمرض ليس بينهما متوسط فنقول انه ان كان فيما بين الاثنين من الاجناس والانواع متوسط الا ان ذلك ليس علي مثال واحد لكن المتوسط بين ذينك علي جهة السلب والمتوسط بين ذين بمنزلة الموضوع وذلك ان كون المتوسط بين الاثنين علي مثال واحد مشهور في الفضيلة والرذيلة والعدل والجور لان المتوسط فيما بين هذين هو علي جهة السلب وننظر ايضا اذا كان للجنس ضد ما ليس فقط ان كان الضد في جنس واحد بعينه لكن والمتوسط ايضا وذلك ان الشء الذي فيه يكون الطرفان فيه تكون المتوسطات كالحال في الابيض والاسود لان اللون هو جنس هذين وجنس جميع الالوان المتوسطة بينهما وعناد هذا القول ان النقصان والزيادة في جنس واحد بعينه اذ كان كلاهما في الشر والمتوسط بينهما وهو المعتدل ليس هو في هذا الجنس بعينه لكنه في الخير وننظر ايضا ان كان الجنس ضد الشء ولم يكن النوع ضدا لشء من الاشياء وذلك ان الجنس ان كان ضد الشء فالنوع ايضا كذلك كالحال في الفضيلة والرذيلة والعدل والجور ونظن ان هذا المعني ظاهر علي مثال واحد في الاشياء الاخر لمن يتفقده وعناد هذا يوجد في الصحة والمرض فان الصحة ضد المرض علي الاطلاق ومرض ما وهو نوع ليس هو ضدا لشء اصلا بمنزلة الحمي والرمد وكل واحد من الاخر وينبغي اما لمن يروم الابطال ان يبحث بهذا المقدار من الانحاء وذلك انه ان لم يوجد ما وصفنا فمن البين انه ليس الموصوف بجنس واما لمن يريد التصحيح فبثلاث جهات اما اولا فان كان الضد في الجنس المذكور من غير ان يكون للجنس ضد لان الضد ان كان في هذا فمن البين ان الذي قدم ووضع ايضا فيه وايضا ان كان المتوسط في الجنس المذكور فان الشء الذي فيه المتوسطات فيه تكون الاطراف وايضا ان كان للجنس ضد ما فينبغي ان ننظر ان كان الضد في الضد فانه ان كان فمن البين ان الذي قدم في الذي قدم ووضع وننظر ايضا في التصاريف والنظاءر ان كانت تلزم علي مثال واحد للمبطل والمصحح وذلك انهما معا يوجد ولا يوجد للواحد والجميع مثال ذلك ان العدالة ان كانت علما فالعادل عالم وما يكون علي جهة العدالة هو علي جهة العلم وان لم يكن من هذه شء لم يكن من الباقية شء اصلا,4,3
Πάλιν ἐπὶ τῶν ὁμοίως ἐχόντων πρὸς ἄλληλα οἷον τὸ ἡδὺ ὁμοίως ἔχει πρὸς τὴν ἡδονὴν καὶ τὸ ὠφέλιμον πρὸς τἀγαθόν ἑκάτερον γὰρ ἑκατέρου ποιητικόν Εἰ οὖν ἐστὶν ἡ ἡδονὴ ὅπερ ἀγαθόν καὶ τὸ ἡδὺ ὅπερ ὠφέλιμον ἔσται δῆλον γὰρ ὅτι ἀγαθοῦ ἂν εἴη ποιητικόν ἐπειδὴ ἡ ἡδονὴ ἀγαθόν Ὡσαύτως δὲ καὶ ἐπὶ τῶν γενέσεων καὶ φθορῶν οἷον εἰ τὸ οἰκοδομεῖν ἐνεργεῖν τὸ ᾠκοδομηκέναι ἐνηργηκέναι καὶ εἰ τὸ μανθάνειν ἀναμιμνήσκεσθαι καὶ τὸ μεμαθηκέναι ἀναμεμνῆσθαι καὶ εἰ τὸ διαλύεσθαι φθείρεσθαι τὸ διαλελύσθαι ἐφθάρθαι καὶ ἡ διάλυσις φθορά τις Καὶ ἐπὶ τῶν γενητικῶν δὲ καὶ φθαρτικῶν ὡσαύτως καὶ ἐπὶ τῶν δυνάμεων καὶ χρήσεων καὶ ὅλως καθ᾿ ὁποιανοῦν ὁμοιότητα καὶ ἀναιροῦντι καὶ κατασκευάζοντι σκεπτέον καθάπερ ἐπὶ τῆς γενέσεως καὶ φθορᾶς ἐλέγομεν Εἰ γὰρ τὸ φθαρτικὸν διαλυτικόν καὶ τὸ φθείρεσθαι διαλύεσθαι καὶ εἰ τὸ γενητικὸν ποιητικόν τὸ γίνεσθαι ποιεῖσθαι καὶ ἡ γένεσις ποίησις Ὁμοίως δὲ καὶ ἐπὶ τῶν δυνάμεων καὶ χρήσεων εἰ γὰρ ἡ δύναμις διάθεσις καὶ τὸ δύνασθαι διακεῖσθαι καὶ εἴ τινος ἡ χρῆσις ἐνέργεια τὸ χρῆσθαι ἐνεργεῖν καὶ τὸ κεχρῆσθαι ἐνηργηκέναι Ἂν δὲ στέρησις ᾖ τὸ ἀντικείμενον τῷ εἴδει διχῶς ἔστιν ἀνελεῖν πρῶτον μὲν εἰ ἐν τῷ ἀποδοθέντι γένει τὸ ἀντικείμενον ἢ γὰρ ἁπλῶς ἐν οὐδενὶ γένει τῷ αὐτῷ ἡ στέρησις ἢ οὐκ ἐν τῷ ἐσχάτῳ οἷον εἰ ἡ ὄψις ἐν ἐσχάτῳ γένει τῇ αἰσθήσει ἡ τυφλότης οὐκ ἔσται αἴσθησις Δεύτερον δ᾿ εἰ καὶ τῷ γένει καὶ τῷ εἴδει ἀντίκειται στέρησις μή ἐστι δὲ τὸ ἀντικείμενον ἐν τῷ ἀντικειμένῳ οὐδ᾿ ἂν τὸ ἀποδοθὲν ἐν τῷ ἀποδοθέντι εἴη Ἀναιροῦντι μὲν οὖν καθάπερ εἴρηται χρηστέον κατασκευάζοντι δὲ μοναχῶς εἰ γὰρ τὸ ἀντικείμενον ἐν τῷ ἀντικειμένῳ καὶ τὸ προκείμενον ἐν τῷ προκειμένῳ ἂν εἴη οἷον εἰ ἡ τυφλότης ἀναισθησία τις ἡ ὄψις αἴσθησίς τις Πάλιν ἐπὶ τῶν ἀποφάσεων σκοπεῖν ἀνάπαλιν καθάπερ ἐπὶ τοῦ συμβεβηκότος ἐλέγετο οἷον εἰ τὸ ἡδὺ ὅπερ ἀγαθόν τὸ μὴ ἀγαθὸν οὐχ ἡδύ Εἰ γὰρ μὴ οὕτως ἔχοι εἴη ἄν τι καὶ οὐκ ἀγαθὸν ἡδύ Ἀδύνατον δέ εἴπερ τὸ ἀγαθὸν γένος τοῦ ἡδέος εἶναί τι μὴ ἀγαθὸν ἡδύ ὧν γὰρ τὸ γένος μὴ κατηγορεῖται οὐδὲ τῶν εἰδῶν οὐδέν Καὶ κατασκευάζοντι δὲ ὡσαύτως σκεπτέον εἰ γὰρ τὸ μὴ ἀγαθὸν οὐχ ἡδύ τὸ ἡδὺ ἀγαθόν ὥστε γένος τὸ ἀγαθὸν τοῦ ἡδέος Ἐὰν δ᾿ ᾖ πρός τι τὸ εἶδος σκοπεῖν εἰ καὶ τὸ γένος πρός τι εἰ γὰρ τὸ εἶδος τῶν πρός τι καὶ τὸ γένος καθάπερ ἐπὶ τοῦ διπλασίου καὶ πολλαπλασίου ἑκάτερον γὰρ τῶν πρός τι Εἰ δὲ τὸ γένος τῶν πρός τι οὐκ ἀνάγκη καὶ τὸ εἶδος ἡ μὲν γὰρ ἐπιστήμη τῶν πρός τι ἡ δὲ γραμματικὴ οὔ Ἢ οὐδὲ τὸ πρότερον ῥηθὲν ἀληθὲς ἂν δόξειεν ἡ γὰρ ἀρετὴ ὅπερ καλὸν καὶ ὅπερ ἀγαθόν καὶ ἡ μὲν ἀρετὴ τῶν πρός τι τὸ δ᾿ ἀγαθὸν καὶ τὸ καλὸν οὐ τῶν πρός τι ἀλλὰ ποιά Πάλιν εἰ μὴ πρὸς ταὐτὸ λέγεται τὸ εἶδος καθ᾿ αὑτό τε καὶ κατὰ τὸ γένος οἷον εἰ τὸ διπλάσιον ἡμίσεος λέγεται διπλάσιον καὶ τὸ πολλαπλάσιον ἡμίσεος δεῖ λέγεσθαι Εἰ δὲ μή οὐκ ἂν εἴη τὸ πολλαπλάσιον γένος τοῦ διπλασίου Ἔτι εἰ μὴ πρὸς ταὐτὸ κατά τε τὸ γένος λέγεται καὶ κατὰ πάντα τὰ τοῦ γένους γένη Εἰ γὰρ τὸ διπλάσιον ἡμίσεος πολλαπλάσιόν ἐστι καὶ τὸ ὑπερέχον ἡμίσεος ῥηθήσεται καὶ ἁπλῶς κατὰ πάντα τὰ ἐπάνω γένη πρὸς τὸ ἥμισυ ῥηθήσεται Ἔνστασις ὅτι οὐκ ἀνάγκη καθ᾿ αὑτὸ καὶ κατὰ τὸ γένος πρὸς ταὐτὸ λέγεσθαι ἡ γὰρ ἐπιστήμη ἐπιστητοῦ λέγεται ἕξις δὲ καὶ διάθεσις οὐκ ἐπιστητοῦ ἀλλὰ ψυχῆς Πάλιν εἰ ὡσαύτως λέγεται τὸ γένος καὶ τὸ εἶδος κατὰ τὰς πτώσεις οἷον εἰ τινὶ ἢ τινὸς ἢ ὁσαχῶς ἄλλως Ὡς γὰρ τὸ εἶδος καὶ τὸ γένος καθάπερ ἐπὶ τοῦ διπλασίου καὶ τῶν ἐπάνω τινὸς γὰρ καὶ τὸ διπλάσιον καὶ τὸ πολλαπλάσιον Ὁμοίως δὲ καὶ ἐπὶ τῆς ἐπιστήμης τινὸς γὰρ καὶ αὐτὴ καὶ τὰ γένη οἷον ἥ τε διάθεσις καὶ ἡ ἕξις Ἔνστασις ὅτι ἐνιαχοῦ οὐχ οὕτως τὸ μὲν γὰρ διάφορον καὶ τὸ ἐναντίον τινί τὸ δ᾿ ἕτερον γένος ὂν τούτων οὐ τινὶ ἀλλὰ τινός ἕτερον γάρ τινος λέγεται Πάλιν εἰ ὁμοίως τὰ πρός τι κατὰ τὰς πτώσεις λεγόμενα μὴ ὁμοίως ἀντιστρέφει καθάπερ ἐπὶ τοῦ διπλασίου καὶ τοῦ πολλαπλασίου Ἑκάτερον γὰρ τούτων τινὸς καὶ αὐτὸ καὶ κατὰ τὴν ἀντιστροφὴν λέγεται τινὸς γὰρ καὶ τὸ ἥμισυ καὶ τὸ πολλοστημόριον Ὡσαύτως δὲ καὶ ἐπὶ τῆς ἐπιστήμης καὶ τῆς ὑπολήψεως αὗται γάρ τινος καὶ ἀντιστρέφει ὁμοίως τό τε ἐπιστητὸν καὶ τὸ ὑποληπτὸν τινί Εἰ οὖν ἐπί τινων μὴ ὁμοίως ἀντιστρέφει δῆλον ὅτι οὐ γένος θάτερον θατέρου Πάλιν εἰ μὴ πρὸς ἴσα τὸ εἶδος καὶ τὸ γένος λέγεται ὁμοίως γὰρ καὶ ἰσαχῶς ἑκάτερον δοκεῖ λέγεσθαι καθάπερ ἐπὶ τῆς δωρεας καὶ τῆς δόσεως Ἥ τε γὰρ δωρεὰ τινὸς ἢ τινὶ λέγεται καὶ ἡ δόσις τινὸς καὶ τινί Ἔστι δὲ ἡ δόσις γένος τῆς δωρεᾶς ἡ γὰρ δωρεὰ δόσις ἐστὶν ἀναπόδοτος Ἐπ᾿ ἐνίων δ᾿ οὐ συμβαίνει πρὸς ἴσα λέγεσθαι τὸ μὲν γὰρ διπλάσιον τινὸς διπλάσιον τὸ δ᾿ ὑπερέχον καὶ τὸ μεῖζον τινὸς καὶ τινί πᾶν γὰρ τὸ ὑπερέχον καὶ τὸ μεῖζον τινὶ ὑπερέχει καὶ τινὸς ὑπερέχει Ὥστ᾿ οὐ γένη τὰ εἰρημένα τοῦ διπλασίου ἐπειδὴ οὐ πρὸς ἴσα τῷ εἴδει λέγεται Ἢ οὐ καθόλου ἀληθὲς τὸ πρὸς ἴσα τὸ εἶδος καὶ τὸ γένος λέγεσθαι Ὁρᾶν δὲ καὶ εἰ τοῦ ἀντικειμένου τὸ ἀντικείμενον γένος οἷον εἰ τοῦ διπλασίου τὸ πολλαπλάσιον καὶ τοῦ ἡμίσεος τὸ πολλοστημόριον δεῖ γὰρ τὸ ἀντικείμενον τοῦ ἀντικειμένου γένος εἶναι Εἰ οὖν τις θείη τὴν ἐπιστήμην ὅπερ αἴσθησιν δεήσει καὶ τὸ ἐπιστητὸν ὅπερ αἰσθητὸν εἶναι Οὐκ ἔστι δέ οὐ γὰρ πᾶν τὸ ἐπιστητὸν αἰσθητόν καὶ γὰρ τῶν νοητῶν ἔνια ἐπιστητά Ὥστ᾿ οὐ γένος τὸ αἰσθητὸν τοῦ ἐπιστητοῦ Εἰ δὲ τοῦτο μή οὐδ᾿ αἴσθησις ἐπιστήμης Ἐπεὶ δὲ τῶν πρός τι λεγομένων τὰ μὲν ἐξ ἀνάγκης ἐν ἐκείνοις ἢ περὶ ἐκεῖνά ἐστι πρὸς ἅ ποτε τυγχάνει λεγόμενα οἷον ἡ διάθεσις καὶ ἡ ἕξις καὶ ἡ συμμετρία ἐν ἄλλῳ γὰρ οὐδενὶ δυνατὸν ὑπάρχειν τὰ εἰρημένα ἢ ἐν ἐκείνοις πρὸς ἃ λέγεται τὰ δ᾿ οὐκ ἀνάγκη μὲν ἐν ἐκείνοις ὑπάρχειν πρὸς ἅ ποτε λέγεται ἐνδέχεται δέ οἷον εἰ ἐπιστητὸν ἡ ψυχή οὐδὲν γὰρ κωλύει τὴν αὑτῆς ἐπιστήμην ἔχειν τὴν ψυχήν οὐκ ἀναγκαῖον δέ δυνατὸν γὰρ καὶ ἐν ἄλλῳ ὑπάρχειν τὴν αὐτὴν ταύτην τὰ δ᾿ ἁπλῶς οὐκ ἐνδέχεται ἐν ἐκείνοις ὑπάρχειν πρὸς ἅ ποτε τυγχάνει λεγόμενα οἷον τὸ ἐναντίον ἐν τῷ ἐναντίῳ οὐδὲ τὴν ἐπιστήμην ἐν τῷ ἐπιστητῷ ἐὰν μὴ τυγχάνῃ τὸ ἐπιστητὸν ψυχὴ ἢ ἄνθρωπος ὄν σκοπεῖν οὖν χρὴ ἐάν τις εἰς γένος θῇ τὸ τοιοῦτον εἰς τὸ μὴ τοιοῦτον οἷον εἰ τὴν μνήμην μονὴν ἐπιστήμης εἶπεν Πᾶσα γὰρ μονὴ ἐν τῷ μένοντι καὶ περὶ ἐκεῖνο ὥστε καὶ ἡ τῆς ἐπιστήμης μονὴ ἐν τῇ ἐπιστήμῃ Ἡ μνήμη ἄρα ἐν τῇ ἐπιστήμῃ ἐπειδὴ μονὴ τῆς ἐπιστήμης ἐστίν τοῦτο δ᾿ οὐκ ἐνδέχεται μνήμη γὰρ πᾶσα ἐν ψυχῇ Ἔστι δ᾿ ὁ εἰρημένος τόπος καὶ πρὸς τὸ συμβεβηκὸς κοινός οὐδὲν γὰρ διαφέρει τῆς μνήμης γένος τὴν μονὴν εἰπεῖν ἢ συμβεβηκέναι φάσκειν αὐτῇ τοῦτο εἰ γὰρ ὁπωσοῦν ἐστὶν ἡ μνήμη μονὴ ἐπιστήμης ὁ αὐτὸς ἁρμόσει περὶ αὐτῆς λόγος,مواضع اخري وننظر ايضا في الاشياء التي حالها بعضها عند بعض حال متشابهة مثال ذلك ان حال اللذيذ عند اللذة مشابهة لحال النافع عند الخير وذلك ان كل واحد من ذينك محدث لكل واحد من هذين فان اللذة ان كانت الذي هو الخير فان اللذيذ يكون هو النافع ان كان من البين انه يكون محدثا للخير لان اللذة خير وكذلك يجري الامر في الكون والفساد مثال ذلك انه ان كان ان يبني الانسان هو ان يفعل فان قد بني هو ان قد فعل وان كان ان يتعلم الانسان هو ان يتذكر فان قد تعلم هو ان قد تذكر وان كان ان ينحل الانسان هو ان يفسد فان قد انحل هو ان قد فسد فان الانحلال هو فساد ما وكذلك يجري الامر في المكونة والمفسدة والقوي والاستعمالات وبالجملة فينبغي للمبطل والمصحح ان يبحثا في اي تشابه كان علي مثال ما قلنا في الكون والفساد وذلك انه ان كان المفسد محللا فالافساد تحليل وان كان المكون محدثا فالتكون احداث والتكون حدث وكذلك يجري الامر في القوي والاستعمالات وذلك ان القوة ان كانت حالا فان الشء اذا كان يقوي فهو بحال ما وان كان استعمال شء من الاشياء فعلا فالذي يستعمل يفعل والذي قد استعمل قد فعل وان كان المقابل للنوع عدما فالابطال يكون علي وجهين الاول منهما ان كان المقابل في الجنس الموصوف وذلك انه بالجملة اما الا يكون العدم في جنس واحد بعينه اصلا او لا يكون في الاخير مثال ذلك ان البصر ان كان في الجنس الاخير اعني في الحس فالعمي ليس هو حسا والثاني ان العدم ان كان يقابل الجنس والنوع ولم يكن المقابل في المقابل فليس الموصوف في الموصوف فالمبطل ينبغي له ان يستعملها علي ما وصفنا فاما المصحح فعلي جهة واحدة فقط وذلك ان المقابل ان كان في المقابل فان الذي قدم ووضع يكون في الذي قدم ووضع مثال ذلك ان العمي ان كان عدم حس ما فان البصر حس ما وينبغي ايضا ان ننظر في السوالب بالعكس كما فعلنا في العرض بمنزلة ما ان كان اللذيذ هو الخير فالذي ليس بخير ليس بلذيذ لانه ليس يمكن ان كان الخير جنسا للذيذ ان يكون شء ما لذيذ ليس بخير وذلك ان الاشياء التي لا يحمل عليها الجنس ليس يحمل عليها شء من الانواع وكذلك ينبغي للمصحح ان ينظر فانه ان كان ما ليس بخير ليس بلذيذ فاللذيذ خير فيجب من ذلك ان يكون الخير جنسا للذيذ وان كان النوع مضافا فينبغي ان ننظر ان كان الجنس ايضا مضافا وذلك انه ان كان النوع ايضا من المضاف فان الجنس من المضاف كالحال في الضعف والكثير الاضعاف فان كل واحد منهما من المضاف وان كان الجنس من المضاف فليس واجبا ضرورة ان يكون النوع ايضا من المضاف وذلك ان العلم من المضاف والنحو ليس هو من المضاف له ويكون ما قيل قبل ليس يظن به انه حق لان الفضيلة هي الجميل وهي الخير والفضيلة من المضاف والخير والجميل ليسا من المضاف كانهما كيفيتان وايضا ننظر ان لم يكن النوع يقال بالقياس الي شء واحد بعينه بذاته وبالجنس مثال ذلك انه ان كان الضعف يقال له ضعف للنصف فينبغي ان يكون الكثير الاضعاف كثير اضعاف للنصف فان لم يكن كذلك فليس الكثير الاضعاف جنسا للضعف وايضا ننظر ان كان لا يقال بالقياس الي واحد بعينه بالجنس وبجميع اجناس الجنس وذلك ان الضعف ان كان كثير الاضعاف للنصف فان الفاضل يقال فاضلا للنصف وبالجملة يقال بالقياس الي النصف جميع الاجناس التي فوق والعناد في هذا هو انه ليس يجب ضرورة ان يقال بالقياس الي واحد بعينه بذاته وبالجنس لان العلم انما يقال علم بالمعلوم والملكة والحال ليستا تقالان للمعلوم لكن للنفس وايضا ننظر ان كان الجنس والنوع يقالان علي مثال واحد في التصاريف مثال ذلك قولنا بكذا او لكذا او بجهة من الجهات غير هاتين وذلك ان الجنس يقال مثل النوع في الضعف وفي الاجناس التي فوقه لانا نقول انه ضعف لكذا وكثير الاضعاف لكذا وكذلك العلم يقال لكذا واجناسه مثله اعني الحال والملكة والعناد في هذا ان الامر في بعض المواضع ليس يجري هذا المجري وذلك ان المخالف والمضاد يقالان لكذا والغير جنس لهما وليس يقال غير لكذا بل غير كذا وايضا ننظر ان كان ما يقال من المضاف علي مثال واحد في التصريف ليس ينعكس علي مثال واحد كالحال في الضعف والكثير الاضعاف وذلك ان كل واحد منها يقال لكذا وكذلك يقالان في الانعكاس لان النصف والكثير الاجزاء انما يقالان لكذا وكذلك يجري الامر في العلم وفي الظن فان هذين يقالان لكذا والمعلوم والمظنون ينعكسان علي ذلك المثال فان كان في بعض الاشياء ليس يقع الانعكاس علي مثال واحد فمن البين ان احدهما ليس هو جنسا للاخر وايضا ننظر ان كان الجنس والنوع ليس يقالان بالمساواة في التصريف وذلك انه قد يظن ان كل واحد منهما يقال علي مثال واحد وبانحاء متساوية كالحال في الهبة والعطية وذلك انه قد يقال هبته و هبة له و عطيته و عطية له والعطية جنس للهبة وذلك ان الهبة عطية لا يكافا عليها وفي بعضها يلزم الا تقال المساواة في التصريف وذلك ان الضعف ضعف لشء والزاءد زاءد علي شء وفي شء والاعظم اعظم من شء ولشء فليس ما وصفنا اجناسا للضعف لانها ليست تقال مساوية للنوع وفي التصريف او لا يكون بالجملة القول بان الجنس والنوع يقالان بالمساواة في التصريف حقا وينبغي ان ننظر ان كان المقابل جنسا للمقابل مثال ذلك ان يكون كثير الاضعاف جنسا للضعف وان يكون الكثير الاجزاء جنسا للنصف وذلك انه واجب ان يكون المقابل جنسا للمقابل فان وضع واضع العلم الشء الذي هو الحس فيحتاج ان يضع ايضا المعلوم الشء الذي هو المحسوس وليس الامر كذلك لان ليس كل معلوم فهو محسوس وذلك ان بعض المعقولات معلومة فليس المحسوس اذا جنسا للمعلوم وان لم يكن هذا هكذا فليس الحس جنسا للعلم والتي تقال علي طريق الاضافة منها ما هي ضرورة في تلك الاشياء التي بالقياس اليها يقال او لديها بمنزلة الحال او الملكة والاعتدال وذلك انه ليس يمكن ان تكون هذه الاشياء التي ذكرنا في شء من الاشياء الا فيما يقال بالقياس اليها ومنها ما ليس يجب ضرورة ان يكون في الاشياء التي بالقياس اليها يقال الا ان ذلك ممكن فيها مثال ذلك ان كانت النفس معلومة فانه ليس يمنع مانع ان يكون للنفس علمها الا ان ذلك ليس بالضروري لانه قد يمكن ان يكون هذا العلم بعينه في شء اخر ومنها ما ليس يمكن علي الاطلاق ان يكون في تلك الاشياء التي بالقياس اليها يقال مثل الضد في الضد ولا المعلم في المعلوم ان لم يتفق ان يكون المعلوم نفسا او انسانا فلما كان هذا كذا ينبغي ان ننظر ان وضع واضع الجنس الذي هو بهذه الصفة فيما ليس هو بهذه الصفة مثال ذلك ان قال ان الذكر بقاء العلم وذلك ان كل بقاء انما هو في الباقي ولدي الباقي فبقاء العلم اذن انما هو في العلم فالذكر اذن في العلم لانه بقاء العلم وذلك غير ممكن لان كل ذلك انما يوجد في النفس وهذا الموضع الموصوف عام للعرض ايضا لانه لا فرق بين قولنا ان البقاء جنس للذكر وبين قولنا انه عرض يعرض له وذلك انه ان كان الذكر كيفما كان بقي العلم فقد يليق به هذا القول بعينه,4,4
Πάλιν εἰ τὴν ἕξιν εἰς τὴν ἐνέργειαν ἔθηκεν ἢ τὴν ἐνέργειαν εἰς τὴν ἕξιν οἷον τὴν αἴσθησιν κίνησιν διὰ σώματος ἡ μὲν γὰρ αἴσθησις ἕξις ἡ δὲ κίνησις ἐνέργεια Ὁμοίως δὲ καὶ εἰ τὴν μνήμην ἕξιν καθεκτικὴν ὑπολήψεως εἶπεν οὐδεμία γὰρ μνήμη ἕξις ἀλλὰ μᾶλλον ἐνέργεια Διαμαρτάνουσι δὲ καὶ οἱ τὴν ἕξιν εἰς τὴν ἀκολουθοῦσαν δύναμιν τάττοντες οἷον τὴν πραότητα ἐγκράτειαν ὀργῆς καὶ τὴν ἀνδρίαν καὶ τὴν δικαιοσύνην φόβων καὶ κερδῶν ἀνδρεῖος μὲν γὰρ καὶ πρᾶος ὁ ἀπαθὴς λέγεται ἐγκρατὴς δ᾿ ὁ πάσχων καὶ μὴ ἀγόμενος Ἴσως μὲν οὖν ἀκολουθεῖ δύναμις ἑκατέρῳ τοιαύτη ὥστ᾿ εἰ πάθοι μὴ ἄγεσθαι ἀλλὰ κρατεῖν οὐ μὴν τοῦτό γ᾿ ἐστὶ τῷ μὲν ἀνδρείῳ τῷ δὲ πράῳ εἶναι ἀλλὰ τὸ ὅλως μὴ πάσχειν ὑπὸ τῶν τοιούτων μηδέν Ἐνίοτε δὲ καὶ τὸ παρακολουθοῦν ὁπωσοῦν ὡς γένος τιθέασιν οἷον τὴν λύπην τῆς ὀργῆς καὶ τὴν ὑπόληψιν τῆς πίστεως Ἄμφω γὰρ τὰ εἰρημένα παρακολουθεῖ μὲν τρόπον τινὰ τοῖς ἀποδοθεῖσιν εἴδεσιν οὐδέτερον δ᾿ αὐτῶν γένος ἐστίν ὁ μὲν γὰρ ὀργιζόμενος λυπεῖται προτέρας ἐν αὐτῷ τῆς λύπης γενομένης οὐ γὰρ ἡ ὀργὴ τῆς λύπης ἀλλ᾿ ἡ λύπη τῆς ὀργῆς αἰτία ὥσθ᾿ ἁπλῶς ἡ ὀργὴ οὐκ ἔστι λύπη Κατὰ ταῦτα δ᾿ οὐδ᾿ ἡ πίστις ὑπόληψις ἐνδέχεται γὰρ τὴν αὐτὴν ὑπόληψιν καὶ μὴ πιστεύοντα ἔχειν Οὐκ ἐνδέχεται δ᾿ εἴπερ εἶδος ἡ πίστις ὑπολήψεως οὐ γὰρ ἐνδέχεται τὸ αὐτὸ ἔτι διαμένειν ἄνπερ ἐκ τοῦ εἴδους ὅλως μεταβάλῃ καθάπερ οὐδὲ τὸ αὐτὸ ζῷον ὁτὲ μὲν ἄνθρωπον εἶναι ὁτὲ δὲ μή Ἂν δέ τις φῇ ἐξ ἀνάγκης τὸν ὑπολαμβάνοντα καὶ πιστεύειν ἐπ᾿ ἴσον ἡ ὑπόληψις καὶ ἡ πίστις ῥηθήσεται ὥστ᾿ οὐδ᾿ ἂν οὕτως εἴη γένος ἐπὶ πλέον γὰρ δεῖ λέγεσθαι τὸ γένος Ὁρᾶν δὲ καὶ εἰ ἔν τινι τῷ αὐτῷ πέφυκεν ἄμφω γίνεσθαι ἐν ᾧ γὰρ τὸ εἶδος καὶ τὸ γένος οἷον ἐν ᾧ τὸ λευκόν καὶ τὸ χρῶμα καὶ ἐν ᾧ γραμματική καὶ ἐπιστήμη Ἐὰν οὖν τις τὴν αἰσχύνην φόβον εἴπῃ ἢ τὴν ὀργὴν λύπην οὐ συμβήσεται ἐν τῷ αὐτῷ τὸ εἶδος καὶ τὸ γένος ὑπάρχειν ἡ μὲν γὰρ αἰσχύνη ἐν τῷ λογιστικῷ ὁ δὲ φόβος ἐν τῷ θυμοειδεῖ καὶ ἡ μὲν λύπη ἐν τῷ ἐπιθυμητικῷ ἐν τούτῳ γὰρ καὶ ἡ ἡδονή ἡ δὲ ὀργὴ ἐν τῷ θυμοειδεῖ ὥστ᾿ οὐ γένη τὰ ἀποδοθέντα ἐπειδὴ οὐκ ἐν τῷ αὐτῷ τοῖς εἴδεσι πέφυκε γίνεσθαι Ὁμοίως δὲ καὶ εἰ ἡ φιλία ἐν τῷ ἐπιθυμητικῷ οὐκ ἂν εἴη βούλησίς τις πᾶσα γὰρ βούλησις ἐν τῷ λογιστικῷ Χρήσιμος δ᾿ ὁ τόπος καὶ πρὸς τὸ συμβεβηκός ἐν τῷ αὐτῷ γὰρ τὸ συμβεβηκὸς καὶ ᾧ συμβέβηκεν ὥστ᾿ ἂν μὴ ἐν τῷ αὐτῷ φαίνηται δῆλον ὅτι οὐ συμβέβηκεν Πάλιν εἰ κατά τι τὸ εἶδος τοῦ εἰρημένου γένους μετέχει οὐ δοκεῖ γὰρ κατά τι μετέχεσθαι τὸ γένος οὐ γάρ ἐστιν ὁ ἄνθρωπος κατά τι ζῷον οὐδ᾿ ἡ γραμματικὴ κατά τι ἐπιστήμη Ὁμοίως δὲ καὶ ἐπὶ τῶν ἄλλων Σκοπεῖν οὖν εἰ ἐπί τινων κατά τι μετέχεται τὸ γένος οἷον εἰ τὸ ζῷον ὅπερ αἰσθητὸν ἢ ὁρατὸν εἴρηται Κατά τι γὰρ αἰσθητὸν ἢ ὁρατὸν τὸ ζῷον κατὰ τὸ σῶμα γὰρ αἰσθητὸν καὶ ὁρατόν κατὰ δὲ τὴν ψυχὴν οὔ ὥστ᾿ οὐκ ἂν εἴη γένος τὸ ὁρατὸν καὶ τὸ αἰσθητὸν τοῦ ζῴου Λανθάνουσι δ᾿ ἐνίοτε καὶ τὸ ὅλον εἰς τὸ μέρος τιθέντες οἷον τὸ ζῷον σῶμα ἔμψυχον Οὐδαμῶς δὲ τὸ μέρος τοῦ ὅλου κατηγορεῖται ὥστ᾿ οὐκ ἂν εἴη τὸ σῶμα γένος τοῦ ζῴου ἐπειδὴ μέρος ἐστίν Ὁρᾶν δὲ καὶ εἴ τι τῶν ψεκτῶν ἢ φευκτῶν εἰς δύναμιν ἢ τὸ δυνατὸν ἔθηκεν οἷον τὸν σοφιστὴν ἢ διάβολον ἢ κλέπτην τὸν δυνάμενον τὰ ἀλλότρια ὑφαιρεῖσθαι ἢ δυνάμενον διαβάλλειν ἢ σοφίζεσθαι Οὐδεὶς γὰρ τῶν εἰρημένων τῷ δυνατὸς εἶναί τι τούτων τοιοῦτος λέγεται δύναται μὲν γὰρ καὶ ὁ θεὸς καὶ ὁ σπουδαῖος τὰ φαῦλα δρᾶν ἀλλ᾿ οὐκ εἰσὶ τοιοῦτοι πάντες γὰρ οἱ φαῦλοι κατὰ προαίρεσιν λέγονται Ἔτι πᾶσα δύναμις τῶν αἱρετῶν καὶ γὰρ αἱ τῶν φαύλων δυνάμεις αἱρεταί διὸ καὶ τὸν θεὸν καὶ τὸν σπουδαῖον ἔχειν φαμὲν αὐτάς δυνατοὺς γὰρ εἶναι τὰ φαῦλα πράσσειν Ὥστ᾿ οὐδενὸς ἂν εἴη ψεκτοῦ γένος ἡ δύναμις Εἰ δὲ μή συμβήσεται τῶν ψεκτῶν τι αἱρετὸν εἶναι ἔσται γάρ τις δύναμις ψεκτή Καὶ εἴ τι τῶν δι᾿ αὑτὸ τιμίων ἢ αἱρετῶν εἰς δύναμιν ἢ τὸ δυνατὸν ἢ τὸ ποιητικὸν ἔθηκεν Πᾶσα γὰρ δύναμις καὶ πᾶν τὸ δυνατὸν ἢ τὸ ποιητικὸν δι᾿ ἄλλο αἱρετόν Ἢ εἴ τι τῶν ἐν δύο γένεσιν ἢ πλείοσιν εἰς θάτερον ἔθηκεν Ἔνια γὰρ οὐκ ἔστιν εἰς ἓν γένος θεῖναι οἷον τὸν φένακα καὶ τὸν διάβολον οὔτε γὰρ ὁ προαιρούμενος ἀδυνατῶν δέ οὔθ᾿ ὁ δυνάμενος μὴ προαιρούμενος δὲ διάβολος ἢ φέναξ ἀλλ᾿ ὁ ἄμφω ταῦτα ἔχων Ὥστ᾿ οὐ θετέον εἰς ἓν γένος ἀλλ᾿ εἰς ἀμφότερα τὰ εἰρημένα Ἔτι ἐνίοτε ἀνάπαλιν τὸ μὲν γένος ὡς διαφορὰν τὴν δὲ διαφορὰν ὡς γένος ἀποδιδόασιν οἷον τὴν ἔκπληξιν ὑπερβολὴν θαυμασιότητος καὶ τὴν πίστιν σφοδρότητα ὑπολήψεως Οὔτε γὰρ ἡ ὑπερβολὴ οὔθ᾿ ἡ σφοδρότης γένος ἀλλὰ διαφορά δοκεῖ γὰρ ἡ ἔκπληξις θαυμασιότης γένος ἀλλὰ διαφορά δοκεῖ γὰρ ἡ ἔκπληξις θαυμασιότης εἶναι ὑπερβάλλουσα καὶ ἡ πίστις ὑπόληψις σφοδρά ὥστε γένος ἡ θαυμασιότης καὶ ἡ ὑπόληψις ἡ δ᾿ ὑπερβολὴ καὶ ἡ σφοδρότης διαφορά Ἔτι εἴ τις τὴν ὑπερβολὴν καὶ σφοδρότητα ὡς γένος ἀποδώσει τὰ ἄψυχα πιστεύσει καὶ ἐκπλαγήσεται Ἡ γὰρ ἑκάστου σφοδρότης καὶ ὑπερβολὴ πάρεστιν ἐκείνῳ οὗ ἐστὶ σφοδρότης καὶ ὑπερβολή Εἰ οὖν ἡ ἔκπληξις ὑπερβολή ἐστι θαυμασιότητος παρέσται τῇ θαυμασιότητι ἡ ἔκπληξις ὥσθ᾿ ἡ θαυμασιότης ἐκπλαγήσεται Ὁμοίως δὲ καὶ ἡ πίστις παρέσται τῇ ὑπολήψει εἴπερ σφοδρότης ὑπολήψεώς ἐστιν ὥστε ἡ ὑπόληψις πιστεύσει Ἔτι συμβήσεται τῷ οὕτως ἀποδιδόντι σφοδρότητα σφοδρὰν λέγειν καὶ ὑπερβολὴν ὑπερβάλλουσαν Ἔστι γὰρ πίστις σφοδρά εἰ οὖν ἡ πίστις σφοδρότης ἐστί σφοδρότης ἂν εἴη σφοδρά Ὁμοίως δὲ καὶ ἔκπληξίς ἐστιν ὑπερβάλλουσα εἰ οὖν ἡ ἔκπληξις ὑπερβολή ἐστιν ὑπερβολὴ ἂν εἴη ὑπερβάλλουσα Οὐ δοκεῖ δ᾿ οὐδέτερον τούτων ὥσπερ οὐδ᾿ ἐπιστήμη ἐπιστητὸν οὐδὲ κίνησις κινούμενον Ἐνίοτε δὲ διαμαρτάνουσι καὶ τὸ πάθος εἰς γένος τὸ πεπονθὸς τιθέντες οἷον ὅσοι τὴν ἀθανασίαν ζωὴν ἀΐδιόν φασιν εἶναι πάθος γάρ τι ζωῆς ἢ σύμπτωμα ἡ ἀθανασία ἔοικεν εἶναι Ὅτι δ᾿ ἀληθὲς τὸ λεγόμενον δῆλον ἂν γένοιτο εἴ τις συγχωρήσειεν ἐκ θνητοῦ τινὰ ἀθάνατον γίνεσθαι οὐδεὶς γὰρ φήσει ἑτέραν αὐτὸν ζωὴν λαμβάνειν ἀλλὰ σύμπτωμά τι ἢ πάθος αὐτῇ ταύτῃ παραγενέσθαι Ὥστ᾿ οὐ γένος ἡ ζωὴ τῆς ἀθανασίας Πάλιν εἰ τοῦ πάθους οὗ ἐστὶ πάθος ἐκεῖνο γένος φασὶν εἶναι οἷον τὸ πνεῦμα ἀέρα κινούμενον Μᾶλλον γὰρ κίνησις ἀέρος τὸ πνεῦμα ὁ γὰρ αὐτὸς ἀὴρ διαμένει ὅταν τε κινῆται καὶ ὅταν μένῃ Ὥστ᾿ οὐκ ἔστιν ὅλως ἀὴρ τὸ πνεῦμα ἦν γὰρ ἂν καὶ μὴ κινουμένου τοῦ ἀέρος πνεῦμα εἴπερ ὁ αὐτὸς ἀὴρ διαμένει ὅσπερ ἦν πνεῦμα Ὁμοίως δὲ καὶ ἐπὶ τῶν ἄλλων τῶν τοιούτων Εἰ δ᾿ ἄρα καὶ ἐπὶ τούτου δεῖ συγχωρῆσαι ὅτι ἀήρ ἐστι κινούμενος τὸ πνεῦμα ἀλλ᾿ οὔτι κατὰ πάντων τὸ τοιοῦτον ἀποδεκτέον καθ᾿ ὧν μὴ ἀληθεύεται τὸ γένος ἀλλ᾿ ἐφ᾿ ὅσων ἀληθῶς κατηγορεῖται τὸ ἀποδοθὲν γένος Ἐπ᾿ ἐνίων γὰρ οὐ δοκεῖ ἀληθεύεσθαι οἷον ἐπὶ τοῦ πηλοῦ καὶ τῆς χιόνος Τὴν μὲν γὰρ χιόνα φασὶν ὕδωρ εἶναι πεπηγός τὸν δὲ πηλὸν γῆν ὑγρῷ πεφυραμένην ἔστι δ᾿ οὔθ᾿ ἡ χιὼν ὕδωρ οὔθ᾿ ὁ πηλὸς γῆ ὥστ᾿ οὐκ ἂν εἴη γένος οὐδέτερον τῶν ἀποδοθέντων δεῖ γὰρ τὸ γένος ἀληθεύεσθαι ἀεὶ κατὰ τῶν εἰδῶν Ὁμοίως δ᾿ οὐδ᾿ ὁ οἶνός ἐστιν ὕδωρ σεσηπός καθάπερ Ἐμπεδοκλῆς φησὶ σαπὲν ἐν ξύλῳ ὕδωρ ἁπλως γὰρ οὐκ ἔστιν ὕδωρ,مواضع اخري وايضا ان وضع واضع الملكة في الفعل او الفعل في الملكة مثل ان يضع للحس حركة بالجسم وذلك ان الحس ملكة والحركة فعل وكذلك ان قال ان الذكر ملكة ممسكة للظن لانه ليس شء من الذكر ملكة بل الاولي به ان يكون فعلا وقد يخطء الذين يصفون الملكة في القوة اللازمة لها مثلما يضعون الدعة امساك الغيظ والشجاعة والعدالة امساك الخوف والارباح وذلك ان الشجاع والوادع يقال لكل واحد منها البرء من العوارض والضابط هو الذي تناله العوارض ولا ينقاد لها وخليق ان تكون مثل هذه القوة تلزم كل واحد منهما حتي انه ان ناله عارض لم ينقد له بل ضبط نفسه عنه الا ان هذا المعني ليس انما هو بان يوجد للشجاع والوادع لكنه عدم قبول شء من امثال هذه العوارض اصلا وربما يضعون اللوازم بوجه من الوجوه بمنزلة الجنس كما يضعون الغم جنسا للغيظ والظن جنسا للتصديق فان هذين الموصوفين يلزمان بجهةن من الجهات الانواع الموصوفة وليس واحد منهما جنسا وذلك ان الذي يغتاظ قد يغتم اولا بحدوث الغم فيه اذ كان الغيظ ليس هو سبب الغم لكن الغم سبب الغيظ فليس الغيظ اذا علي الاطلاق غما وعلي ذلك المثال ايضا ولا التصديق ظنا لانه قد يمكن ان يكون الظن الواحد بعينه ايضا لمن لا يصدق به وما كان ذلك ليمكن لو كان التصديق نوعا للظن وذلك انه ليس يمكن في الواحد بعينه ان يبقي علي حاله اذ تغير بالكلية عن النوع كما انه ليس يمكن ان يبقي الحيوان الواحد بعينه علي حاله اذا كان مرة انسانا ومرة لا فان قال قاءل انه من الاضطرار ان يصدق الظان صار التصديق والظن يقالان بالسوية فلا يكون علي هذه الجهة جنسا لان الجنس يقال علي اكثر مما يقال عليه النوع وينظر ايضا ان كان من شان كليهما ان يكونا في شء واحد بعينه وذلك ان الشء الذي يوجد فيه النوع قد يوجد فيه الجنس ايضا مثال ذلك ان الذي يوجد فيه الابيض يوجد فيه اللون ايضا والذي يوجد فيه النحو يوجد فيه العلم ايضا فان قال قاءل ان الاستحياء خوف وان الغيظ غم لم يلزم ان يكون النوع والجنس في شء واحد بعينه وذلك ان الاستحياء في الجزء الفكري والخوف في الجزء الغضبي والغم في الشهواني وذلك ان اللذة انما هي في هذا الجزء والغيظ في الغضبي فليس الاشياء التي وصفناها اجناسا لانها ليست في الشء الذي فيه الانواع كذلك ان كانت المحبة في الشهواني فليست مشيءة ما وذلك ان كل مشيءة انما هي في الجزء الفكري وهذا الموضوع نافع في العرض ايضا وذلك ان العرض والشء الذي يوجد له العرض يوجدان في شء واحد بعينه فان لم يوجد معه في شء واحد بعينه فمن البين انه ليس يعرض له وينظر ايضا ان كان النوع يشارك الجنس الموصوف من جهة لانه ليس يظن ان النوع يشارك الجنس من جهة وذلك ان الانسان ليس هو من جهة حيوانا ولا النحو من جهة علما وكذلك يجري الامر في الباقي فننظر ان كان في بعض الاشياء يشرك النوع الجنس مثال ذلك انه قد قيل ان الحي هو الذي هو المحسوس او المرءي لان الحي مرءي ومحسوس من جهة اذ كان مربيا ومحسوسا من جهة الجسم لا من جهة النفس فليس المرءي اذن ولا المحسوس جنسا للحي وربما وضعوا الكل في الجزء وهم لا يشعرون مثل ان يقولوا ان الحي جسم يتنفس وذلك انه ليس يحمل الجزء علي الكل اصلا فليس الجسم اذن جنسا للحي لانه جزء وينظر ايضا ان كان قد وضع شيءا من المذمومات او المهروب منها في القوة او في القوي مثل ان يجعل المغالط او الساعي او السارق الذي يقوي علي ان يسرق شيءا ما ليس له وذلك انه ليس احد ممن وصفنا يوصف بانه كذلك من طريق ما هو قادر علي ان يكون كذلك وذلك ان الملك والانسان الفاضل قد يقدران علي ان يفعلا الشر وليسا شريرين لان جميع الشرار يوصفون بذلك بحسب الاختيار وايضا وكل قوة انما هي من الاشياء المختارة وقوي الاشياء الرديءة مختارة ولذلك نقول انها موجودة للملك وللفاضل اذ كان كل واحد منها قادرا علي ان يفعل الردء فليست اذن القوة جنسا لشء مذموم اصلا وان لم يكن هذا هكذا فقد يلزم ان يكون شء من المذمومات مختارا فتكون قوة من القوي مذمومة وينظر ايضا ان كان وضع شيءا من الاشياء الجليلة بنفسها او من المختارة في القوة او في القوي او في الفاعل وذلك ان كل قوة وكل قوي او فاعل فانما هو مختار من اجل غيره او ان كان وضع شيءا من الاشياء التي في جنسين او اكثر من ذلك في احدهما فان بعض الاشياء ليس يمكن ان يوضع في جنس واحد بمنزلة الخداع والساعي وذلك انه لا المختار اذا كان لا يقدر ولا القادر اذا كان غير مختار هو خداع او ساع بل انما يكون كذلك من اجتمع له الامران فليس ينبغي اذن ان نجعل ولا واحد منهما في جنس واحد لكن في الجنسين الموصوفين وايضا ربما كان الامر في العكس اعني انهم يضعون الجنس علي انه فصل والفصل علي انه جنس بمنزلة ما يضعون الحيرة بافراط التعجب والتصديق قوة الظن وذلك انه ليس الافراط ولا الاستحكام جنسا لكنهما فصلان لانه يظن بالحيرة انها تعجب مفرط والتصديق ظن مستحكم والعجب والظن جنسان والافراط والاستحكام فصلان وايضا ان وصف واصف الافراط والاستحكام بانهما جنسان صار ما لا نفس له يصدق ويتحير وذلك ان استحكام كل واحد وافراطه موجودان لذلك الشء الذي هما له استحكام وافراط فان كان التحير افراط التعجب فالتحير يوجد للتعجب فالعجب اذا يتحير وكذلك التصديق يوجد للظن اذ كان استحكام الظن فالظن اذن يصدق وايضا يلزم من يصفهما بهذا الوصف ان يقول ان الاستحكام مستحكم والافراط مفرط وذلك ان التصديق مستحكم فان كان التصديق استحكاما فالاستحكام اذن مستحكم وكذلك ايضا التحير مفرط فان كان التحير افراطا فالافراط مفرط وليس يظن بهما ذلك انه كذلك كما لا يظن بالعلم انه عالم ولا بالحركة انها متحركة وربما اخطاوا ايضا بوضعهم الانفعال في المنفعل علي انه جنس بمنزلة الذين يقولون ان عدم الموت حياة ازلية وذلك انه قد يشبه ان يكون عدم الموت انفعالا او عرضا للحياة والامر في ان ما قلناه حق يتبين من ان يسلم احد ان شيءا يصير غير ماءت بعد ان كان ماءتا وذلك انه ليس لاحد ان يقول انه يقبل حياة اخري غير الحياة التي كانت له بل يقول ان انفعالا او عرضا حدث لها فليس الحياة اذا جنسا لعدم الموت وينظر ايضا ان كانوا يقولون ان الانفعال جنس لذلك الشء الذي هو له انفعال بمنزلة ما يقولون ان الريح هواء متحرك وذلك ان الاولي ان تكون الريح حركة الهواء وذلك ان الهواء اذا تحرك واذا سكن بقي واحدا بعينه فليس الهواء ريحا اصلا لانه لو كان ريحا لكان يكون ريحا وهو ساكن ايضا اذ كان يبقي هواء بحاله كما كان هو ريحا وكذلك يجري الامر في ساءر ما اشبه ذلك وان كان ينبغي ان يسلم في هذا الفصل ايضا ان الريح هواء متحرك الا لانه ليس ينبغي ان يقبل ذلك في جميع الاشياء التي يصدق عليها الجنس لكن في الاشياء التي يحمل عليها بالحقيقة الجنس الموصوف وذلك انه في بعض الاشياء ليس يظن به انه يصدق كالحال في الثلج والطين فانهم يقولون في الثلج انه ماء جامد وفي الطين انه تراب معجون بشء رطب او ليس الثلج ماءا ولا الطين ترابا فليس واحد مما ذكرنا جنسا لانه ينبغي ان يكون الجنس يصدق ابدا علي الانواع وكذلك ليس الشراب ماءا عفنا كما يقول انبادوقليس انه ماء متعفن في العود وذلك انه ليس بماء علي الاطلاق,4,5
Ἔτι εἰ ὅλως τὸ ἀποδοθὲν μηδενός ἐστι γένος δῆλον γὰρ ὡς οὐδὲ τοῦ λεχθέντος Σκοπεῖν δ᾿ ἐκ τοῦ μηδὲν διαφέρειν εἴδει τὰ μετέχοντα τοῦ ἀποδοθέντος γένους οἷον τὰ λευκά οὐδὲν γὰρ διαφέρει τῷ εἴδει ταῦτ᾿ ἀλλήλων Παντὸς δὲ γένους ἐστὶ τὰ εἴδη διάφορα ὥστ᾿ οὐκ ἂν εἴη τὸ λευκὸν γένος οὐδενός Πάλιν εἰ τὸ πᾶσιν ἀκολουθοῦν γένος ἢ διαφορὰν εἶπεν Πλείω γὰρ τὰ πᾶσιν ἑπόμενα οἷον τὸ ὂν καὶ τὸ ἓν τῶν πᾶσιν ἑπομένων ἐστίν Εἰ οὖν τὸ ὂν γένος ἀπέδωκε δῆλον ὅτι πάντων ἂν εἴη γένος ἐπειδὴ κατηγορεῖται αὐτῶν κατ᾿ οὐδενὸς γὰρ τὸ γένος ἀλλ᾿ ἢ κατὰ τῶν εἰδῶν κατηγορεῖται Ὥστε καὶ τὸ ἓν εἶδος ἂν εἴη τοῦ ὄντος Συμβαίνει οὖν κατὰ πάντων ὧν τὸ γένος κατηγορεῖται καὶ τὸ εἶδος κατηγορεῖσθαι ἐπειδὴ τὸ ὂν καὶ τὸ ἓν κατὰ πάντων ἁπλῶς κατηγορεῖται δέον ἐπ᾿ ἔλαττον τὸ εἶδος κατηγορεῖσθαι Εἰ δὲ τὸ πᾶσιν ἑπόμενον διαφορὰν εἶπε δῆλον ὅτι ἐπ᾿ ἴσον ἢ ἐπὶ πλέον ἡ διαφορὰ τοῦ γένους ῥηθήσεται Εἰ μὲν γὰρ καὶ τὸ γένος τῶν πᾶσιν ἑτομένων ἐπ᾿ ἴσον εἰ δὲ μὴ πᾶσιν ἕπεται τὸ γένος ἐπὶ πλέον ἡ διαφορὰ λέγοιτ᾿ ἂν αὐτοῦ Ἔτι εἰ ἐν ὑποκειμένῳ τῷ εἴδει τὸ ἀποδοθὲν γένος λέγεται καθάπερ τὸ λευκὸν ἐπὶ τῆς χιόνος ὥστε δῆλον ὅτι οὐκ ἂν εἴη γένος καθ᾿ ὑποκειμένου γὰρ τοῦ εἴδους μόνον τὸ γένος λέγεται Σκοπεῖν δὲ καὶ εἰ μὴ συνώνυμον τὸ γένος τῷ εἴδει κατὰ πάντων γὰρ τῶν εἰδῶν συνωνύμως τὸ γένος κατηγορεῖται Ἔτι ὅταν ὄντος καὶ τῷ εἴδει καὶ τῷ γένει ἐναντίου τὸ βέλτιον τῶν ἐναντίων εἰς τὸ χεῖρον γένος θῇ συμβήσεται γὰρ τὸ λοιπὸν ἐν τῷ λοιπῷ εἶναι ἐπειδὴ τἀναντία ἐν τοῖς ἐναντίοις γένεσιν ὥστε τὸ βέλτιον ἐν τῷ χείρονι ἔσται καὶ τὸ χεῖρον ἐν τῷ βελτίονι δοκεῖ δὲ τοῦ βελτίονος καὶ τὸ γένος βέλτιον εἶναι Καὶ εἰ τοῦ αὐτοῦ εἴδους ὁμοίως πρὸς ἄμφω ἔχοντος εἰς τὸ χεῖρον καὶ μὴ εἰς τὸ βέλτιον γένος ἔθηκεν οἷον τὴν ψυχὴν ὅπερ κίνησιν ἢ κινούμενον Ὁμοίως γὰρ ἡ αὐτὴ στατικὴ καὶ κινητικὴ δοκεῖ εἶναι ὥστ᾿ εἰ βέλτιον ἡ στάσις εἰς τοῦτο ἔδει τὸ γένος θεῖναι Ἔτι ἐκ τοῦ μᾶλλον καὶ ἧττον ἀνασκευάζοντι μέν εἰ τὸ γένος δέχεται τὸ μᾶλλον τὸ δ᾿ εἶδος μὴ δέχεται μήτ᾿ αὐτὸ μήτε τὸ κατ᾿ ἐκεῖνο λεγόμενον Οἷον εἰ ἡ ἀρετὴ δέχεται τὸ μᾶλλον καὶ ἡ δικαιοσύνη καὶ ὁ δίκαιος λέγεται γὰρ δικαιότερος ἕτερος ἑτέρου Εἰ οὖν τὸ μὲν ἀποδοθὲν γένος τὸ μᾶλλον δέχεται τὸ δ᾿ εἶδος μὴ δέχεται μήτ᾿ αὐτὸ μήτε τὸ κατ᾿ ἐκεῖνο λεγόμενον οὐκ ἂν εἴη γένος τὸ ἀποδοθέν Πάλιν εἰ τὸ μᾶλλον δοκοῦν ἢ ὁμοίως μή ἐστι γένος δῆλον ὅτι οὐδὲ τὸ ἀποδοθέν Χρήσιμος δ᾿ ὁ τόπος ἐπὶ τῶν τοιούτων μάλιστα ἐφ᾿ ὧν πλείω φαίνεται τοῦ εἴδους ἐν τῷ τί ἐστι κατηγορούμενα καὶ μὴ διώρισται μηδ᾿ ἔχομεν εἰπεῖν ποῖον αὐτῶν γένος οἷον τῆς ὀργῆς καὶ ἡ λύπη καὶ ἡ ὑπόληψις ὀλιγωρίας ἐν τῷ τί ἐστι κατηγορεῖσθαι δοκεῖ λυπεῖταί τε γὰρ ὁ ὀργιζόμενος καὶ ὑπολαμβάνει ὀλιγωρεῖσθαι Ἡ αὐτὴ δὲ σκέψις καὶ ἐπὶ τοῦ εἴδους πρὸς ἄλλο τι συγκρίνοντι εἰ γὰρ τὸ μᾶλλον ἢ τὸ ὁμοίως δοκοῦν εἶναι ἐν τῷ ἀποδοθέντι γένει μή ἐστιν ἐν τῷ γένει δῆλον ὅτι οὐδὲ τὸ ἀποδοθὲν εἶδος εἴη ἂν ἐν τῷ γένει Ἀναιροῦντι μὲν οὖν καθάπερ εἴρηται χρηστέον κατασκευάζοντι δέ εἰ μὲν ἐπιδέχεται τὸ μᾶλλον τό τε ἀποδοθὲν γένος καὶ τὸ εἶδος οὐ χρήσιμος ὁ τόπος οὐδὲν γὰρ κωλύει ἀμφοτέρων ἐπιδεχομένων μὴ εἶναι θάτερον θατέρου γένος Τό τε γὰρ καλὸν καὶ τὸ λευκὸν ἐπιδέχεται τὸ μᾶλλον καὶ οὐδέτερον οὐδετέρου γένος Ἡ δὲ τῶν γενῶν καὶ τῶν εἰδῶν πρὸς ἄλληλα σύγκρισις χρήσιμος οἷον εἰ ὁμοίως τόδε καὶ τόδε γένος εἰ θάτερον γένος καὶ θάτερον Ὁμοίως δὲ καὶ εἰ τὸ ἧττον καὶ τὸ μᾶλλον οἷον εἰ τῆς ἐγκρατείας μᾶλλον ἡ δύναμις ἢ ἡ ἀρετὴ γένος ἡ δ᾿ ἀρετὴ γένος καὶ ἡ δύναμις τὰ δ᾿ αὐτὰ καὶ ἐπὶ τοῦ εἴδους ἁρμόσει λέγεσθαι Εἰ γὰρ ὁμοίως τόδε καὶ τόδε τοῦ προκειμένου εἶδος εἰ θάτερον εἶδος καὶ τὸ λοιπόν καὶ εἰ τὸ ἧττον δοκοῦν εἶδός ἐστι καὶ τὸ μᾶλλον Ἔτι πρὸς τὸ κατασκευάζειν σκεπτέον εἰ καθ᾿ ὧν ἀπεδόθη τὸ γένος ἐν τῷ τί ἐστι κατηγορεῖται μὴ ὄντος ἑνὸς τοῦ ἀποδοθέντος εἴδους ἀλλὰ πλειόνων καὶ διαφόρων δῆλον γὰρ ὅτι γένος ἔσται Εἰ δ᾿ ἓν τὸ ἀποδοθὲν εἶδός ἐστι σκοπεῖν εἰ καὶ κατ᾿ ἄλλων εἰδῶν τὸ γένος ἐν τῷ τί ἐστι κατηγορεῖται πάλιν γὰρ συμβήσεται κατὰ πλειόνων καὶ διαφόρων αὐτὸ κατηγορεῖσθαι Ἐπεὶ δὲ δοκεῖ τισὶ καὶ ἡ διαφορὰ ἐν τῷ τί ἐστι τῶν εἰδῶν κατηγορεῖσθαι χωριστέον τὸ γένος ἀπὸ τῆς διαφορᾶς χρώμενον τοῖς εἰρημένοις στοιχείοις πρῶτον μὲν ὅτι τὸ γένος ἐπὶ πλέον λέγεται τῆς διαφορᾶς εἶθ᾿ ὅτι κατὰ τὴν τοῦ τί ἐστιν ἀπόδοσιν μᾶλλον ἁρμόττει τὸ γένος ἢ τὴν διαφορὰν εἰπεῖν ὁ γὰρ ζῷον εἴπας τὸν ἄνθρωπον μᾶλλον δηλοῖ τί ἐστιν ὁ ἄνθρωπος ἢ ὁ πεζόν Καὶ ὅτι ἡ μὲν διαφορὰ ποιότητα τοῦ γένους ἀεὶ σημαίνει τὸ δὲ γένος τῆς διαφορᾶς οὔ ὁ μὲν γὰρ εἴπας πεζὸν ποιόν τι ζῷον λέγει ὁ δὲ ζῷον εἴπας οὐ λέγει ποιόν τι πεζόν Τὴν μὲν οὖν διαφορὰν ἀπὸ τοῦ γένους οὕτω χωριστέον Ἐπεὶ δὲ δοκεῖ τὸ μουσικόν ᾗ μουσικόν ἐστιν ἐπιστῆμόν τ᾿ εἶναι καὶ ἡ μουσικὴ ἐπιστήμη τις εἶναι καὶ εἰ τὸ βαδίζον τῷ βαδίζειν κινεῖται ἡ βάδισις κίνησίς τις εἶναι σκοπεῖν ἐν ᾧ ἂν γένει βούλῃ τι κατασκευάσαι τὸν εἰρημένον τρόπον οἷον εἰ τὴν ἐπιστήμην ὅπερ πίστιν εἰ ὁ ἐπιστάμενος ᾗ ἐπίσταται πιστεύει δῆλον γὰρ ὅτι ἡ ἐπιστήμη πίστις ἄν τις εἴη Τὸν αὐτὸν δὲ τρόπον καὶ ἐπὶ τῶν ἄλλων τῶν τοιούτων Ἔτι ἐπεὶ τὸ παρεπόμενόν τινι ἀεὶ καὶ μὴ ἀντιστρέφον χαλεπὸν χωρίσαι τοῦ μὴ γένος εἶναι ἂν τόδε μὲν τῷδ᾿ ἕπηται παντί τόδε δὲ τῷδε μὴ παντί οἷον τῇ νηνεμίᾳ ἡ ἠρεμία καὶ τῷ ἀριθμῷ τὸ διαιρετόν ἀνάπαλιν δ᾿ οὔ τὸ γὰρ διαιρετὸν οὐ πᾶν ἀριθμός οὐδ᾿ ἡ ἠρεμία νηνεμία αὐτὸν μὲν χρῆσθαι ὡς γένους ὄντος τοῦ ἀεὶ ἀκολουθοῦντος ὅταν μὴ ἀντιστρέφῃ θάτερον ἄλλου δὲ προτείνοντος μὴ ἐπὶ πάντων ὑπακούειν Ἔνστασις δ᾿ αὐτοῦ ὅτι τὸ μὴ ὂν ἕπεται παντὶ τῷ γινομένῳ τὸ γὰρ γινόμενον οὐκ ἔστι καὶ οὐκ ἀντιστρέφει οὐ γὰρ πᾶν τὸ μὴ ὂν γίνεται ἀλλ᾿ ὅμως οὐκ ἔστι γένος τὸ μὴ ὂν τοῦ γινομένου ἁπλῶς γὰρ οὐκ ἔστι τοῦ μὴ ὄντος εἴδη Περὶ μὲν οὖν τοῦ γένους καθάπερ εἴρηται μετιτέον ΤΟΠΙΚΩΝ Ε,مواضع اخري وينظر ايضا ان كان بالجملة الموصوف ليس هو جنسا لشء من الاشياء فمن البين انه ولا الذي ذكرناه وينظر ان كانت الاشياء التي تشترك في الجنس الموصوف لا تختلف اصلا بالنوع بمنزلة الاشياء البيض فانها ليست تختلف بالنوع وكل جنس فان انواعه مختلفة فليس الابيض اذا جنسا ولا لواحد وينظر ان كان قال في اللازم لجميع الاشياء انه جنس او فصل فان اللوازم لجميع الاشياء كثيرة بمنزلة الموجود والواحد فانهما من اللازم لجميع الاشياء فان وصف الموجود بانه جنس فمن البين انه جنس لجميع الاشياء لانه كان يحمل عليها اذ كان الجنس لا يحمل علي شء سوي الانواع فيصير الواحد ايضا نوعا للموجود فيلزم ان يكون النوع ايضا يحمل علي جميع الاشياء التي يحمل عليها الجنس لان الموجود والواحد يحملان علي جميع الاشياء حملا مطلقا ومن الواجب ان يكون النوع يحمل علي اقل مما يحمل عليه الجنس فان قال ان اللوازم لجميع الاشياء فصل فمن البين ان الفصل يقال اما علي مثل ما يقال عليه الجنس او علي اكثر وذلك انه ان كان الجنس ايضا مما يلزم جميع الاشياء فهو يقال علي مثل ما يقال عليه وينظر ايضا ان كان الجنس الموصوف يقال في الموضوع للنوع بمنزلة الابيض علي الثلج فمن البين انه ليس بجنس وذلك ان الجنس انما يقال علي النوع الموضوع فقط لا في الموضوع وينظر ايضا ان كان الجنس ليس بمواطء للنوع اذ كان الجنس يحمل علي جميع الانواع بالتواطء وينظر ايضا اذا كان للنوع والجنس ضد ووضع الافضل من المتضادة في الجنس الاخس فانه يلزم ان يكون الباقي في الباقي لان الاضداد في الاجناس الاضداد توجد فيصير الافضل في الاخس والاخس في الافضل وقد يظن ان جنس الافضل افضل وينظر ان كان شء واحد بعينه حاله عندهما حال متشابهة فوضعه في الجنس الاخس لا في الجنس الافضل بمنزلة ما تضع النفس الشء الذي له الحركة او المتحرك وذلك انه قد يظن بها بعينها انها واقفة ومتحركة علي مثال واحد فان كان الوقوف افضل ففي هذا كان ينبغي ان نضع الجنس وايضا من الاكثر والاقل اما الباطل فينظر ان كان الجنس يقبل الزيادة والنوع لا يقبلها لا هو ولا الذي يقال عليه وذلك ان الجنس ان كان يقبل الاكثر فالنوع ايضا والذي يقال عليه النوع يقبله مثال ذلك ان الفضيلة ان كانت تقبل الاكثر فالعدالة والعدل يقبلان الاكثر لانه قد يقال عدل اكثر من عدل فان كان الجنس الموصوف يقبل الاكثر والنوع لا يقبل لا هو والذي يقال عليه لم يكن الموصوف جنسا وايضا ان كان الذي نظن به انه اكثر او مما مماثل ليس بجنس فمن البين انه ولا الموصوف ايضا جنسا وهذا الموضع نافع خاصة في امثال التي تظهر فيها اشياء كثيرة تحمل علي النوع من طريق ما هو ولم يحصل ولا يمكننا ان نقول ايما منها هو الجنس مثال ذلك ان الغيظ يظن بالغم والظن انهما يحملان عليه من طريق ما هو وذلك ان الذي يغتاظ يغتم ويظن انه اخفق وبهذا البحث بعينه نبحث عن النوع ايضا من قياس الي نوع اخر غيره وذلك انه ان كان الاكثر او الذي يظن به انه مماثل في الجنس الموصوف ليس هو في الجنس فمن البين انه ولا النوع الموصوف يكون في الجنس اصلا فالمبطل ينبغي له ان يستعمله علي ما ذكرنا فاما المصحح فان كان الجنس الموصوف والنوع يقبلان الاكثر فليس ينتفع بهذا الموضع وذلك انه ليس يمنع مانع من ان يكون كلاهما يقبل الاكثر ولا يكون احدهما جنسا للاخر فان الجنس والابيض يقبلان الاكثر وليس واحد منها جنسا للاخر واضافة الاجناس والانواع بعضها الي بعض نافعة مثال ذلك ان ننظر ان كان هذا وذاك جنسا علي مثال واحد فان احدهما ان كان جنسا فالاخر ايضا جنس وكذلك ننظر ان كان الاقل جنسا فالاكثر جنسا مثال ذلك ان كانت القوة جنسا لضبط النفس اكثر من الفضيلة وكانت الفضيلة جنسا فالقوة ايضا جنس وهذه الاشياء بعينها ينبغي ان تقال في النوع ايضا وذلك انه ان كان هذا وذاك نوعا للمقصود نحوه علي مثال واحد فان احدهما ان كان نوعا له فالاخر نوع له فان كان الذي يظن به انه اقل نوعا له فالذي يظن به انه اكثر نوع له ايضا وايضا ينبغي ان ننظر فيما يحتاج الي ان يصحح ان كان ما حمل عليه الجنس من طريق ما هو حمل عليه من غير ان يكون النوع الموصوف واحدا لكن كثيرين مختلفين وذلك انه بين انه يكون جنسا وان كان النوع الموصوف واحدا فينبغي ان ننظر ان كان الجنس يحمل علي كثيرين مختلفين وان يعترف بانه جنس ولان قوما يظنون ان الفصل ايضا يحمل علي الانواع من طريق ما هو واجب ان يفرق الجنس من الفصل بعد ان يستعمل الاصول التي وصفنا اما اولا فان الجنس يحمل علي اكثر مما يحمل عليه الفصل وبعد ذلك فان الصفة بما هو اولي بالجنس منها بالفصل وذلك ان الذي يقول ان الانسان حي اولي بان يكون دالا علي ما هو الانسان من الذي يقول انه مشاء لان الفصل يدل ابدا علي كيفية الجنس والجنس لا يدل علي كيفية الفصل وذلك ان من يقول مشاء فانما يقول حيوان مكيف والذي يقول حيوان فليس يقول مشاء مكيف فبهذا الوجه ينبغي ان يفرق بين الجنس والفصل ولما كان يظن الموسيقوس بما هو موسيقوس عالما فالموسيقي علم ما وان كان الماشي ان كان بالمشي يتحرك فالمشي حركة ما فينبغي ان ننظر في الجنس الذي فيه نريد ان نصحح شيءا بالحال التي وصفنا مثال ذلك ان اراد ان يصحح ان العلم هو التصديق وان كان الذي يعلم شيءا قد يصدق به من حيث يعلمه فمن البين ان العلم تصديق وكذلك يجري الامر فيما اشبه ذلك وايضا لما كان ما لزم شيءا داءما ولم ينعكس عليه يعسر تفرقتنا اياه من ان لا يكون جنسا ان كان هذا يلزم جميع هذا بمنزلة ما يلزم الهدوء والسكون الريح والمنقسم للعدد من غير ان ينعكس ذلك فانه ليس كل منقسم عددا ولا الهدوء سكون الريح وجب ان يستعمل ذلك علي ان اللازم داءما جنس اذا لم ينعكس الاخر وقدم الاخر علي انه ليس يفهم علي الجميع والعناد في هذا هو ان غير الموجود يلزم كل متكون وذلك ان المتكون غير موجود وليس ينعكس وذلك انه ليس كل غير موجود يتكون الا ان غير الموجود علي حال ليس هو جنسا للمتكون وذلك ان غير الموجود علي الاطلاق ليس له انواع فينبغي ان يستعمل الجنس علي حسب ما وصفنا تمت المقالة الرابعة من كتاب طوپيقا قوبل به,4,6
Ε Πότερον δ᾿ ἴδιον ἢ οὐκ ἴδιόν ἐστι τὸ εἰρημένον διὰ τῶνδε σκεπτέον Ἀποδίδοται δὲ τὸ ἴδιον ἢ καθ᾿ αὑτὸ καὶ ἀεὶ ἢ πρὸς ἕτερον καὶ ποτέ οἷον καθ᾿ αὑτὸ μὲν ἀνθρώπου τὸ ζῷον ἥμερον φύσει πρὸς ἕτερον δὲ οἷον ψυχῆς πρὸς σῶμα ὅτι τὸ μὲν προστακτικὸν τὸ δ᾿ ὑπηρετικόν ἐστιν ἀεὶ δὲ οἷον θεοῦ τὸ ζῷον ἀθάνατον ποτὲ δ᾿ οἷον τοῦ τινὸς ἀνθρώπου τὸ περιπατεῖν ἐν τῷ γυμνασίῳ Ἔστι δὲ τὸ πρὸς ἕτερον ἴδιον ἀποδιδόμενον ἢ δύο προβλήματα ἢ τέτταρα Ἐὰν μὲν γὰρ τοῦ μὲν ἀποδῷ τοῦ δ᾿ ἀρνήσηται ταὐτὸ τοῦτο δύο μόνον προβλήματα γίνονται καθάπερ τὸ ἀνθρώπου πρὸς ἵππον ἴδιον ὅτι δίπουν ἐστίν Καὶ γὰρ ὅτι ἄνθρωπος οὐ δίπουν ἐστὶν ἐπιχειροίη τις ἄν καὶ ὅτι ὁ ἵππος δίπουν ἀμφοτέρως δ᾿ ἂν κινοῖ τὸ ἴδιον Ἐὰν δ᾿ ἑκατέρου ἑκάτερον ἀποδῷ καὶ ἑκατέρου ἀπαρνηθῇ τέτταρα προβλήματα ἔσται καθάπερ τὸ ἀνθρώπου ἴδιον πρὸς ἵππον ὅτι τὸ μὲν δίπουν τὸ δὲ τετράπουν ἐστίν Καὶ γὰρ ὅτι ἄνθρωπος οὐ δίπουν καὶ ὅτι τετράπουν πέφυκεν ἔστιν ἐπιχειρεῖν καὶ διότι ὁ ἵππος δίπουν καὶ διότι οὐ τετράπουν οἷόν τ᾿ ἐπιχειρεῖν Ὅπως δ᾿ οὖν δειχθέντος ἀναιρεῖται τὸ προκείμενον Ἔστι δὲ τὸ μὲν καθ᾿ αὑτὸ ἴδιον ὃ πρὸς ἅπαντα ἀποδίδοται καὶ παντὸς χωρίζει καθάπερ ἀνθρώπου τὸ ζῷον θνητὸν ἐπιστήμης δεκτικόν Τὸ δὲ πρὸς ἕτερον ὃ μὴ ἀπὸ παντὸς ἀλλ᾿ ἀπό τινος τακτοῦ διορίζει καθάπερ ἀρετῆς πρὸς ἐπιστήμην ὅτι τὸ μὲν ἐν πλείοσι τὸ δ᾿ ἐν λογιστικῷ μόνον καὶ τοῖς ἔχουσι λογιστικὸν πέφυκε γίνεσθαι Τὸ δ᾿ ἀεὶ ὃ κατὰ πάντα χρόνον ἀληθεύεται καὶ μηδέποτ᾿ ἀπολείπεται καθάπερ τοῦ ζῴου τὸ ἐκ ψυχῆς καὶ σώματος συγκείμενον Τὸ δὲ ποτὲ ὃ κατά τινα χρόνον ἀληθεύεται καὶ μὴ ἐξ ἀνάγκης ἀεὶ παρέπεται καθάπερ τοῦ τινὸς ἀνθρώπου τὸ περιπατεῖν ἐν ἀγορᾷ Ἔστι δὲ τὸ πρὸς ἄλλο ἴδιον ἀποδοῦναι τὸ διαφορὰν εἰπεῖν ἢ ἐν ἅπασι καὶ ἀεὶ ἢ ὡς ἐπὶ τὸ πολὺ καὶ ἐν τοῖς πλείστοις οἷον ἐν ἅπασι μὲν καὶ ἀεί καθάπερ τὸ ἀνθρώπου ἴδιον πρὸς ἵππον ὅτι δίπουν ἄνθρωπος μὲν γὰρ καὶ ἀεὶ καὶ πᾶς ἐστὶ δίπους ἵππος δ᾿ οὐδείς ἐστι δίπους οὐδέποτε Ὡς ἐπὶ τὸ πολὺ δὲ καὶ ἐν τοῖς πλείστοις καθάπερ τὸ λογιστικοῦ ἴδιον πρὸς ἐπιθυμητικὸν καὶ θυμικὸν τῷ τὸ μὲν προστάττειν τὸ δ᾿ ὑπηρετεῖν οὔτε γὰρ τὸ λογιστικὸν πάντοτε προστάττει ἀλλ᾿ ἐνίοτε καὶ προστάττεται οὔτε τὸ ἐπιθυμητικὸν καὶ θυμικὸν ἀεὶ προστάττεται ἀλλὰ καὶ προστάττει ποτέ ὅταν ᾖ μοχθηρὰ ἡ ψυχὴ τοῦ ἀνθρώπου Τῶν δ᾿ ἰδίων ἐστὶ λογικὰ μάλιστα τά τε καθ᾿ αὑτὰ καὶ ἀεὶ καὶ τὰ πρὸς ἕτερον Τὸ μὲν γὰρ πρὸς ἕτερον ἴδιον πλείω προβλήματά ἐστι καθάπερ εἴπομεν καὶ πρότερον ἢ γὰρ δύο ἢ τέτταρα ἐξ ἀνάγκης γίνονται τὰ προβλήματα πλείους οὖν οἱ λόγοι γίνονται πρὸς ταῦτα Τὸ δὲ καθ᾿ αὑτὸ καὶ τὸ ἀεὶ πρὸς πολλὰ ἔστιν ἐπιχειρεῖν ἢ πρὸς πλείους χρόνους παρατηρεῖν τὸ μὲν καθ᾿ αὑτὸ πρὸς πολλά πρὸς ἕκαστον γὰρ τῶν ὄντων δεῖ ὑπάρχειν αὐτῷ τὸ ἴδιον ὥστ᾿ εἰ μὴ πρὸς ἅπαντα χωρίζεται οὐκ ἂν εἴη καλῶς ἀποδεδομένον τὸ ἴδον Τὸ δ᾿ ἀεὶ πρὸς πολλοὺς χρόνους τηρεῖν κἂν γὰρ εἰ μὴ ὑπάρχει κἂν εἰ μὴ ὑπῆρξε κἂν εἰ μὴ ὑπάρξει οὐκ ἔσται ἴδιον Τὸ δὲ ποτὲ οὐκ ἐν ἄλλοις ἢ πρὸς τὸν νῦν λεγόμενον χρόνον ἐπισκοποῦμεν οὔκουν εἰσὶ λόγοι πρὸς αὐτὸ πολλοί λογικὸν δὲ τοῦτ᾿ ἐστὶ πρόβλημα πρὸς ὃ λόγοι γένοιντ᾿ ἂν καὶ συχνοὶ καὶ καλοί Τὸ μὲν οὖν πρὸς ἕτερον ἴδιον ῥηθὲν ἐκ τῶν περὶ τὸ συμβεβηκὸς τόπων ἐπισκεπτέον ἐστίν εἰ τῷ μὲν συμβέβηκε τῷ δὲ μὴ συμβέβηκεν περὶ δὲ τῶν ἀεὶ καὶ τῶν καθ᾿ αὑτὸ διὰ τῶνδε θεωρητέον,في الخاصة وانواعها ينبغي ان ننظر من هذه الاشياء هل ما قيل خاصة ام ليس بخاصة والخاصة توصف اما بذاتها وداءما او بالقياس الي اخر وفي بعض الاوقات مثال ذلك ان قولنا حيوان انس بالطبع خاصة للانسان بذاتها فاما الخاصة بالقياس الي اخر مثل ان خاصة النفس بالقياس الي البدن ان هذه امرة وذاك خادم والخاصة داءما بمنزلة ان خاصية الله انه حي لا يموت والخاصة في بعض الاوقات مثل ان خاصة الانسان المشي في الميدان والخاصة التي بالقياس الي اخر اذا وضعت فهي اما مسءلتان واما اربع وذلك انه ان اعطي الواحد ومنع الاخر صار هذا بعينه وحده مسءلتين مثال ذلك ان خاصة الانسان بالقياس الي الفرس انه ذو رجلين فلمحتج ان يحتج ان الانسان ليس بذي رجلين وان الفرس ذو رجلين وبالوجهين تنفسح الخاصة فان هو اعطي كل واحد منهما ومنع كل واحد منهما حدث اربع مساءل مثال ذلك ان خاصة الانسان بالقياس الي الفرس ان الانسان ذو رجلين والفرس ذو اربعة ارجل وذلك انه قد يتهيا له ان يحتج ان الانسان ليس بذي رجلين لانه ذو اربعة ارجل وقد يتهيا له ان يحتج بان الفرس ذو رجلين وانه ليس بذي اربع وكيفما تبين ذلك بطل المقصود له والخاصة بذاتها قد توصف بالقياس الي كل شء وتفرق المخصوص من كل شء بمنزلة قولنا حي ناطق ماءت قابل للعلم للانسان فاما التي بالقياس الي اخر فليس تفصل المخصوص من كل شء بل من شء معلوم بمنزلة خاصة الفضيلة بالقياس الي العلم فان الفضيلة توجد في كثير والعلم في الجزء الفكري فقط من شانه ان يكون وللذين لهم الجزءالفكري والخاصة داءما هي التي تصدق في كل زمان ولا تخلو في وقت من الاوقات كقولنا خاصة الحي انه مركب من نفس وبدن فاما الخاصة التي في بعض الاوقات فهي التي تصدق في وقت من الاوقات ولا تلزم ضرورة كالمشي في السوق خاصة لانسان من الناس وقد يمكن ان توصف الخاصة التي بالقياس الي شء بان يقال انها فصل اما في الجميع داءما علي مثال واحد واما علي اكثر الامور وفي الاكثر مثال ذلك اما في الجميع وداءما فبمنزلة خاصة الانسان بالقياس الي الفرس انه ذو رجلين وذلك ان الانسان وكل انسان وداءما ذو رجلين وليس شء من الافراس ولا في وقت من الاوقات ذا رجلين والخاصة التي علي اكثر الامر وفي الاكثر فمثل ان الجزء الفكري خاصة بالقياس الي الشهواني والغضبي ان ذلك يامر وهذان ياتمران وذلك انه ليس ابدا يامر الجزء الفكري لكنه في بعض الاوقات ياتمر ولا الجزء الغضبي والجزء الشهواني ابدا ياتمران لكنهما في بعض الاوقات يامران وذلك اذا كانت نفس الانسان ركيكة والمنطقية من الخواص هي الخاصة التي بذاتها وداءما والتي بالقياس الي اخر وذلك ان الخاصة بالقياس الي اخر هي مساءل كثيرة كما قلنا انفا لان المساءل تكون عنها ضرورة اما اثنتين واما اربعا فالاقاويل اذا ايضا تكون بحسبها كثيرة فاما الخاصة بذاتها وداءما فله ان يحتج بها بحسب اشياء كثيرة او يحفظها الي ازمنة كثيرة فالخاصة بذاتها تكون بالقياس الي اشياء كثيرة لان هذه الخاصة ينبغي ان تكون له بالقياس الي كل واحد من الموجودات لانها ان لم تفرق المخصوص من جميع الاشياء لم تكن خاصة صحيحة فاما التي هي خاصة داءما فتكون بالقياس الي ازمنة كثيرة وذلك انها ان لم تكن في الزمان الحاضر ولم تكن كانت ولا ستكون لم تكن خاصة فاما الخاصة في بعض الاوقات فهي التي يبحث عنها بالقياس الي الزمان الحاضر فليس الاقاويل اذا بحسبها كثيرة والمسءلة المنطقية هي التي تكون الاقاويل بحسبها كثيرة صحيحة فالخاصة التي وضعنا انها بالقياس الي اخر ينبغي ان يبحث عنها من المواضع التي في العرض متي كان يعرض لهذا ولا يعرض لهذا فاما الخواص داءما وبذاتها فينبغي ان ننظر فيها من هذه الاشياء,5,1
Πρῶτον μὲν εἰ μὴ καλῶς ἀποδέδοται τὸ ἴδιον ἢ καλῶς Τοῦ δὲ μὴ καλῶς ἢ καλῶς ἐστὶν ἓν μέν εἰ μὴ διὰ γνωριμωτέρων ἢ γνωριμωτέρων κεῖται τὸ ἴδιον ἀνασκευάζοντα μὲν εἰ μὴ διὰ γνωριμωτέρων κατασκευάζοντα δὲ εἰ διὰ γνωριμωτέρων Τοῦ δὲ μὴ διὰ γνωριμωτέρων ἐστὶ τὸ μέν εἰ ὅλως ἀγνωστότερόν ἐστι τὸ ἴδιον ὃ ἀποδίδωσι τούτου οὗ τὸ ἴδιον εἴρηκεν οὐ γὰρ ἔσται καλῶς κείμενον τὸ ἴδιον Γνώσεως γὰρ ἕνεκα τὸ ἴδιον ποιούμεθα διὰ γνωριμωτέρων οὖν ἀποδοτέον οὕτω γὰρ ἔσται κατανοεῖν ἱκανῶς μᾶλλον Οἷον ἐπεὶ ὁ θεὶς πυρὸς ἴδιον εἶναι τὸ ὁμοιότατον ψυχῇ ἀγνωστοτέρῳ κέχρηται τοῦ πυρὸς τῇ ψυχῇ μᾶλλον γὰρ ἴσμεν τί ἐστι πῦρ ἢ ψυχή οὐκ ἂν εἴη καλῶς κείμενον ἴδιον πυρὸς τὸ ὁμοιότατον ψυχῇ Τὸ δ᾿ εἰ μὴ γνωριμώτερόν ἐστι τόδε τῷδ᾿ ὑπάρχον Δεῖ γὰρ μὴ μόνον εἶναι γνωριμώτερον τοῦ πράγματος ἀλλὰ καὶ ὅτι τῷδ᾿ ὑπάρχον γνωριμώτερον ὑπάρχει Ὁ γὰρ μὴ εἰδὼς εἰ τῷδ᾿ ὑπάρχει οὐδ᾿ εἰ τῷδ᾿ ὑπάρχει μόνῳ γνωριεῖ ὥσθ᾿ ὁποτέρου τούτων συμβάντος ἀσαφὲς γίνεται τὸ ἴδιον Οἷον ἐπεὶ ὁ θεὶς πυρὸς ἴδιον τὸ ἐν ᾧ πρώτῳ ψυχὴ πέφυκεν εἶναι ἀγνωστοτέρῳ κέχρηται τοῦ πυρὸς τῷ εἰ ἐν τούτῳ ὑπάρχει ψυχὴ καὶ εἰ ἐν πρώτῳ ὑπάρχει οὐκ ἂν εἴη καλῶς κείμενον ἴδιον πυρὸς τὸ ἐν ᾧ πρώτῳ ψυχὴ πέφυκεν εἶναι Κατασκευάζοντα δὲ εἰ διὰ γνωριμωτέρων κεῖται τὸ ἴδιον καὶ εἰ διὰ γνωριμωτέρων καθ᾿ ἑκάτερον τῶν τρόπων Ἔσται γὰρ καλῶς κατὰ τοῦτο κείμενον τὸ ἴδιον τῶν γὰρ κατασκευαστικῶν τόπων τοῦ καλῶς οἱ μὲν κατὰ τοῦτο μόνον οἱ δ᾿ ἁπλῶς δείξουσιν ὅτι καλῶς Οἷον ἐπεὶ ὁ εἴπας ζῴου ἴδιον τὸ αἴσθησιν ἔχειν διὰ γνωριμωτέρων καὶ γνωριμώτερον ἀποδέδωκε τὸ ἴδιον καθ᾿ ἑκάτερον τῶν τρόπων εἴη ἂν καλῶς ἀποδεδομένον κατὰ τοῦτο τοῦ ζῴου ἴδιον τὸ αἴσθησιν ἔχειν Ἔπειτ᾿ ἀνασκευάζοντα μὲν εἴ τι τῶν ὀνομάτων τῶν ἐν τῷ ἰδίῳ ἀποδεδομένων πλεοναχῶς λέγεται ἢ καὶ ὅλος ὁ λόγος πλείω σημαίνει οὐ γὰρ ἔσται καλῶς κείμενον τὸ ἴδιον Οἷον ἐπεὶ τὸ αἰσθάνεσθαι πλείω σημαίνει ἓν μὲν τὸ αἴσθησιν ἔχειν ἓν δὲ τὸ αἰσθήσει χρῆσθαι οὐκ ἂν εἴη τοῦ ζῴου ἴδιον καλῶς κείμενον τὸ αἰσθάνεσθαι πεφυκός Διὰ τοῦτο δ᾿ οὐ χρηστέον ἐστὶν οὔτ᾿ ὀνόματι πλεοναχῶς λεγομένῳ οὔτε λόγῳ τῷ τὸ ἴδιον σημαίνοντι διότι τὸ πλεοναχῶς λεγόμενον ἀσαφὲς ποιεῖ τὸ ῥηθέν ἀποροῦντος τοῦ μέλλοντος ἐπιχειρεῖν πότερον λέγει τῶν πλεοναχῶς λεγομένων τὸ γὰρ ἴδιον τοῦ μαθεῖν χάριν ἀποδίδοται Ἔτι δὲ πρὸς τούτοις ἀναγκαῖόν ἐστιν ἔλεγχόν τινα γίνεσθαι τοῖς οὕτως ἀποδιδοῦσι τὸ ἴδιον ὅταν ἐπὶ τοῦ διαφωνοῦντός τις ποιῇ τὸν συλλογισμὸν τοῦ πλεοναχῶς λεγομένου Κατασκευάζοντα δὲ εἰ μὴ πλείω σημαίνει μήτε τῶν ὀνομάτων μηδὲν μήθ᾿ ὅλος ὁ λόγος ἔσται γὰρ καλῶς κατὰ τοῦτο κείμενον τὸ ἴδιον Οἷον ἐπεὶ οὔτε τὸ σῶμα πολλὰ δηλοῖ οὔτε τὸ εὐκινητότατον εἰς τὸν ἄνω τόπον οὔτε τὸ σύνολον τὸ ἐκ τούτων συντιθέμενον εἴη ἂν καλῶς κείμενον κατὰ τοῦτο πυρὸς ἴδιον σῶμα τὸ εὐκινητότατον εἰς τὸν ἄνω τόπον Ἔπειτ᾿ ἀνασκευάζοντα μὲν εἰ πλεοναχῶς λέγεται τοῦτο οὗ τὸ ἴδιον ἀποδίδωσι μὴ διώρισται δὲ τὸ τίνος αὐτῶν ἴδιον τίθησιν οὐ γὰρ ἔσται καλῶς ἀποδεδομένον τὸ ἴδιον Δι᾿ ἃς δ᾿ αἰτίας οὐκ ἄδηλόν ἐστιν ἐκ τῶν πρότερον εἰρημένων τὰ γὰρ αὐτὰ συμβαίνειν ἀναγκαῖόν ἐστιν Οἷον ἐπεὶ τὸ ἐπίστασθαι τοῦτο πολλὰ σημαίνει τὸ μὲν γὰρ ἐπιστήμην ἔχειν αὐτό τὸ δ᾿ ἐπιστήμῃ χρῆσθαι αὐτό τὸ δ᾿ ἐπιστήμην εἶναι αὐτοῦ τὸ δ᾿ ἐπιστήμῃ χρῆσθαι αὐτοῦ οὐκ ἂν εἴη τοῦ ἐπίστασθαι τοῦτο καλῶς ἴδιον ἀποδεδομένον μὴ διορισθέντος τοῦ τίνος τίθησιν αὐτῶν τὸ ἴδιον Κατασκευάζοντα δὲ εἰ μὴ λέγεται πολλαχῶς τοῦτο οὗ τὸ ἴδιον τίθησιν ἀλλ᾿ ἔστιν ἓν καὶ ἁπλοῦν ἔσται γὰρ καλῶς κατὰ τοῦτο κείμενον τὸ ἴδιον Οἷον ἐπεὶ ὁ ἄνθρωπος λέγεται ἕν εἴη ἂν καλῶς κείμενον κατὰ τοῦ ἀνθρώπου ἴδιον τὸ ζῷον ἥμερον φύσει Ἔπειτ᾿ ἀνασκευάζοντα μὲν εἰ πλεονάκις εἴρηται τὸ αὐτὸ ἐν τῷ ἰδίῳ Πολλάκις γὰρ λανθάνουσι τοῦτο ποιοῦντες καὶ ἐν τοῖς ἰδίοις καθάπερ καὶ ἐν τοῖς ὅροις Οὐκ ἔσται δὲ καλῶς κείμενον τὸ τοῦτο πεπονθὸς ἴδιον ταράττει γὰρ τὸν ἀκούοντα πλεονάκις λεχθέν ἀσαφὲς οὖν ἀναγκαῖόν ἐστι γίνεσθαι καὶ πρὸς τούτοις ἀδολεσχεῖν δοκοῦσιν Ἔσται δὲ συμπῖπτον τὸ πλεονάκις εἰπεῖν τὸ αὐτὸ κατὰ δύο τρόπους καθ᾿ ἕνα μὲν ὅταν ὀνομάσῃ πλεονάκις τὸ αὐτό καθάπερ εἴ τις ἴδιον ἀποδοίη πυρὸς σῶμα τὸ λεπτότατον τῶν σωμάτων οὗτος γὰρ πλεονάκις εἴρηκε τὸ σῶμα δεύτερον δ᾿ ἄν τις μεταλαμβάνῃ τοὺς λόγους ἀντὶ τῶν ὀνομάτων καθάπερ εἴ τις ἀποδοίη γῆς ἴδιον οὐσία ἡ μάλιστα κατὰ φύσιν φερομένη τῶν σωμάτων εἰς τὸν κάτω τόπον ἔπειτα μεταλάβοι ἀντὶ τῶν σωμάτων τὸ οὐσιῶν τοιωνδί ἓν γὰρ καὶ ταὐτόν ἐστι σῶμα καὶ οὐσία τοιαδί Ἔσται γὰρ οὗτος τὸ οὐσία πλεονάκις εἰρηκώς ὥστ᾿ οὐδέτερον ἂν εἴη καλῶς κείμενον τῶν ἰδίων Κατασκευάζοντα δὲ εἰ μηδενὶ χρῆται πλεονάκις ὀνόματι τῷ αὐτῷ ἔσται γὰρ κατὰ τοῦτο καλῶς ἀποδεδομένον τὸ ἴδιον Οἷον ἐπεὶ ὁ εἴπας ἀνθρώπου ἴδιον ζῷον ἐπιστήμης δεκτικὸν οὐ κέχρηται τῷ αὐτῷ πολλάκις ὀνόματι εἴη ἂν κατὰ τοῦτο καλῶς ἀποδεδομένον τοῦ ἀνθρώπου τὸ ἴδον Ἔπειτ᾿ ἀνασκευάζοντα μὲν εἰ τοιοῦτόν τι ἀποδέδωκεν ἐν τῷ ἰδίῳ ὄνομα ὃ πᾶσιν ὑπάρχει Ἀχρεῖον γὰρ ἔσται τὸ μὴ χωρίζον ἀπό τινων τὸ δ᾿ ἐν τοῖς ἰδίοις λεγόμενον χωρίζειν δεῖ καθάπερ καὶ τὰ ἐν τοῖς ὅροις οὔκουν ἔσται καλῶς κείμενον τὸ ἴδιον Οἷον ἐπεὶ ὁ θεὶς ἐπιστήμης ἴδιον ὑπόληψιν ἀμετάπειστον ὑπὸ λόγου ἓν ὄν τοιούτῳ τινὶ κέχρηται ἐν τῷ ἰδίῳ τῷ ἑνὶ ὃ πᾶσιν ὑπάρχει οὐκ ἂν εἴη καλῶς κείμενον τὸ τῆς ἐπιστήμης ἴδιον Κατασκευάζοντα δὲ εἰ μηδενὶ κέχρηται κοινῷ ἀλλ᾿ ἀπό τινος χωρίζοντι ἔσται γὰρ καλῶς κείμενον κατὰ τοῦτο τὸ ἴδιον Οἷον ἐπεὶ ὁ εἴπας ζῴου ἴδιον τὸ ψυχὴν ἔχειν οὐδενὶ κέχρηται κοινῷ εἴη ἂν κατὰ τοῦτο καλῶς κείμενον ζῴου ἴδιον τὸ ψυχὴν ἔχειν Ἔπειτ᾿ ἀνασκευάζοντα μὲν εἰ πλείω ἴδια ἀποδίδωσι τοῦ αὐτοῦ μὴ διορίσας ὅτι πλείω τίθησιν οὐ γὰρ ἔσται καλῶς κείμενον τὸ ἴδιον Καθάπερ γὰρ οὐδ᾿ ἐν τοῖς ὅροις δεῖ παρὰ τὸν δηλοῦντα λόγον τὴν οὐσίαν προσκεῖσθαί τι πλέον οὕτως οὐδ᾿ ἐν τοῖς ἰδίοις παρὰ τὸν ποιοῦντα λόγον ἴδιον τὸ ῥηθὲν οὐδὲν προσαποδοτέον ἀχρεῖον γὰρ γίνεται τὸ τοιοῦτον Οἷον ἐπεὶ ὁ εἴπας ἴδιον πυρὸς σῶμα τὸ λεπτότατον καὶ κουφότατον πλείω ἀποδέδωκεν ἴδια ἑκάτερον γὰρ κατὰ μόνου τοῦ πυρὸς ἀληθές ἐστιν εἰπεῖν οὐκ ἂν εἴη καλῶς κείμενον ἴδιον πυρὸς σῶμα τὸ λεπτότατον καὶ κουφότατον Κατασκευάζοντα δ᾿ εἰ μὴ πλείω τοῦ αὐτοῦ τὰ ἴδια ἀποδέδωκεν ἀλλ᾿ ἕν ἔσται γὰρ κατὰ τοῦτο καλῶς κείμενον τὸ ἴδιον Οἷον ἐπεὶ ὁ εἴπας ὑγροῦ ἴδιον σῶμα τὸ εἰς ἅπαν σχῆμα ἀγόμενον ἓν ἀποδέδωκε τὸ ἴδιον ἀλλ᾿ οὐ πλείω εἴη ἂν κατὰ τοῦτο καλῶς κείμενον τὸ τοῦ ὑγροῦ ἴδιον,مواضع اما اولا فننظر ان كانت الخاصة وصفت جيدا او لم توصف جيدا والدليل علي انها وصفت جيدا او لم توصف ان تكون الخاصة قد وصفت لشء باشياء هي اعرف او باشياء ليست اعرف اما الذي يبطل فان وصفها باشياء ليست اعرف واما المصحح فان وصفها باشياء اعرف واذا كانت باشياء ليست اعرف فمنها ان ينظر ان كان الذي وصف به الخاصة اشد اغماضا من الشء الذي وصفت خاصته فان بهذا الوجه لا تكون الخاصة موضوعة وضعا جيدا لانا انما نستعمل الخاصة لنعلم كما نستعمل الحد فينبغي ان يكون تلخيصنا اياها باشياء هي اعرف فانا بهذا الوجه احري ان نفهمها فهما كافيا مثال ذلك انه لما كان الذي يضع ان خاصة النار انها اشبه الاشياء بالنفس قد استعمل ما هو اغمض من النار اعني النفس فان معرفتنا بالنار ما هي اكثر من معرفتنا بالنفس لم يكن وضع هذه الخاصة للنار وضعا جيدا اعني انها اشبه الاشياء بالنفس ومنها ان ننظر ان لم يكن وجود هذا الشء لهذا وجودا اعرف وذلك انه ليس ينبغي ان يكون اعرف من الامر الذي يوصف به لكن يكون وجودها له ايضا اعرف لانه ان لم يعلم انه لهذا موجود لم يعلم ولا انه لهذا وحده موجود فاي شء من هذين ان عرض كانت الخاصة غير بينة مثال ذلك انه لما كان الذي يضع ان خاصة النار انها الشء الذي فيه اولا من شان النفس ان يوجد قد استعمل ما هو اغمض من النار وهو ان كانت النفس توجد في هذه وان كانت توجد فيها اولا لم يكن وضع هذه الخاصة للنار وضعا جيدا اعني الشء الذي فيه اولا من شان النفس ان توجد واما المصحح فينظر ان كانت الخاصة تكون بما هو اعرف وان كانت بما هو اعرف في كل واحد من الصنفين فان بهذا يكون وضع الخاصة وضعا جيدا وذلك ان المواضع المصححة لما يوضع وضعا جيدا منها ما يكون بهذا النحو وحده ومنها ما يري علي الاطلاق ان وضعه وضع جيد مثال ذلك انه لما كان من قال ان خاصة الحي ان له حسا قد وصف الخاصة بما هو اعرف في كل واحدة من الجهتين صار قولنا ان له حسا خاصة للحي موصوفة علي هذا الوجه وصفا جيدا وبعد ذلك فينبغي للمبطل ان ينظر ان كان شء من الاسماء التي توصف في الخاصة تقال علي انحاء كثيرة او ان كان القول باسره يدل علي معاني كثيرة فان الامر اذا كان كذلك لم تكن الخاصة وضعت وضعا جيدا مثال ذلك انه لما كان قولنا يحس قد يدل علي معنيين علي ان الموصوف بذلك حسا وعلي انه لم يستعمل الحس لم يكن قولنا في الحي ان من شانه ان يحس خاصة موضوعة وضعا جيدا ولذلك ليس ينبغي ان نستعمل لا اسماء تقال علي انحاء كثيرة ولا قولا يدل علي الخاصة لان ما يقال علي انحاء كثيرة يجعل الموصوف غامضا فيتحير فيه المحتج فلا يعلم اي المعاني يريد من التي يقال عليها ذلك الاسم والقول والخاصة انما يءتي بها ليعرف الشء ومع هذا ايضا فواجب ضرورة ان نكشف امر اللذين يصفون الخاصة بهذا الوصف المنكر اذا جعل جاعل القياس شيءا يختلف فيه اعني علي ما يقال فيه بانحاء كثيرة فاما المصحح فينظر ان لا يكون شء من الاسماء ولا القول باسره يدل علي معاني كثيرة فان الخاصة علي هذا تكون موضوعة وضعا جيدا مثال ذلك انه لما كان قولنا جسم لا يدل علي معاني كثيرة ولا قولنا اسهل ما يتحرك الي المكان الاعلي ولا مجموع القول المركب من هذه الالفاظ كان القول في النار انها الجسم الذي هو اسفل ما يتحرك الي المكان الاعلي خاصة موضوعة علي هذا وضعا جيدا وبعد هذا فلينظر المبطل ان كان الشء الذي يوصف خاصته تقال علي انحاء كثيرة ولم يلخص المعني منها الذي له نضع الخاصة فان بهذا الوجه لاتكون الخاصة موصوفة علي ما ينبغي والاسباب التي لها وجب ذلك ليس تخفي معرفتها من الاشياء التي تقدم ذكرها اذ كان من الواجب ضرورة ان تعرض تلك الاشياء بعينها مثال ذلك انه لما كان قولنا هذا يعلم يدل علي شيءين علي ان له علما وعلي انه يستعمل العلم صار قولنا هذا يعلم ليس هو خاصة موضوعة علي ما ينبغي اذا لم يكن المعني منهما الذي تقال له الخاصة ملخصا ايما هو فاما المصحح فيبطل الا يكون الشء الذي توصف خاصته يقال علي انحاء كثيرة بل يكون واحدا بسيطا فان بهذا الوجه توضع الخاصة عليه وضعا جيدا مثال ذلك انه لما كان الانسان يقال قولا مطلقا وعلي نحو واحد صار قولنا فيه انه حي انس بالطبع خاصة موضوعة عليه علي ما يجب وبعد ذلك فينظر المبطل ان كان الواحد بعينه قد كرر في الخاصة فانهم كثيرا ما يفعلون ذلك في الخواص وهم لا يشعرون كما يفعلونه في الحدود فليس الخاصة اذن التي يعرض فيها ذلك بموضوعة علي ما ينبغي اذ كان ما تكرر قد يغلط السامع فواجب اذن ضرورة ان يكون القول غامضا وان يظن بمن يقوله مع ذلك انه يهمر همرا وتكرير المعني الواحد في القول يكون علي وجهين احدهما اذا كرر الاسم الواحد بعينه بمنزلة ما يجعل الانسان خاصة النار انها جسم الطف الاجسام فان قاءل هذا القول قد كرراسم الجسم مرتين والثاني متي استعمل الانسان الاقاويل مكان الاسماء بمنزلة مايجعل الانسان خاصة الارض انها جوهر من الاجسام ينتقل بالطبع الي المكان الاسفل ثم يستعمل مكان الاجسام جواهر بصفة كذا وذلك ان قولنا جسم و جوهر بصفة كذا شء احد فيكون قاءل هذا القول قد كرر اسم الجوهر فليس اذن واحدة من هاتين الخاصتين موضوعة علي ما يجب فاما المصحح فينظر الا يكون يستعمل الاسم الواحد بعينه مكررا فان بهذا الوجه تكون الخاصة موضوعة علي ما يجب مثال ذلك انه لما كان من قال ان الانسان قابل للعلم ليس يستعمل اسما واحدا مكررا صار ذلك خاصة للانسان موضوعة علي مايجب وبعد ذلك فينظر المبطل ان كان قد وصف في الخاصة اسما يوجد لكل شء فان ما لا يفصل من اشياء ليس ينتفع به والشء الذي يقال في الخواص ليس ينتفع به والشء الذي يقال في الخواص ينبغي ان يكون يفصل كالشء الذي يقال في الحدود فان وضعت الخاصة هكذا لم يكن وضعها علي ما يجب مثال ذلك انه لما كان الذي يضع خاصة العلم انه ظن لا يزول التصديق به من القياس اذ هو واحد بعينه قد استعمل في الخاصة ما يوجد لكل شء وهو الواحد لم يكن وضع خاصة العلم وضعا كما يجب فاما المصحح فينظر الا يستعمل امرا عاميا اصلا لكن يستعمل ما كان مفصلا من شء فان الخاصة بهذا حينءذ تكون موضوعة علي ما يجب مثال ذلك ان الذي يضع ان خاصة الحي ان له نفسا لم يستعمل شيءا مشتركا اصلا فخاصة الحي موضوعة بهذا وضعا جيدا اعني ان له نفسا وبعد ذلك فان المبطل ينظر ان كان قد وصف خواص كثيرة فانه اذا فعل هذا لم تكن الخاصة موضوعة علي ما يجب فكما انه في الحدود لا ينبغي ان يزاد شء سوي القول الذي يدل علي الجوهر كذلك ايضا وفي الخواص ليس ينبغي ان يوصف شء اصلا سوي القول الذي يجعل ما قيل خاصة فان ما يجري هذا المجري ليس ينتفع به مثال ذلك انه لما كان من قال ان خاصة النار هي انها الطف الاجسام واخفها قد وصف اكثر من خاصة واحدة وذلك ان كل واحد من هذين قد يصدق علي النار وحدها فليس وضع خاصة النار انها الطف الاجسام واخفها وضعا جيدا فاما المصحح فينظر الا يصف خواص كثيرة لشي واحد بعينه بل واحدة فان بهذا الوجه تكون الخاصة موضوعة وضعا جيدا مثال ذلك ان الذي يقول ان خاصة الرطب هو ان يواتي ان كل شكل قد وصف خاصة واحدة لاخواص كثيرة فخاصة الرطب قد وضعت بهذا الوجه وضعا جيدا,5,2
Ἔπειτ᾿ ἀνασκευάζοντα μὲν εἰ αὐτῷ προσκέχρηται οὗ τὸ ἴδιον ἀποδίδωσιν ἢ τῶν αὐτοῦ τινί οὐ γὰρ ἔσται καλῶς κείμενον τὸ ἴδιον Τοῦ γὰρ μαθεῖν χάριν ἀποδίδοται τὸ ἴδιον αὐτὸ μὲν οὖν αὑτῷ ὁμοίως ἄγνωστόν ἐστι τὸ δέ τι τῶν αὐτοῦ ὕστερον οὔκουν ἐστὶ γνωριμώτερον Ὥστ᾿ οὐ γίνεται διὰ τούτων μᾶλλόν τι μαθεῖν Οἷον ἐπεὶ ὁ εἴπας ζῴου ἴδιον οὐσίαν ἧς εἶδός ἐστιν ἄνθρωπος τινὶ προσκέχρηται τῶν τούτου οὐκ ἂν εἴη καλῶς κείμενον τὸ ἴδιον Κατασκευάζοντα δὲ εἰ μήτε αὐτῷ μήτε τῶν αὐτοῦ μηδενὶ χρῆται Ἔσται γὰρ καλῶς κατὰ τοῦτο κείμενον τὸ ἴδιον Οἷον ἐπεὶ ὁ θεὶς ζῴου ἴδιον τὸ ἐκ ψυχῆς καὶ σώματος συγκείμενον οὔτε αὐτῷ οὔτε τῶν αὐτοῦ οὐδενὶ προσκέχρηται εἴη ἂν καλῶς κατὰ τοῦτο ἀποδεδομένον τὸ τοῦ ζῴου ἴδιον Τὸν αὐτὸν δὲ τρόπον καὶ ἐπὶ τῶν ἄλλων σκεπτέον ἐστὶ τῶν μὴ ποιούντων ἢ ποιούντων γνωριμώτερον ἀνασκευάζοντα μὲν εἴ τινι προσκέχρηται ἢ ἀντικειμένῳ ἢ ὅλως ἅμα τῇ φύσει ἢ ὑστέρῳ τινί οὐ γὰρ ἔσται καλῶς κείμενον τὸ ἴδιον Τὸ μὲν γὰρ ἀντικείμενον ἅμα τῇ φύσει τὸ δ᾿ ἅμα τῇ φύσει καὶ τὸ ὕστερον οὐ ποιεῖ γνωριμώτερον Οἷον ἐπεὶ ὁ εἴπας ἀγαθοῦ ἴδιον ὃ κακῷ μάλιστ᾿ ἀντίκειται τῷ ἀντικειμένῳ προσκέχρηται τοῦ ἀγαθοῦ οὐκ ἂν εἴη τοῦ ἀγαθοῦ καλῶς ἀποδεδομένον τὸ ἴδιον Κατασκευάζοντα δὲ εἰ μηδενὶ προσκέχρηται μήτ᾿ ἀντικειμένῳ μήτε ὅλως ἅμα τῇ φύσει μήθ᾿ ὑστέρῳ ἔσται γὰρ κατὰ τοῦτο καλῶς ἀποδεδομένον τὸ ἴδιον Οἷον ἐπεὶ ὁ θεὶς ἐπιστήμης ἴδιον ὑπόληψιν τὴν πιστοτάτην οὐδενὶ προσκέχρηται οὔτ᾿ ἀντικειμένῳ οὔθ᾿ ἅμα τῇ φύσει οὔθ᾿ ὑστέρῳ εἴη ἂν κατὰ τοῦτο καλῶς κείμενον τὸ τῆς ἐπιστήμης ἴδιον Ἔπειτ᾿ ἀνασκευάζοντα μὲν εἰ τὸ μὴ ἀεὶ παρεπόμενον ἴδιον ἀποδέδωκεν ἀλλὰ τοῦτο ὃ γίνεταί ποτε μὴ ἴδιον οὐ γὰρ ἔσται καλῶς εἰρημένον τὸ ἴδιον Οὔτε γὰρ ἐφ᾿ ᾧ καταλαμβάνομεν ὑπάρχον αὐτό κατὰ τούτου καὶ τοὔνομα ἐξ ἀνάγκης ἀληθεύεται οὔτ᾿ ἐφ᾿ ᾧ καταλαμβάνεται μὴ ὑπάρχον κατὰ τούτου ἐξ ἀνάγκης οὐ ῥηθήσεται τοὔνομα Ἔτι δὲ πρὸς τούτοις οὐδ᾿ ὅτε ἀποδέδωκε τὸ ἴδιον ἔσται φανερὸν εἰ ὑπάρχει εἴπερ τοιοῦτόν ἐστιν οἷον ἀπολείπειν Οὔκουν ἔσται σαφὲς τὸ ἴδιον Οἷον ἐπεὶ ὁ θεὶς ζῴου ἴδιον τὸ κινεῖσθαί ποτε καὶ ἑστάναι τοιοῦτον ἀποδέδωκε τὸ ἴδιον ὃ οὐ γίνεταί ποτε ἴδιον οὐκ ἂν εἴη καλῶς κείμενον τὸ ἴδιον Κατασκευάζοντα δὲ εἰ τὸ ἐξ ἀνάγκης ἀεὶ ὂν ἴδιον ἀποδέδωκεν ἔσται γὰρ καλῶς κείμενον τὸ ἴδιον κατὰ τοῦτο Οἷον ἐπεὶ ὁ θεὶς ἀρετῆς ἴδιον ὃ τὸν ἔχοντα ποιεῖ σπουδαῖον τὸ ἀεὶ παρεπόμενον ἴδιον ἀποδέδωκεν εἴη ἂν κατὰ τοῦτο καλῶς ἀποδεδομένον τὸ τῆς ἀρετῆς ἴδιον Ἔπειτ᾿ ἀνασκευάζοντα μὲν εἰ τὸ νῦν ἴδιον ἀποδιδοὺς μὴ διωρίσατο ὅτι τὸ νῦν ἴδιον ἀποδίδωσιν οὐ γὰρ ἔσται καλῶς κείμενον τὸ ἴδιον Πρῶτον μὲν γὰρ τὸ παρὰ τὸ ἔθος γινόμενον ἅπαν διορισμοῦ προσδεῖται εἰώθασι δ᾿ ὡς ἐπὶ τὸ πολὺ πάντες τὸ ἀεὶ παρακολουθοῦν ἴδιον ἀποδιδόναι Δεύτερον δὲ ἄδηλός ἐστιν ὁ μὴ διορισάμενος εἰ τὸ νῦν ἴδιον ἐβούλετο θεῖναι οὔκουν δοτέον ἐστὶν ἐπιτιμήσεως σκῆψιν Οἷον ἐπεὶ ὁ θέμενος τοῦ τινὸς ἀνθρώπου ἴδιον τὸ καθῆσθαι μετά τινος τὸ νῦν ἴδιον τίθησιν οὐκ ἂν εἴη καλῶς τὸ ἴδιον ἀποδεδωκώς εἴπερ μὴ διορισάμενος εἶπεν Κατασκευάζοντα δ᾿ εἰ τὸ νῦν ἴδιον ἀποδιδοὺς διορισάμενος ἔθηκεν ὅτι τὸ νῦν ἴδιον τίθησιν ἔσται γὰρ καλῶς κείμενον κατὰ τοῦτο τὸ ἴδιον Οἷον ἐπεὶ ὁ εἴπας τοῦ τινὸς ἀνθρώπου ἴδιον τὸ περιπατεῖν νῦν διαστειλάμενος ἔθηκε τοῦτο καλῶς ἂν εἴη κείμενον τὸ ἴδιον Ἔπειτ᾿ ἀνασκευάζοντα μὲν εἰ τοιοῦτο ἀποδέδωκε τὸ ἴδιον ὃ φανερὸν μή ἐστιν ἄλλως ὑπάρχον ἢ αἰσθήσει οὐ γὰρ ἔσται καλῶς κείμενον τὸ ἴδιον Ἅπαν γὰρ τὸ αἰσθητὸν ἔξω γινόμενον τῆς αἰσθήσεως ἄδηλον γίνεται ἀφανὲς γάρ ἐστιν εἰ ἔτι ὑπάρχει διὰ τὸ τῇ αἰσθήσει μόνον γνωρίζεσθαι Ἔσται δ᾿ ἀληθὲς τοῦτο ἐπὶ τῶν μὴ ἐξ ἀνάγκης ἀεὶ παρακολουθούντων Οἷον ἐπεὶ ὁ θέμενος ἡλίου ἴδιον ἄστρον φερόμενον ὑπὲρ γῆς τὸ λαμπρότατον τοιούτῳ κέχρηται ἐν τῷ ἰδίῳ τῷ ὑπὲρ γῆς φέρεσθαι ὃ τῇ αἰσθήσει γνωρίζεται οὐκ ἂν εἴη καλῶς τὸ τοῦ ἡλίου ἀποδεδομένον ἴδιον ἄδηλον γὰρ ἔσται ὅταν δύῃ ὁ ἥλιος εἰ φέρεται ὑπὲρ γῆς διὰ τὸ τὴν αἴσθησιν τότε ἀπολείπειν ἡμᾶς Κατασκευάζοντα δ᾿ εἰ τοιοῦτον ἀποδέδωκε τὸ ἴδιον ὃ μὴ τῇ αἰσθήσει φανερόν ἐστιν ἢ ὃ αἰσθητὸν ὂν ἐξ ἀνάγκης ὑπάρχον δῆλόν ἐστιν ἔσται γὰρ κατὰ τοῦτο καλῶς κείμενον τὸ ἴδιον Οἷον ἐπεὶ ὁ θέμενος ἐπιφανείας ἴδιον ὃ πρῶτον κέχρωσται αἰσθητῷ μέν τινι προσκέχρηται τῷ κεχρῶσθαι τοιούτῳ δ᾿ ὃ φανερόν ἐστιν ὑπάρχον ἀεί εἴη ἂν κατὰ τοῦτο καλῶς ἀποδεδομένον τὸ τῆς ἐπιφανείας ἴδιον Ἔπειτ᾿ ἀνασκευάζοντα μὲν εἰ τὸν ὅρον ὡς ἴδιον ἀποδέδωκεν οὐ γὰρ ἔσται καλῶς κείμενον τὸ ἴδιον οὐ γὰρ δεῖ δηλοῦν τὸ τί ἦν εἶναι τὸ ἴδιον Οἷον ἐπεὶ ὁ εἴπας ἀνθρώπου ἴδιον ζῷον πεζὸν δίπουν τὸ τί ἦν εἶναι σημαῖνον ἀποδέδωκε τοῦ ἀνθρώπου ἴδιον οὐκ ἂν εἴη τὸ τοῦ ἀνθρώπου ἴδιον καλῶς ἀποδεδομένον Κατασκευάζοντα δὲ εἰ ἀντικατηγορούμενον μὲν ἀποδέδωκε τὸ ἴδιον μὴ τὸ τί ἦν εἶναι δὲ δηλοῦν Ἔσται γὰρ κατὰ τοῦτο καλῶς ἀποδεδομένον τὸ ἴδιον Οἷον ἐπεὶ ὁ θεὶς ἀνθρώπου ἴδιον ζῷον ἥμερον φύσει ἀντικατηγορούμενον μὲν ἀποδέδωκε τὸ ἴδιον οὐ τὸ τί ἦν εἶναι δὲ δηλοῦν εἴη ἂν κατὰ τοῦτο καλῶς ἀποδεδομένον τὸ ἴδιον τοῦ ἀνθρώπου Ἔπειτ᾿ ἀνασκευάζοντα μὲν εἰ μὴ εἰς τὸ τί ἐστιν ὁ θεὶς ἀποδέδωκε τὸ ἴδιον Δεῖ γὰρ τῶν ἰδίων καθάπερ καὶ τῶν ὅρων τὸ πρῶτον ἀποδίδοσθαι γένος ἔπειθ᾿ οὕτως ἤδη προσάπτεσθαι τὰ λοιπά καὶ χωρίζειν Ὥστε τὸ μὴ τοῦτον τὸν τρόπον κείμενον ἴδιον οὐκ ἂν εἴη καλῶς ἀποδεδομένον Οἷον ἐπεὶ ὁ εἴπας ζῴου ἴδιον τὸ ψυχὴν ἔχειν οὐκ ἔθηκεν εἰς τὸ τί ἐστι τὸ ζῷον οὐκ ἂν εἴη καλῶς κείμενον τὸ τοῦ ζῴου ἴδιον Κατασκευάζοντα δὲ εἴ τις εἰς τὸ τί ἐστι θεὶς οὗ τὸ ἴδιον ἀποδίδωσι τὰ λοιπὰ προσάπτει ἔσται γὰρ κατὰ τοῦτο καλῶς ἀποδεδομένον τὸ ἴδιον Οἷον ἐπεὶ ὁ θεὶς ἀνθρώπου ἴδιον ζῷον ἐπιστήμης δεκτικὸν εἰς τὸ τί ἐστι θεὶς ἀπέδωκε τὸ ἴδιον εἴη ἂν κατὰ τοῦτο καλῶς κείμενον τὸ ἴδιον τοῦ ἀνθρώπου,مواضع اخري وبعد ذلك فان المبطل ينبغي له ان ينظر ان كان استعمل ذلك الشء بعينه الذي له توصف الخاصة او شيءا مما هو له فان الامر اذا جري هذا المجري لم تكن الخاصة موضوعة وضعا جيدا لان الخاصة انما تراد لمكان العلم فهو نفسه اذن غير معروف علي مثال ما كان والشء الذي هو مما يوجد له متاخر عنه فليس هو اعرف منه فليس يزداد تعرفه من هذه الاشياء مثال ذلك انه لما كان من قال ان خاصة الحي انه الجوهر الذي نوعه الانسان فانما استعمل شيءا من الحي فليس هذه الخاصة موضوعة وضعا علي ما ينبغي فاما المصحح فينظر ان لا يستعمل الشء نفسه ولا شيءا مما له اصلا فان بهذا الوجه تكون الخاصة موضوعة علي ما يجب مثال ذلك ان من قال ان خاصة الحي انه مركب من نفس وبدن لم يستعمل لا هو ولا شيءا مما له اصلا فخاصة الحي بهذا موضوعة علي مايجب ولهذا النحو ايضا ينبغي ان ننظر في ساءر الاشياء الاخري التي تجعل الشء اعرف او لاتجعله كذلك اما المبطل فينظر ان كان استعمل شيءا اما مقابلا او بالجملة شيءا معا في الطبع او شيءا متاخرا فان الخاصة لا تكون موضوعة علي ما يجب وذلك ان المقابل معا في الطبع والمعا في الطبع والمتاخر لا يجعلان الشء اعرف مثال ذلك انه لما كان من قال ان خاصة الخير هو المقابل لا محالة للشر فقد استعمل المقابل للخير فلم يضع خاصة الخير علي ما يجب فاما المصحح فينظر الا يستعمل متقابلا اصلا او بالجملة ما هو معا بالطبع ولا متاخر فان بهذا الوجه تكون الخاصة موضوعة علي ما يجب مثال ذلك انه لما كان من وضع ان خاصة العلم انه الظن الذي في غاية الصدق لم يستعمل مقابلا اصلا ولا ما هو معا في الطبع ولا متاخرا صارت خاصة العلم بهذا الوجه موضوعة علي ما يجب وبعد ذلك فان المبطل ينظر ان كان ما جعل ليس بلازم داءما خاصة لكن ما يوجد للشء في بعض الاوقات ليس بخاصة فان الخاصة عند ذلك ليست موضوعة علي ما يجب وذلك انه لا الشء الذي ندركه موجودا فيه يصدق عليه الاسم من الاضطرار ولا لا الذي يصدق عليه اسمه الخاصة موجودة فيه الشء الذي لا يدرك الاسم فيه موجودا لا يقال عليه الاسم من الاضطرار ومع هذه الاشياء ايضا فليس اذا وصفت الخاصة يكون بينا انها موجودة ان كانت مما يتهيا فيه ان يحل الشء فليس تكون الخاصة اذن بينة مثال ذلك انه لما كان وضع خاصة الحيوان انه يتحرك في الاوقات او يقف انما وصفه بخاصة ليست تكون في بعض الاوقات فليست خاصة موضوعة علي ما يجب فاما المصحح فينظر ان كان وصف الخاصة التي هي داءما من الاضطرار فان بهذا الوجه تكون الخاصة موضوعة علي ما يجب مثال ذلك انه لما كان من وضع خاصة الفضيلة انها تجعل صاحبها فاضلا قد وصف ما هو لازم للفضيلة داءما فنعم ما وصفت بهذا خاصة الفضيلة وبعد ذلك فان المبطل ينظر ان كان وصف الخاصة في الزمان الحاضر من غير ان يشترط انه وصف الخاصة في الزمان الحاضر فان الخاصة اذا وصفت هكذا لم تكن موضوعة علي ما يجب اما اولا فلان كل ما كان علي خلاف العادة فيحتاج الي شريطة وقد جرت عادة الجميع في اكثر الامر ان يضعوا الخاصة اللازمة داءما وثانيا فان من لم يشترط فليس يعلم من امره انه اراد ان يضع الخاصة في الزمان الحاضر فليس ينبغي اذن ان يبحث بحثا يستحق العتب مثال ذلك انه لما كان من وضع خاصة انسان ما انه جالس مع انسان ما فانما وضع خاصة في الزمان الحاضر لم يصف الخاصة علي مايجب عند ما لم يشترط الزمان الحاضر في قوله فاما المصحح فينظر ان كان اذا وصف الخاصة في الزمان الحاضر اشترط انه انما وضع الخاصة في الزمان الحاضر فان بهذا الوجه تكون الخاصة موضوعة علي ما يجب مثال ذلك انه لما كان من قال خاصة انسان ما انه يمشي في موضع كذا فاشترط ما وضعه صارت الخاصة لذلك موضوعة علي ما يجب وبعد ذلك فان المبطل ينظر ان كان وصف الخاصة التي في الظاهر انها ليست توجد بجهة من الجهات الا بالحس فانها ليست تكون موضوعة علي ما يجب وذلك ان كل محسوس اذا صار خارجا عن الحس صار غامضا ولا يتبين ان كان موجودا بعد من قبل انه انما يعرف بالحاسة التي تخصه فقط وانما يصدق هذا فيما ليس يلزم من الاضطرار داءما مثال ذلك انه لما كان من وضع خاصة الشمس انها الكوكب الذي يتحرك فوق الارض وهو اضوا الكواكب فقد استعمل في الخاصة الحركة فوق الارض التي انما تعرف بالحس فلم يضع هذه الخاصة للشمس علي مايجب لانه ليس يعلم اذا غابت الشمس ان كانت تتحرك فوق الارض لقصور حسنا عنها في ذلك الوقت فاما المصحح فينظر ان كان وصف الخاصة التي ليست ظاهرة للحس او التي وان كانت محسوسة يكون وجودها يبين من الاضطرار فان الخاصة علي هذا الوجه تكون موضوعة علي ما يجب مثال ذلك انه لما كان من وضع خاصة البسيط انه الملون اولا قد استعمل شيءا محسوسا اعني قوله ملون ووجوده ظاهر ابدا صارت خاصة السطح بهذا موضوعة علي ما يجب وبعد ذلك فان المبطل ينظر ان كان الحد وصف علي انه خاصة فان الخاصة عند ذلك لا تكون موضوعة علي مايجب وذلك ان الخاصة ليست تدل علي ماهية الشء مثال ذلك انه لما كان من قال خاصة الانسان انه حيوان مشاء ذو رجلين انما جعل ما يدل علي الماهية خاصة للانسان لم يكن وضع الخاصة علي ما يجب فاما المصحح فينظر ان كان ما يرجع بالتكافء في الحلم خاصة من غيران يكون يدل علي الماهية فان الخاصة بهذا الوجه تكون موضوعة علي ما يجب مثال ذلك انه لما كان من وضع خاصة الانسان انه حيوان ليس بالطبع قد وصف ما يرجع بالتكافء في الحمل خاصة من غير ان يكون يدل علي ماهية الشء فنعم ما وضعت هذه الخاصة للانسان وبعد ذلك فان المبطل ينظر ان لم يكن الواضع للخاصة وضعها في ما الشء وذلك ان الخواص تحتاج مثل الحدود ان يكون الجنس الاول موصوفا فيها ثم بعد ذلك يصل ويفرق ساءر الاشياء الباقية فالخاصة اذن التي ليست موضوعة علي هذا الوجه لم توضع وضعا علي ما يجب مثال ذلك انه لما كان من قال خاصة الحيوان ان يكون له نفس لم يجعل الحيوان في ما هو لم يضع هذه الخاصة للحيوان علي ما يجب فاما المصحح فينظر ان كان قد وضع الشء الذي وصف خاصته في ماهو الشء ووصل به ساءر الاشياء الباقية فان بهذا الوجه تكون الخاصة موضوعة علي ما يجب مثال ذلك انه لما كان وضع خاصة الانسان انه حيوان قابل للعلم قد وصف الخاصة بان وضع المخصوص فيما هو صار بهذا الوجه وضع الخاصة للانسان جيدا,5,3
Πότερον μὲν οὗν καλῶς ἢ οὐ καλῶς ἀποδέδοται τὸ ἴδιον διὰ τῶνδε σκεπτέον Πότερον δ᾿ ἴδιόν ἐστιν ὅλως τὸ εἰρημένον ἢ οὐκ ἴδιον ἐκ τῶνδε θεωρητέον Οἱ γὰρ ἁπλῶς κατασκευάζοντες τὸ ἴδιον ὅτι καλῶς κεῖται τόποι οἱ αὐτοὶ ἔσονται τοῖς ἴδιον ὅλως ποιοῦσιν ἐν ἐκείνοις οὖν ῥηθήσονται Πρῶτον μὲν οὖν ἀνασκευάζοντα ἐπιβλέπειν ἐφ᾿ ἕκαστον οὗ τὸ ἴδιον ἀποδέδωκεν οἷον εἰ μηδενὶ ὑπάρχει ἢ εἰ μὴ κατὰ τοῦτο ἀληθεύεται ἢ εἰ μή ἐστιν ἴδιον ἑκάστου αὐτῶν κατ᾿ ἐκεῖνο οὗ τὸ ἴδιον ἀποδέδωκεν οὐ γὰρ ἔσται ἴδιον τὸ κείμενον εἶναι ἴδιον Οἷον ἐπεὶ κατὰ τοῦ γεωμετρικοῦ οὐκ ἀληθεύεται τὸ ἀνεξαπάτητον εἶναι ὑπὸ λόγου ἀπατᾶται γὰρ ὁ γεωμετρικὸς ἐν τῷ ψευδογραφεῖσθαι οὐκ ἂν εἴη τοῦ ἐπιστήμονος ἴδιον τὸ μὴ ἀπατᾶσθαι ὑπὸ λόγου Κατασκευάζοντα δ᾿ εἰ κατὰ παντὸς ἀληθεύεται καὶ κατὰ τοῦτ᾿ ἀληθεύεται ἔσται γὰρ ἴδιον τὸ κείμενον εἶναι ἴδιον Οἷον ἐπεὶ τὸ ζῷον ἐπιστήμης δεκτικὸν κατὰ παντὸς ἀνθρώπου ἀληθεύεται καὶ ᾗ ἄνθρωπος εἴη ἂν ἀνθρώπου ἴδιον τὸ ζῷον ἐπιστήμης δεκτικόν Ἔστι δ᾿ ὁ τόπος οὗτος ἀνασκευάζοντι μέν εἰ μὴ καθ᾿ οὗ τοὔνομα καὶ ὁ λόγος ἀληθεύεται καὶ εἰ μὴ καθ᾿ οὗ ὁ λόγος καὶ τοὔνομα ἀληθεύεται κατασκευάζοντι δέ εἰ καθ᾿ οὗ τοὔνομα καὶ ὁ λόγος καὶ εἰ καθ᾿ οὗ ὁ λόγος καὶ τοὔνομα κατηγορεῖται Ἔπειτ᾿ ἀνασκευάζοντα μὲν εἰ μὴ καθ᾿ οὗ τοὔνομα καὶ ὁ λόγος καὶ εἰ μὴ καθ᾿ οὗ ὁ λόγος καὶ τοὔνομα λέγεται οὐ γὰρ ἔσται ἴδιον τὸ κείμενον ἴδιον εἶναι Οἷον ἐπεὶ τὸ μὲν ζῷον ἐπιστήμης μετέχον ἀληθεύεται κατὰ τοῦ θεοῦ ὁ δ᾿ ἄνθρωπος οὐ κατηγορεῖται οὐκ ἂν εἴη τοῦ ἀνθρώπου ἴδιον ζῷον ἐπιστήμης μετέχον Κατασκευάζοντα δὲ εἰ καθ᾿ οὗ ὁ λόγος καὶ τοὔνομα κατηγορεῖται καὶ καθ᾿ οὗ τοὔνομα καὶ ὁ λόγος κατηγορεῖται ἔσται γὰρ ἴδιον τὸ κείμενον μὴ εἶναι ἴδιον Οἷον ἐπεὶ καθ᾿ οὗ τὸ ψυχὴν ἔχειν τὸ ζῷον ἀληθεύεται καὶ καθ᾿ οὗ τὸ ζῷον τὸ ψυχὴν ἔχειν εἴη ἂν τὸ ψυχὴν ἔχειν τοῦ ζῴου ἴδιον Ἔπειτ᾿ ἀνασκευάζοντα μὲν εἰ τὸ ὑποκείμενον ἴδιον ἀπέδωκε τοῦ ἐν τῷ ὑποκειμένῳ λεγομένου οὐ γὰρ ἔσται ἴδιον τὸ κείμενον ἴδιον Οἷον ἐπεὶ ὁ ἀποδοὺς ἴδιον τοῦ λεπτομερεστάτου σώματος τὸ πῦρ τὸ ὑποκείμενον ἀποδέδωκε τοῦ κατηγορουμένου ἴδιον οὐκ ἂν εἴη τὸ πῦρ σώματος τοῦ λεπτομερεστάτου ἴδιον Διὰ τοῦτο δ᾿ οὐκ ἔσται τὸ ὑποκείμενον τοῦ ἐν τῷ ὑποκειμένῳ ἴδιον ὅτι τὸ αὐτὸ πλειόνων ἔσται καὶ διαφόρων τῷ εἴδει ἴδιον Τῷ γὰρ αὐτῷ πλείω τινὰ διάφορα τῷ εἴδει ὑπάρχει κατὰ μόνου λεγόμενα ὧν ἔσται πάντων ἴδιον τὸ ὑποκείμενον ἐάν τις οὕτω τιθῆται τὸ ἴδιον Κατασκευάζοντα δ᾿ εἰ τὸ ἐν τῷ ὑποκειμένῳ ἀπέδωκεν ἴδιον τοῦ ὑποκειμένου Ἔσται γὰρ ἴδιον τὸ κείμενον μὴ εἶναι ἴδιον ἐάνπερ κατὰ μόνων κατηγορῆται ὧν εἴρηται τὸ ἴδιον Οἷον ἐπεὶ ὁ εἴπας γῆς ἴδιον σῶμα τὸ βαρύτατον τῷ εἴδει τοῦ ὑποκειμένου ἀπέδωκε τὸ ἴδιον κατὰ μόνου λεγόμενον τοῦ πράγματος καὶ ὡς τὸ ἴδιον κατηγορεῖται εἴη ἂν τὸ τῆς γῆς ἴδιον ὀρθῶς κείμενον Ἔπειτ᾿ ἀνασκευάζοντα μὲν εἰ κατὰ μέθεξιν ἀπέδωκε τὸ ἴδιον οὐ γὰρ ἔσται ἴδιον τὸ κείμενον εἶναι ἴδιον Τὸ γὰρ κατὰ μέθεξιν ὑπάρχον εἰς τὸ τί ἦν εἶναι συμβάλλεται εἴη δ᾿ ἂν τὸ τοιοῦτο διαφορά τις κατά τινος ἑνὸς εἴδους λεγομένη Οἷον ἐπεὶ ὁ εἴπας ἀνθρώπου ἴδιον τὸ πεζὸν δίπουν κατὰ μέθεξιν ἀπέδωκε τὸ ἴδιον οὐκ ἂν εἴη τἀνθρώπου ἴδιον τὸ πεζὸν δίπουν Κατασκευάζοντα δὲ εἰ μὴ κατὰ μέθεξιν ἀπέδωκε τὸ ἴδιον μηδὲ τὸ τί ἦν εἶναι δηλοῦν ἀντικατηγορουμένου τοῦ πράγματος ἔσται γὰρ ἴδιον τὸ κείμενον μὴ εἶναι ἴδιον Οἷον ἐπεὶ ὁ θεὶς ζῴου ἴδιον τὸ αἰσθάνεσθαι πεφυκὸς οὔτε κατὰ μέθεξιν ἀπέδωκεν ἴδιον οὔτε τὸ τί ἦν εἶναι δηλοῦν ἀντικατηγορουμένου τοῦ πράγματος εἴη ἂν ζῴου ἴδιον τὸ αἰσθάνεσθαι πεφυκός Ἔπειτ᾿ ἀνασκευάζοντα μὲν εἰ μὴ ἐνδέχεται ἅμα ὑπάρχειν τὸ ἴδιον ἀλλ᾿ ἢ ὕστερον ἢ πρότερον ἢ οὗ τοὔνομα οὐ γὰρ ἔσται ἴδιον τὸ κείμενον εἶναι ἴδιον ἢ οὐδέποτε ἢ οὐκ ἀεί Οἷον ἐπεὶ ἐνδέχεται καὶ πρότερόν τινι ὑπάρξαι καὶ ὕστερον τὸ βαδίζειν διὰ τῆς ἀγορᾶς ἢ τὸ ἄνθρωπος οὐκ ἂν εἴη τὸ βαδίζειν διὰ τῆς ἀγορᾶς τοῦ ἀνθρώπου ἴδιον ἢ οὐδέποτ᾿ ἢ οὐκ ἀεί Κατασκευάζοντα δὲ εἰ ἅμα ἐξ ἀνάγκης ἀεὶ ὑπάρχει μήτε ὅρος ὂν μήτε διαφορά ἔσται γὰρ ἴδιον τὸ κείμενον μὴ εἶναι ἴδιον Οἷον ἐπεὶ τὸ ζῷον ἐπιστήμης δεκτικὸν ἅμα ἐξ ἀνάγκης ἀεὶ ὑπάρχει καὶ τὸ ἄνθρωπος οὔτε διαφορὰ ὂν οὔθ᾿ ὅρος εἴη ἂν τὸ ζῷον ἐπιστήμης δεκτικὸν τοῦ ἀνθρώπου ἴδιον Ἔπειτ᾿ ἀνασκευάζοντα μὲν εἰ τῶν αὐτῶν ᾗ ταὐτά ἐστι μή ἐστι τὸ αὐτὸ ἴδιον οὐ γὰρ ἔσται ἴδιον τὸ κείμενον εἶναι ἴδιον Οἷον ἐπεὶ οὐκ ἔστι διωκτοῦ τὸ φαίνεσθαί τισιν ἀγαθὸν ἴδιον οὐδ᾿ ἂν αἱρετοῦ εἴη ἴδιον τὸ φαίνεσθαί τισιν ἀγαθόν ταὐτὸν γάρ ἐστι τὸ διωκτὸν καὶ τὸ αἱρετόν Κατασκευάζοντα δ᾿ εἰ τοῦ αὐτοῦ ᾗ ταὐτό ἐστι ταὐτὸ ἴδιον ἔσται γὰρ ἴδιον τὸ κείμενον μὴ εἶναι ἴδιον Οἷον ἐπεὶ ἀνθρώπου ᾗ ἄνθρωπός ἐστι λέγεται ἴδιον τὸ τριμερῆ ψυχὴν ἔχειν καὶ βροτοῦ ᾗ βροτός ἐστιν εἴη ἂν ἴδιον τὸ τριμερῆ ψυχὴν ἔχειν Χρήσιμος δ᾿ ὁ τόπος οὗτος καὶ ἐπὶ τοῦ συμβεβηκότος τοῖς γὰρ αὐτοῖς ᾗ ταὐτά ἐστι ταὐτὰ δεῖ ὑπάρχειν ἢ μὴ ὑπάρχειν Ἔπειτ᾿ ἀνασκευάζοντα μὲν εἰ τῶν αὐτῶν τῷ εἴδει μὴ ταὐτὸν ἀεὶ τῷ εἴδει τὸ ἴδιόν ἐστιν οὐδὲ γὰρ τοῦ εἰρημένου ἔσται ἴδιον τὸ κείμενον εἶναι ἴδιον Οἷον ἐπεὶ ταὐτόν ἐστι τῷ εἴδει ἄνθρωπος καὶ ἵππος οὐκ ἀεὶ δὲ τοῦ ἵππου ἐστὶν ἴδιον τὸ ἑστάναι ὑφ᾿ αὑτοῦ οὐκ ἂν εἴη τοῦ ἀνθρώπου ἴδιον τὸ κινεῖσθαι ὑφ᾿ αὑτοῦ ταὐτὸν γάρ ἐστι τῷ εἴδει τὸ κινεῖσθαι καὶ ἑστάναι ὑφ᾿ αὑτοῦ ᾗ ζῷόν ἐστιν ἑκατέρῳ αὐτῶν τῷ συμβεβηκέναι Κατασκευάζοντα δ᾿ εἰ τῶν αὐτῶν τῷ εἴδει ταὐτὸν ἀεὶ τὸ ἴδιον ἔσται γὰρ ἴδιον τὸ κείμενον μὴ εἶναι ἴδιον Οἷον ἐπεὶ ἀνθρώπου ἐστὶν ἴδιον τὸ εἶναι πεζὸν δίπουν καὶ ὄρνιθος ἂν εἴη ἴδιον τὸ εἶναι πτηνὸν δίπουν ἑκάτερον γὰρ τούτων ἐστὶ ταὐτὸν τῷ εἴδει ᾗ τὰ μὲν ὡς ὑπὸ τὸ αὐτὸ γένος ἐστὶν εἴδη ὑπὸ τὸ ζῷον ὄντα τὰ δὲ ὡς γένους διαφοραί τοῦ ζῴου Οὗτος δ᾿ ὁ τόπος ψευδής ἐστιν ὅταν τὸ μὲν ἕτερον τῶν λεχθέντων ἑνί τινι μόνῳ ὑπάρχῃ εἴδει τὸ δ᾿ ἕτερον πολλοῖς καθάπερ τὸ πεζὸν τετράπουν Ἐπεὶ δὲ τὸ ταὐτὸν καὶ τὸ ἕτερον πολλαχῶς λέγεται ἔργον ἐστὶ σοφιστικῶς λαμβάνοντι ἑνὸς ἀποδοῦναι καὶ μόνου τινὸς τὸ ἴδιον Τὸ γὰρ ὑπάρχον τινὶ ᾧ συμβέβηκέ τι καὶ τῷ συμβεβηκότι ὑπάρξει λαμβανομένῳ μετὰ τοῦ ᾧ συμβέβηκεν οἷον τὸ ὑπάρχον ἀνθρώπῳ καὶ λευκῷ ἀνθρώπῳ ὑπάρξει ἂν ᾖ λευκὸς ἄνθρωπος καὶ τὸ λευκῷ δὲ ἀνθρώπῳ ὑπάρχον καὶ ἀνθρώπῳ ὑπάρξει Διαβάλλοι δ᾿ ἄν τις τὰ πολλὰ τῶν ἰδίων τὸ ὑποκείμενον ἄλλο μὲν καθ᾿ αὑτὸ ποιῶν ἄλλο δὲ μετὰ τοῦ συμβεβηκότος οἷον ἄλλο μὲν ἄνθρωπον εἶναι λέγων ἄλλο δὲ λευκὸν ἄνθρωπον ἔτι δὲ ἕτερον ποιῶν τὴν ἕξιν καὶ τὸ κατὰ τὴν ἕξιν λεγόμενον Τὸ γὰρ τῇ ἕξει ὑπάρχον καὶ τῷ κατὰ τὴν ἕξιν λεγομένῳ ὑπάρξει καὶ τὸ τῷ κατὰ τὴν ἕξιν λεγομένῳ ὑπάρχον καὶ τῇ ἕξει ὑπάρξει Οἷον ἐπεὶ ὁ ἐπιστήμων κατὰ τὴν ἐπιστήμην λέγεται διακεῖσθαι οὐκ ἂν εἴη τῆς ἐπιστήμης ἴδιον τὸ ἀμετάπειστον ὑπὸ λόγου καὶ γὰρ ὁ ἐπιστήμων ἔσται ἀμετάπειστος ὑπὸ λόγου Κατασκευάζοντα δὲ ῥητέον ὅτι οὐκ ἔστιν ἕτερον ἁπλῶς τὸ ᾧ συμβέβηκε καὶ τὸ συμβεβηκὸς μετὰ τοῦ ᾧ συμβέβηκε λαμβανόμενον ἀλλ᾿ ἄλλο λέγεται τῷ ἕτερον εἶναι αὐτοῖς τὸ εἶναι οὐ ταὐτὸν γάρ ἐστιν ἀνθρώπῳ τε τὸ εἶναι ἀνθρώπῳ καὶ λευκῷ ἀνθρώπῳ τὸ εἶναι ἀνθρώπῳ λευκῷ Ἔτι δὲ θεωρητέον ἐστὶ παρὰ τὰς πτώσεις λέγοντα διότι οὔθ᾿ ὁ ἐπιστήμων ἔσται τὸ ἀμετάπειστον ὑπὸ λόγου ἀλλ᾿ ὁ ἀμετάπειστος ὑπὸ λόγου οὔθ᾿ ἡ ἐπιστήμη τὸ ἀμετάπειστον ὑπὸ λόγου ἀλλ᾿ ἡ ἀμετάπειστος ὑπὸ λόγου πρὸς γὰρ τὸν πάντως ἐνιστάμενον πάντως ἀντιτακτέον ἐστίν,مواضع اخري فالامر في ان الخاصة بالجملة تعم ما وضعت او تتبين مما وضعت بهذه الاشياء ينبغي ان ينظر فاما الامر في ان ماقيل خاصة او ليس بخاصة فمن هذه الاشياء ينبغي ان ننظر فيه والمواضع التي علي الاطلاق تصح الخاصة وتوجب انها وضعت وضعا جيدا هي والمواضع التي تحدث الخاصة تصير واحدة بعينها فستوصف في تيك وينبغي اولا للمبطل ان ينظر في كل واحد وصفت خاصته ان كان لا توجد ولا لواحد او ان كانت لا تصدق في هذا او ان لم تكن خاصة كل واحد منها ما يوجد في ذلك الذي وصفت خاصته فان الخاصة التي توضع هذا الوضع ليست بخاصة مثال ذلك انه لما كان ليس يصدق علي المهندس ان يقال فيه انه لا يغلطه القول فان المهندس قد ينخدع في الرسوم الكاذبة لم تكن خاصة العلم الا يغلطه القول فاما المصحح فينظر ان كان يصدق علي كل فقد يصدق علي هذا فان ما يوضع علي انه خاصة هو خاصة مثال ذلك انه لما كان قولنا حي قابل للعلم يصدق علي كل انسان وبما هو انسان صار قولنا حي قابل للعلم خاصة للانسان وهذا الموضع اما للمبطل فلينظر ان لم يكن ما يصدق عليه الاسم يصدق عليه القول ايضا وان لم يكن ما يصدق عليه القول يصدق عليه الاسم ايضا فاما المصحح فينظر ان كان ما يحمل عليه الاسم قد يحمل عليه القول ايضا وان كان ما يحمل عليه القول قد يحمل عليه الاسم ايضا وبعد ذلك فان المبطل ينظر ان لم يكن ما يقال عليه الاسم يقال عليه القول ايضا وان لم يكن ما يقال عليه القول يقال عليه الاسم ايضا فانه ما وضع انه خاصة بهذا الوجه لا يكون خاصة مثال ذلك انه لما كان قولنا حيوان قابل للعلم يصدق علي الملك ولم يكن يحمل علي الانسان لم يكن قولنا حي قابل للعلم خاصة للانسان فاما المصحح فينظر ان كان ما يحمل عليه الاسم قد يحمل عليه ايضا القول وان كان ما يحمل عليه القول يحمل عليه ايضا الاسم وذلك انه يصير خاصة ما وضع انه ليس بخاصة مثال ذلك انه لما كان ما يقال عليه ان له نفسا يصدق عليه انه حي وما يقال عليه انه حي يصدق عليه ان له نفسا صار قولنا له نفس خاصة للحي وبعد ذلك فان المبطل ينظر ان كان وصف الشء الموضوع خاصة للذي يقال في الموضوع وذلك انه لا يكون خاصة ما وضع انه خاصة مثال ذلك انه لما كان من جعل النار خاصة الطف اجزاءا قد جعل الموضوع خاصة للمحمول لم تكن النار خاصة الطف الاجسام اجزاءا ولذلك لا يكون الموضوع خاصة ما في الموضوع لان شيءا واحدا بعينه يصير خاصة لاشياء كثيرة مختلفة بالنوع وذلك ان الاشياء الكثيرة المختلفة بالنوع توجد لشء واحد بعينه مقولة عليه وحده يصير الموضوع خاصة لها كلها ان وضع الحاجة احد علي هذا الوجه واما المصحح فينظر ان كان جعل خاصة الموضوع ما في الموضوع فان ما وضع علي انه ليس بخاصة يصير خاصة ان حملت الخاصة كما وصفنا عليه وحده مثال ذلك انه لما كان من قال ان خاصة الارض انها اثقل الاجسام قد جعل الخاصة بصورة الموضوع مقولة علي الامر وحده ومحمولة كالخاصة صارت خاصة الارض موضوعة علي الصواب وبعد ذلك فان المبطل ينظر ان كان وصف الخاصة علي جهة المشاركة فان الموضوعة علي انها خاصة ليست تكون خاصة وذلك ان الذي يوجد علي جهة المشاركة ينتفع به في الانية وما جري هذا المجري فهو فصل ما محمول علي نوع واحد مثال ذلك انه لما كان من قال خاصة الانسان انه مشاء ذو رجلين جعل الخاصة علي جهة المشاركة لم تكن خاصة الانسان انه مشاء ذو رجلين فاما المصحح فينظر الا يكون جعل الخاصة علي جهة المشاركة والا يكون يدل علي الانية اذا رجعت بالتكافء في الحمل علي الامر وذلك ان ما وضع الا يكون خاصة يصير خاصة ومثال ذلك انه لما كان من وضع خاصة الحي ان من شانه ان يحس لم يضع الخاصة علي جهة المشاركة ولا دالة علي الانية اذا رجعت بالتكافء في الحمل علي الامر صار قولنا من شانه ان يحس خاصة للحي وبعد ذلك فان المبطل ينظر ان كان يمكن الا تكون الخاصة معا لكن تكون اما متاخرة او متقدمة للاسم فان الموضوع ليكون خاصة لا يكون خاصة لانها بعينها اما اولا في وقت من الاوقات واما ليس داءما مثال ذلك انه لما كان يمكن ان يكون المشي في السوق يوجد لانسان ما متقدما ومتاخرا عن الانسان لم يكن قولنا يمشي في السوق خاصة للانسان اما ولا في وقت من الاوقات واما ليس داءما فاما المصحح فينظر ان كان يمكن ان يوجد معا من الاضطرار داءما من غير ان يكون حدا او فصلا لانه يصير ما وضع الا يكون خاصة خاصة مثال ذلك انه لما كان قولنا حي قابل للعلم وقولنا الانسان يوجدان معا من الاضطرار داءما من غير ان يكونا حدا او فصلا صار قولنا حي قابل للعلم خاصة للانسان وبعد ذلك فان المبطل ينظر الا يكون شء واحد بعينه خاصة لاشياء واحدة بعينها بما هي واحدة بعينها فان الموضوع عند ذلك ليكون خاصة لا يكون خاصة مثال ذلك انه لما كان قولنا ما يظهر لبعض الناس انه خير ليس خاصة للشء المطلوب لم يكن قولنا ما يظهر لبعض الناس انه خير خاصة للماثور وذلك ان المطلوب والماثور شء واحد فاما المصحح فينظر ان كان شء واحد بعينه لشء واحد بعينه بما هو واحد بعينه خاصة فان بهذا الوجه يصير ما وضع علي انه ليس بخاصة خاصة مثال ذلك انه لما كان يقال ان خاصة الانسان بما هو انسان ان نفسه ذات ثلاثة اجزاء صارت خاصة المرء بما هو مرء ان نقسمه ثلاثة اجزاء وهذا الموضع نافع ايضا في العرض لان اشياء بعينها بما هي واحدة بعينها توجد لاشياء هي واحدة بعينها وبعد ذلك فان المبطل ينظر الا تكون الخاصة واحدة بعينهاابدا واحدة بالنوع لاشياء واحدة بعينها بالنوع لان الموضوع ليكون خاصة لا يكون خاصة الشء الموصوف مثال ذلك انه لما كان الانسان والفرس شيءا واحدا بالنوع ولم تكن خاصة الفرس داءما ان يقف من تلقاء نفسه لم تكن خاصة الانسان داءما ان يتحرك من تلقاء نفسه لان الوقوف والحركة من تلقاء النفس شء واحد بالنوع وذلك ان كل واحد منهما عرض للحي واما المصحح فينظر ان كانت الخاصية الواحدة بعينها في النوع لاشياء واحدة بعينها في النوع فان بهذا الوجه يكون خاصة ما وضع الا يكون خاصة مثال ذلك انه لما كانت خاصة الانسان انه مشاء ذو رجلين صارت خاصة الطاءر انه طاءر ذو رجلين لان كل واحد منها بعينه في النوع او يكون بعضها بمنزلة انواع تحت جنس واحد هو الحي وبعضها بمنزلة فصول جنس الحي وهذا الموضع يكذب اذا كان احد الشيءين الموصوفين يوجد في نوع واحد فقط والاخر في انواع كثيرة بمنزلة ما ان المشاء ذو اربع ولما كان الواحد بعينه والغير يقالان علي انحاء كثيرة صار المغالط يجعل الخاصة لشء واحد فقط وذلك ان الذي يوجد لشء فقد يوجد للذي يعرض له وللعرض اذا اخذ معه الذي له عرض مثال ذلك ان الخاصة التي توجد للانسان قد توجد للانسان الابيض بما هو انسان ابيض والذي يوجد للانسان الابيض قد يوجد للانسان وقد يمكن الانسان ان يصحح امثال هذه من الخواص بان يجعل الموضوع نفسه شيءا ويجعله علي العرض شيءا اخر مثال ذلك اذا قال ان الانسان شء وان الانسان الابيض شء اخر غيره وايضا اذا جعل الملكة شيءا اخر وقد يتهيا ان يزيف مزيف امثال هذه من الخواص اذا جعل الملكة غير ما يقال بالملكة وذلك ان الذي يوجد للملكة قد يوجد لما يقال بالملكة ايضا والذي يوجد لما يقال بالملكة قد يوجد للملكة ايضا مثال ذلك انه لما كان العالم يقال بالعلم ان له حالا ما لم تكن خاصة العلم ان التصديق به لا يتغير لان العلم يصير لا يزول التصديق به من القول فاما المصحح فينبغي له ان يقول انه ليس العرض والشء الذي يعرض له واحدا بعينه اذا اخذ مع الذي يعرض له لكن احدهما عن الاخر من طريق ان انيتهما مختلفة وذلك انه ليس ان يكون الانسان انسانا وان يكون انسانا ابيض شيءا واحدا بعينه وينبغي ايضا ان ننظر في التصاريف لان العلم ليس هو ما لا يزول تصديقه من القول لكن الانسان الذي لا يزول عنه التصديق من القول ولا العلم ايضا ما لا يزول تصديقه من القول لكن الذي لا يزول تصديقه من القول لان المقاومة لا محالة انما يجب ان تكون سبب من هو لا محالة معاند,5,4
Ἔπειτ᾿ ἀνασκευάζοντα μὲν εἰ τὸ φύσει ὑπάρχον βουλόμενος ἀποδοῦναι τοῦτον τὸν τρόπον τίθησι τῇ λέξει ὥστε τὸ ἀεὶ ὑπάρχον σημαίνειν δόξειε γὰρ ἂν κινεῖσθαι τὸ κείμενον εἶναι ἴδιον Οἷον ἐπεὶ ὁ εἴπας ἀνθρώπου ἴδιον τὸ δίπουν βούλεται μὲν τὸ φύσει ὑπάρχον ἀποδιδόναι σημαίνει δὲ τῇ λέξει τὸ ἀεὶ ὑπάρχον οὐκ ἂν εἴη ἀνθρώπου ἴδιον τὸ δίπουν οὐ γὰρ πᾶς ἄνθρωπός ἐστι δύο πόδας ἔχων Κατασκευάζοντα δ᾿ εἰ βούλεται τὸ φύσει ὑπάρχον ἴδιον ἀποδιδόναι καὶ τῇ λέξει τοῦτον τὸν τρόπον σημαίνει οὐ γὰρ κινήσεται κατὰ τοῦτο τὸ ἴδιον Οἷον ἐπεὶ ὁ ἀνθρώπου ἴδιον ἀποδιδοὺς τὸ ζῷον ἐπιστήμης δεκτικὸν καὶ βούλεται καὶ τῇ λέξει σημαίνει τὸ φύσει ὑπάρχον ἴδιον οὐκ ἂν κινοῖτο κατὰ τοῦτο ὡς οὐκ ἔστιν ἀνθρώπου ἴδιον τὸ ζῷον ἐπιστήμης δεκτικόν Ἔτι ὅσα λέγεται ὡς κατ᾿ ἄλλο τι πρῶτον ἢ ὡς πρῶτον αὐτό ἔργον ἐστὶν ἀποδοῦναι τῶν τοιούτων τὸ ἴδιον ἐὰν μὲν γὰρ τοῦ κατ᾿ ἄλλο τι ἴδιον ἀποδῷς καὶ κατὰ τοῦ πρώτου ἀληθεύσεται ἐὰν δὲ τοῦ πρώτου θῇς καὶ τοῦ κατ᾿ ἄλλο κατηγορηθήσεται Οἷον ἐὰν μέν τις ἐπιφανείας ἴδιον ἀποδῷ τὸ κεχρῶσθαι καὶ κατὰ σώματος ἀληθεύσεται τὸ κεχρῶσθαι ἐὰν δὲ σώματος καὶ κατ᾿ ἐπιφανείας κατηγορηθήσεται Ὥστε οὐ καθ᾿ οὗ ὁ λόγος καὶ τοὔνομα ἀληθεύσεται Συμβαίνει δ᾿ ἐν ἐνίοις τῶν ἰδίων ὡς ἐπὶ τὸ πολὺ γίνεσθαί τινα ἁμαρτίαν παρὰ τὸ μὴ διορίζεσθαι πῶς καὶ τίνων τίθησι τὸ ἴδιον Ἅπαντες γὰρ ἐπιχειροῦσιν ἀποδιδόναι τὸ ἴδιον ἢ τὸ φύσει ὑπάρχον καθάπερ ἀνθρώπου τὸ δίπουν ἢ τὸ ὑπάρχον καθάπερ ἀνθρώπου τινὸς τὸ τέτταρας δακτύλους ἔχειν ἢ εἴδει καθάπερ πυρὸς τὸ λεπτομερέστατον ἢ ἁπλῶς καθάπερ ζῴου τὸ ζῆν ἢ κατ᾿ ἄλλο καθάπερ ψυχῆς τὸ φρόνιμον ἢ ὡς τὸ πρῶτον καθάπερ λογιστικοῦ τὸ φρόνιμον ἢ ὡς τῷ ἔχειν καθάπερ ἐπιστήμονος τὸ ἀμετάπειστον ὑπὸ λόγου οὐδὲν γὰρ ἕτερον ἢ τῷ ἔχειν τι ἔσται ἀμετάπειστος ὑπὸ λόγου ἢ τῷ ἔχεσθαι καθάπερ ἐπιστήμης τὸ ἀμετάπειστον ὑπὸ λόγου ἢ τῷ μετέχεσθαι καθάπερ ζῴου τὸ αἰσθάνεσθαι αἰσθάνεται μὲν γὰρ καὶ ἄλλο τι οἷον ἄνθρωπος ἀλλὰ μετέχον ἤδη τοῦτο αἰσθάνεται ἢ τῷ μετέχειν καθάπερ τοῦ τινὸς ζῴου τὸ ζῆν Μὴ προσθεὶς μὲν οὖν τὸ φύσει ἁμαρτάνει διότι ἐνδέχεται τὸ φύσει ὑπάρχον μὴ ὑπάρχειν ἐκείνῳ ᾧ φύσει ὑπάρχει καθάπερ ἀνθρώπῳ τὸ δύο πόδας ἔχειν Μὴ διορίσας δ᾿ ὅτι τὸ ὑπάρχον ἀποδίδωσιν ὅτι οὐκ ἔσται τοιοῦτον οἷον νῦν ὑπάρχει ἐκεῖνο καθάπερ τὸ τέτταρας δακτύλους ἔχειν τὸν ἄνθρωπον Μὴ δηλώσας δὲ διότι ὡς πρῶτον ἢ ὡς κατ᾿ ἄλλο τίθησιν ὅτι οὐ καθ᾿ οὗ ὁ λόγος καὶ τοὔνομα ἀληθεύσεται καθάπερ τὸ κεχρῶσθαι εἴτε τῆς ἐπιφανείας εἴτε τοῦ σώματος ἀποδοθὲν ἴδιον Μὴ προείπας δὲ διότι ἢ τῷ ἔχειν ἢ τῷ ἔχεσθαι τὸ ἴδιον ἀποδέδωκε διότι οὐκ ἔσται ἴδιον ὑπάρξει γάρ ἐὰν μὲν τῷ ἔχεσθαι ἀποδιδῷ τὸ ἴδιον τῷ ἔχοντι ἐὰν δὲ τῷ ἔχοντι τῷ ἐχομένῳ καθάπερ τὸ ἀμετάπειστον ὑπὸ λόγου τῆς ἐπιστήμης ἢ τοῦ ἐπιστήμονος τεθὲν ἴδιον Μὴ προσσημήνας δὲ τῷ μετέχειν ἢ τῷ μετέχεσθαι ὅτι καὶ ἄλλοις τισὶν ὑπάρξει τὸ ἴδιον ἐὰν μὲν γὰρ τῷ μετέχεσθαι ἀποδῷ τοῖς μετέχουσιν ἐὰν δὲ τῷ μετέχειν τοῖς μετεχομένοις καθάπερ εἰ τοῦ τινὸς ζῴου ἢ τοῦ ζῴου τιθείη τὸ ζῆν ἴδιον Μὴ διαστείλας δὲ τὸ τῷ εἴδει ὅτι ἑνὶ μόνῳ ὑπάρξει τῶν ὑπὸ τοῦτο ὄντων οὗ τὸ ἴδιον τίθησι τὸ γὰρ καθ᾿ ὑπερβολὴν ἑνὶ μόνῳ ὑπάρχει καθάπερ τοῦ πυρὸς τὸ κουφότατον Ἐνίοτε δὲ καὶ τὸ τῷ εἴδει προσθεὶς διήμαρτεν Δεήσει γὰρ ἓν εἶδος εἶναι τῶν λεχθέντων ὅταν τὸ τῷ εἴδει προστεθῇ τοῦτο δ᾿ ἐπ᾿ ἐνίων οὐ συμπίπτει καθάπερ οὐδ᾿ ἐπὶ τοῦ πυρός Οὐ γὰρ ἐστιν ἓν εἶδος τοῦ πυρός ἕτερον γάρ ἐστι τῷ εἴδει ἄνθραξ καὶ φλὸξ καὶ φῶς ἕκαστον αὐτῶν πῦρ ὄν Διὰ τοῦτο δ᾿ οὐ δεῖ ὅταν τῷ εἴδει προστεθῇ ἕτερον εἶναι εἶδος τοῦ λεχθέντος ὅτι τοῖς μὲν μᾶλλον τοῖς δ᾿ ἧττον ὑπάρξει τὸ λεχθὲν ἴδιον καθάπερ ἐπὶ τοῦ πυρὸς τὸ λεπτομερέστατον λεπτομερέστερον γάρ ἐστι τὸ φῶς τοῦ ἄνθρακος καὶ τῆς φλογός Τοῦτο δ᾿ οὐ δεῖ γίνεσθαι ὅταν μὴ καὶ τὸ ὄνομα μᾶλλον κατηγορῆται καθ᾿ οὗ ὁ λόγος μᾶλλον ἀληθεύεται εἰ δὲ μή οὐκ ἔσται καθ᾿ οὗ ὁ λόγος μᾶλλον καὶ τοὔνομα μᾶλλον Ἔτι δὲ πρὸς τούτοις ταὐτὸν εἶναι συμβήσεται τὸ ἴδιον τοῦ τε ἁπλῶς καὶ τοῦ μάλιστα ὄντος ἐν τῷ ἁπλῶς τοιούτῳ καθάπερ ἐπὶ τοῦ πυρὸς ἔχει τὸ λεπτομερέστατον καὶ γὰρ τοῦ φωτὸς ἔσται ταὐτὸ τοῦτο ἴδιον λεπτομερέστατον γάρ ἐστι τὸ φῶς Ἄλλου μὲν οὖν οὕτως ἀποδιδόντος τὸ ἴδιον ἐπιχειρητέον αὐτῷ δ᾿ οὐ δοτέον ἐστὶ ταύτην τὴν ἔνστασιν ἀλλ᾿ εὐθὺς τιθέμενον τὸ ἴδιον διοριστέον ὃν τρόπον τίθησι τὸ ἴδιον Ἔπειτ᾿ ἀνασκευάζοντα μὲν εἰ αὐτὸ αὑτοῦ ἴδιον ἔθηκεν οὐ γὰρ ἔσται ἴδιον τὸ κείμενον εἶναι ἴδιον Αὐτὸ γὰρ αὑτῷ πᾶν τὸ εἶναι δηλοῖ τὸ δὲ τὸ εἶναι δηλοῦν οὐκ ἴδιον ἀλλ᾿ ὅρος ἐστίν Οἷον ἐπεὶ ὁ εἴπας καλοῦ τὸ πρέπον ἴδιον εἶναι αὐτὸ ἑαυτοῦ ἴδιον ἀπέδωκε ταὐτὸν γάρ ἐστι τὸ καλὸν καὶ πρέπον οὐκ ἂν εἴη τὸ πρέπον τοῦ καλοῦ ἴδιον Κατασκευάζοντα δὲ εἰ μὴ αὐτὸ μὲν αὑτοῦ ἴδιον ἀπέδωκεν ἀντικατηγορούμενον δ᾿ ἔθηκεν ἔσται γὰρ ἴδιον τὸ κείμενον μὴ εἶναι ἴδιον Οἷον ἐπεὶ ὁ θεὶς ζῴου ἴδιον τὸ οὐσία ἔμψυχος οὐκ αὐτὸ μὲν αὑτοῦ ἴδιον ἔθηκεν ἀντικατηγορούμενον δ᾿ ἀποδέδωκεν εἴη ἂν ἴδιον τοῦ ζῴου τὸ οὐσία ἔμψυχος Ἔπειτ᾿ ἐπὶ τῶν ὁμοιομερῶν σκεπτέον ἐστὶν ἀνασκευάζοντα μὲν εἰ τὸ τοῦ συνόλου ἴδιον μὴ ἀληθεύεται κατὰ τοῦ μέρους ἢ εἰ τὸ τοῦ μέρους μὴ λέγεται κατὰ τοῦ σύμπαντος οὐ γὰρ ἔσται ἴδιον τὸ κείμενον ἴδιον εἶναι Συμβαίνει δ᾿ ἐπ᾿ ἐνίων τοῦτο γίνεσθαι ἀποδοίη γὰρ ἄν τις ἐπὶ τῶν ὁμοιομερῶν ἴδιον ἐνίοτε μὲν ἐπὶ τὸ σύμπαν βλέψας ἐνίοτε δ᾿ ἐπὶ τὸ κατὰ μέρος λεγόμενον αὐτὸς αὑτὸν ἐπιστήσας ἔσται δ᾿ οὐδέτερον ὀρθῶς ἀποδεδομένον Οἷον ἐπὶ μὲν τοῦ σύμπαντος ἐπεὶ ὁ εἴπας θαλάττης ἴδιον τὸ πλεῖστον ὕδωρ ἁλμυρὸν ὁμοιομεροῦς μέν τινος ἔθηκε τὸ ἴδιον τοιοῦτον δ᾿ ἀπέδωκεν ὃ οὐκ ἀληθεύεται κατὰ τοῦ μέρους οὐ γάρ ἐστιν ἡ τὶς θάλαττα τὸ πλεῖστον ὕδωρ ἁλμυρόν οὐκ ἂν εἴη τῆς θαλάττης ἴδιον τὸ πλεῖστον ὕδωρ ἁλμυρόν Ἐπὶ δὲ τοῦ μέρους οἷον ἐπεὶ ὁ θεὶς ἀέρος ἴδιον τὸ ἀναπνευστὸν ὁμοιομεροῦς μέν τινος εἴρηκε τὸ ἴδιον τοιοῦτον δ᾿ ἀπέδωκεν ὃ κατὰ τοῦ τινὸς ἀέρος ἀληθεύεται κατὰ δὲ τοῦ σύμπαντος οὐ λέγεται οὐ γάρ ἐστιν ὁ σύμπας ἀναπνευστός οὐκ ἂν εἴη τοῦ ἀέρος ἴδιον τὸ ἀναπνευστόν Κατασκευάζοντα δὲ εἰ ἀληθεύεται μὲν καθ᾿ ἑκάστου τῶν ὁμοιομερῶν ἔστι δ᾿ ἴδιον αὐτῶν κατὰ τὸ σύμπαν ἔσται γὰρ ἴδιον τὸ κείμενον μὴ εἶναι ἴδιον Οἷον ἐπεὶ ἀληθεύεται κατὰ πάσης τῆς γῆς τὸ κάτω φέρεσθαι κατὰ φύσιν ἔστι δὲ τοῦτο ἴδιον καὶ τῆς τινὸς γῆς κατὰ τὴν γῆν εἴη ἂν τῆς γῆς ἴδιον τὸ κάτω φέρεσθαι κατὰ φύσιν,مواضع اخري وبعد ذلك فان المبطل اذا اراد ان يصف الشء الموجود بالطبع فانه يصفه باللفظ وصفا يدل علي انه موجود داءما وذلك انه يظن ان الذي وضع ان يكون خاصة ينفسخ مثال ذلك انه لما كان من قال ان خاصة الانسان انه ذو رجلين يريد ان يجعل الموجود بالطبع خاصة الا انه يدل باللفظ علي الموجود داءما لم يكن ذو الرجلين خاصة للانسان وذلك انه ليس كل انسان له رجلان فاما المصحح فينظر ان كان يريد ان يجعل الموجود بالطبع خاصة فيدل عليه باللفظ انه بهذه الحال ايضا فان بهذا الوجه ليس تنفسخ الخاصة مثال ذلك انه لما كان من جعل خاصة الانسان انه حي قابل للعلم يريد ان يدل باللفظ ايضا علي ان الموجود بالطبع خاصة لم يبطل بهذا الوجه ان خاصة الانسان حي قابل للعلم وايضا ما يقال علي انه اول لغيره او علي انه هو اول فقد يمكن ان يجعلها خاصة وذلك انك ان جعلت الخاصة لما هو بغيره فقد يصدق علي الاول ايضا وان انت جعلتها الاول كانت تحمل علي ما هو بغيره مثال ذلك انه ان جعل احد خاصة السطح التلون فقد يصدق التلون علي الجسم ايضا وان جعله للجسم حمل علي الطسح ايضا فيجب من ذلك الا يكون ما يصدق عليه القول يصدق عليه الاسم ايضا وقد يعرض في بعض الخواص علي اكثر الامر خطا ما من قبل انه لا يميز كيف توضع الخاصة ولماذا توضع وذلك ان الجميع يرومون ان يجعلوا الخاصة اماما يوجد بالطبع بمنزلة ذي الرجلين للانسان او ما يوجد بمنزلة وجود الاربع الاصابع لانسان ما او ما يوجد بالصورة بمنزلة قولنا الطف الاجسام اجزاءا للنار او ما يءخذ علي الاطلاق بمنزلة قولنا يحيا للحي او ما يءخذ باخر بمنزلة الفهم للنفس او ما يءخذ علي انه اول بمنزلة الفهم الجيد للجزء الفكري من النفس او ما يوجد علي انه اقتناء بمنزلة ما للعالم انه لا يزول ما صدق به من القول وذلك انه ليس يصير لا يزول ما يصدق به من القول بشء من الاشياء الا بان يقتني شيءا او ما يوجد علي انه يقتني بمنزلة ما يوجد للعلم الا يزول تصديقه من القول او يوجد بان ينال بمنزلة الاحساس للحي وذلك انه قد يحس شء اخر بمنزلة الانسان ولكن هذا انما يحس بانه ينال بمنزلة قولنا يحيا لحيوان ما فلما كان هذا هكذا صار متي لم يضف الي ذلك بالطبع اخطا لانه يمكن ان يكون ما يوجد بالطبع لا يوجد في ذلك الشء الذي يوجد له بالطبع بمنزلة ما يوجد للانسان ان له رجلين واذا لم يلخص انه انما وصف مايوجد لانه لا يكون موجودا لذلك الشء في الزمان الحاضر بمنزلة الاربع الاصابع للانسان واما اذا لم يبين انه انما يضعه علي انه اول او علي انه بغيره لانه ليس ما يصدق عليه القول فقد يصدق عليه الاسم ايضا بمنزلة ما يجعل اللون خاصة للسطح او للجسم واذا لم يتقدم فيقول انه انما جعل الخاصة بما يقتني او بما يقتني لانها ليست تكون خاصة وذلك ان الخاصة انما وصفت بما يقتني فهي توجد للذي يقتني فان وضعت بما يقتني فهي توجد للمقتني بمنزلة ما يوضع خاصة العلم او العالم ان تصديقه لا يزول من القول واذا لم يتقدم فيعلم انه يوجد بان ينال او ينال لان الخاصة توجد لاشياء اخر وذلك انه ان وصفها بان لا تنال كانت توجد لماينالها وان وصفها بان تنال كانت توجد لما ينيله بمنزلة ما ان وضع ان خاصة الحي اوحي ما انه يحيا واذا لم يميز ما بالنوع لانه قد يوجد لواحد فقط مما يوجد تحت هذا الذي يضع خاصته لانه ما كان بافراط فاما يوجد لواحد فقط بمنزلة ما يقال في النار انها اخف الاشياء وربما اخطا الذي يضيف الي النوع وذلك ان يحتاج ان يكون نوعا واحدا من الاشياء اذا اضاف الي النوع وفي بعض الاشياء لا يعرض هذا كما يعرض في النار لان نوع النار ليس هو واحدا وذلك ان الحمرة والضوء واللهيب مختلفة في النوع وكل واحد منها نار ولذلك لا ينبغي اذا اضاف الي النوع ان يكون نوع الموصوف مختلفا لان الخاصة الموصوفة يكون لبعضها يوجد اكبر ولبعضها اقل كما يوجد في النار قولنا الطف الاجسام وذلك ان الضوء الطف من الحمرة ومن اللهيب وهذا ف ليس ينبغي ان يكون اذا لم يكن الاسم يحمل اكثر علي ما يصدق عليه القول اكثر وان لم يكن كذلك ما يصدق عليه القول اكثر يحمل عليه الاسم اكثر ومع هذا ايضا فيعوض ان تكون خاصة ما هو علي الاطلاق وما هو اكثر شيءا واحدا بعينه فيما هو كذلك علي الاطلاق بمنزلة قولنا في النار الطف الاجسام وذلك ان هذه الخاصة تصير واحدة بعينها للنار مطلقا وللضوء وذلك ان الضوء الطف فاذا وصف اخر الخاصة بهذا الوجه فينبغي ان يحتج عليه فاما انت فلا ينبغي ان تسلم هذا العناد ولكن اذاوضعت الخاصة فينبغي علي المكان ان يميزالحال التي وضعت عليها الخاصة وبعد ذلك فان المبطل ينظر ان كان وضع الشء خاصة لنفسه وذلك ان بهذا الوجه لا تكون خاصة ما وضع فتكون خاصة فان كل شء هو لنفسه يدل علي انيته والدال علي الانية ليس هو بخاصة لاحد مثال ذلك انه لما كان من قال ان الجميل هو اللاءق قد جعل الشء خاصة لنفسه اذ كان الجميل واللاءق شيءا احدا لم يكن اللاءق خاصة للجميل فاما المصحح فينظر الا يكون جعل الشء خاصة لنفسه وجعله يرجع عليه بالتكافء في الحمل فان بهذا الوجه يصير خاصة ما وضع الا يكون خاصة مثال ذلك انه لما كان من وضع ان خاصة الحي انه جوهر متنفس لم يجعله خاصة لنفسه وجعله راجعا بالتكافء في الحمل صارت خاصة الحي انه جوهر متنفس وبعد ذلك فينبغي ان ننظر في المتشابهة الاجزاء فان المبطل ينظر ان كانت خاصة الجملة الا تصدق علي الجزء او ان كانت خاصة الجزء لا تقال علي الجملة فان ما وضع ان يكون خاصة لا يكون خاصة وفي بعض الاشياء يعرض ان يكون هذا وذلك ان للانسان ان يجعل الخاصة في الاشياء المتشابهة الاجزاء مرة اذا نظر الي الجملة ومرة اذا وقعت نفسه علي ما يقال علي الجزء فيصير لا واحد منهما موصوفا علي الصواب مثال ذلك اما في الجملة فمن قال ان خاصة البحر ان اكثر ماءه مالح فقد وصف خاصة شء ما بتشابه الاجزاء ووضع ما لا يصدق علي الجزء وذلك انه ليس اي جزء كان فاكثر ماءه مالح فليس خاصة البحر اذا ان اكثر ماءه مالح فاما في الجزء فمثاله انه لما كان من وضع خاصة الهواء انه مستنشق فقد قال خاصة شء ما متشابه الاجزاء ووصف خاصة تصدق علي الجزء ولا تقال علي الجملة وذلك انه ليس جملة الهواء متنفسا فليس خاصة الهواء اذا انه مستنشق فاما المصحح فينظر ان كانت تصدق علي كل واحد من المتشابهة الاجزاء وهي خاصة لها من قبل انها في الجملة فان بهذا الوجه يقيد خاصة ما وضع الا يكون خاصة مثال ذلك انه ان يصدق علي كل ارض انها تتحرك الي اسفل بالطبع وكان هذا خاصة لارض ما بما هي ارض فخاصة الارض الميل الي السفل بالطبع,5,5
Ἔπειτ᾿ ἐκ τῶν ἀντικειμένων σκεπτέον ἐστὶ πρῶτον μὲν ἐκ τῶν ἐναντίων ἀνασκευάζοντα μὲν εἰ τοῦ ἐναντίου μή ἐστι τὸ ἐναντίον ἴδιον οὐδὲ γὰρ τοῦ ἐναντίου ἔσται τὸ ἐναντίον ἴδιον Οἷον ἐπεὶ ἐναντίον ἐστὶ δικαιοσύνῃ μὲν ἀδικία τῷ βελτίστῳ δὲ τὸ χείριστον οὐκ ἔστι δὲ τῆς δικαιοσύνης ἴδιον τὸ βέλτιστον οὐκ ἂν εἴη τῆς ἀδικίας ἴδιον τὸ χείριστον Κατασκευάζοντα δὲ εἰ τοῦ ἐναντίου τὸ ἐναντίον ἴδιόν ἐστιν καὶ γὰρ τοῦ ἐναντίου τὸ ἐναντίον ἴδιον ἔσται Οἷον ἐπεὶ ἐναντίον ἐστὶν ἀγαθῷ μὲν κακόν αἱρετῷ δὲ φευκτόν ἔστι δὲ τοῦ ἀγαθοῦ ἴδιον τὸ αἱρετόν εἴη ἂν κακοῦ ἴδιον τὸ φευκτόν Δεύτερον δ᾿ ἐκ τῶν πρός τι ἀνασκευάζοντα μὲν εἰ τὸ πρός τι τοῦ πρός τι μή ἐστιν ἴδιον οὐδὲ γὰρ τὸ πρός τι τοῦ πρός τι ἔσται ἴδιον Οἷον ἐπεὶ λέγεται διπλάσιον μὲν πρὸς ἥμισυ ὑπερέχον δὲ πρὸς ὑπερεχόμενον οὐκ ἔστι δὲ τοῦ διπλασίου τὸ ὑπερέχον ἴδιον οὐκ ἂν εἴη τοῦ ἡμίσεος τὸ ὑπερεχόμενον ἴδιον Κατασκευάζοντα δὲ εἰ τοῦ πρός τι τὸ πρὸς τί ἐστιν ἴδιον καὶ γὰρ τοῦ πρός τι τὸ πρός τι ἔσται ἴδιον Οἷον ἐπεὶ λέγεται τὸ μὲν διπλάσιον πρὸς τὸ ἥμισυ τὰ δὲ δύο πρὸς ἕν ἔστι δὲ τοῦ διπλασίου ἴδιον τὸ ὡς δύο πρὸς ἕν εἴη ἂν τοῦ ἡμίσεος ἴδιον τὸ ὡς ἓν πρὸς δύο Τρίτον ἀνασκευάζοντα μὲν εἰ τῆς ἕξεως τὸ καθ᾿ ἕξιν λεγόμενον μή ἐστιν ἴδιον οὐδὲ γὰρ τῆς στερήσεως τὸ κατὰ στέρησιν λεγόμενον ἔσται ἴδιον Κἂν εἰ δὲ τῆς στερήσεως τὸ κατὰ στέρησιν λεγόμενον μή ἐστιν ἴδιον οὐδὲ τῆς ἕξεως τὸ κατὰ τὴν ἕξιν λεγόμενον ἴδιον ἔσται Οἷον ἐπεὶ οὐ λέγεται τῆς κωφότητος ἴδιον τὸ ἀναισθησίαν εἶναι οὐδ᾿ ἂν τῆς ἀκούσεως εἴη ἴδιον τὸ αἴσθησιν εἶναι Κατασκευάζοντα δὲ εἰ τὸ καθ᾿ ἕξιν λεγόμενόν ἐστι τῆς ἕξεως ἴδιον καὶ γὰρ τῆς στερήσεως τὸ κατὰ στέρησιν λεγόμενον ἔσται ἴδιον Κἂν εἰ τῆς στερήσεως τὸ κατὰ στέρησιν λεγόμενον ἔστιν ἴδιον καὶ τῆς ἕξεως τὸ καθ᾿ ἕξιν λεγόμενον ἔσται ἴδιον Οἷον ἐπεὶ τῆς ὄψεώς ἐστιν ἴδιον τὸ βλέπειν καθὸ ἔχομεν ὄψιν εἴη ἂν τῆς τυφλότητος ἴδιον τὸ μὴ βλέπειν καθὸ οὐκ ἔχομεν ὄψιν πεφυκότες ἔχειν Ἔπειτα ἐκ τῶν φάσεων καὶ τῶν ἀποφάσεων πρῶτον μὲν ἐξ αὐτῶν τῶν κατηγορουμένων Ἔστι δ᾿ ὁ τόπος οὗτος χρήσιμος ἀνασκευάζοντι μόνον Οἷον εἰ ἡ φάσις ἢ τὸ κατὰ τὴν φάσιν λεγόμενον αὐτοῦ ἴδιόν ἐστιν οὐ γὰρ ἔσται αὐτοῦ ἡ ἀπόφασις οὐδὲ τὸ κατὰ τὴν ἀπόφασιν λεγόμενον ἴδιον Κἂν εἰ δ᾿ ἡ ἀπόφασις ἢ τὸ κατὰ τὴν ἀπόφασιν λεγόμενόν ἐστιν αὐτοῦ ἴδιον οὐκ ἔσται ἡ φάσις οὐδὲ τὸ κατὰ τὴν φάσιν λεγόμενον ἴδιον οἷον ἐπεὶ τοῦ ζῴου ἐστὶν ἴδιον τὸ ἔμψυχον οὐκ ἂν εἴη τοῦ ζῴου ἴδιον τὸ οὐκ ἔμψυχον Δεύτερον δ᾿ ἐκ τῶν κατηγορουμένων ἢ μὴ κατηγορουμένων καὶ καθ᾿ ὧν κατηγορεῖται ἢ μὴ κατηγορεῖται ἀνασκευάζοντα μὲν εἰ ἡ φάσις τῆς φάσεως μή ἐστιν ἴδιον οὐδὲ γὰρ ἡ ἀπόφασις τῆς ἀποφάσεως ἔσται ἴδιον Κἂν εἰ δ᾿ ἡ ἀπόφασις τῆς ἀποφάσεως μή ἐστιν ἴδιον οὐδ᾿ ἡ φάσις τῆς φάσεως ἔσται ἴδιον Οἷον ἐπεὶ οὐκ ἔστι τοῦ ἀνθρώπου ἴδιον τὸ ζῷον οὐδ᾿ ἂν τοῦ μὴ ἀνθρώπου εἴη ἴδιον τὸ μὴ ζῷον Κἂν εἰ δὲ τοῦ μὴ ἀνθρώπου φαίνηται μὴ ἴδιον τὸ μὴ ζῷον οὐδὲ τοῦ ἀνθρώπου ἔσται ἴδιον τὸ ζῷον Κατασκευάζοντα δ᾿ εἰ τῆς φάσεως ἡ φάσις ἐστὶν ἴδιον καὶ γὰρ τῆς ἀποφάσεως ἡ ἀπόφασις ἔσται ἴδιον Κἂν εἰ δὲ τῆς ἀποφάσεως ἡ ἀπόφασίς ἐστιν ἴδιον καὶ ἡ φάσις τῆς φάσεως ἔσται ἴδιον Οἷον ἐπεὶ τοῦ μὴ ζῴου ἴδιόν ἐστι τὸ μὴ ζῆν εἴη ἂν τοῦ ζῴου ἴδιον τὸ ζῆν κἂν εἰ δὲ τοῦ ζῴου φαίνηται ἴδιον τὸ ζῆν καὶ τοῦ μὴ ζῴου φανεῖται ἴδιον τὸ μὴ ζῆν Τρίτον δὲ ἐξ αὐτῶν τῶν ὑποκειμένων ἀνασκευάζοντα μὲν εἰ τὸ ἀποδεδομένον ἴδιον τῆς φάσεώς ἐστιν ἴδιον οὐ γὰρ ἔσται τὸ αὐτὸ καὶ τῆς ἀποφάσεως ἴδιον Κἂν εἰ δὲ τῆς ἀποφάσεως ἴδιον τὸ ἀποδοθέν οὐκ ἔσται τῆς φάσεως ἴδιον Οἷον ἐπεὶ τοῦ ζῴου ἴδιον τὸ ἔμψυχον οὐκ ἂν εἴη τοῦ μὴ ζῴου ἴδιον τὸ ἔμψυχον Κατασκευάζοντα δὲ εἰ τὸ ἀποδοθὲν μὴ τῆς φάσεως ἴδιον εἴη ἂν τῆς ἀποφάσεως Οὗτος δ᾿ ὁ τόπος ψευδής ἐστιν φάσις γὰρ ἀποφάσεως καὶ ἀπόφασις φάσεως οὐκ ἔστιν ἴδιον Φάσις μὲν γὰρ ἀποφάσει οὐδ᾿ ὅλως ὑπάρχει ἀπόφασις δὲ φάσει ὑπάρχει μέν οὐχ ὡς ἴδιον δὲ ὑπάρχει Ἔπειτα δ᾿ ἐκ τῶν ἀντιδιῃρημένων ἀνασκευάζοντα μὲν εἰ τῶν ἀντιδιῃρημένων μηδὲν μηδενὸς τῶν λοιπῶν ἀντιδιῃρημένων ἐστὶν ἴδιον οὐδὲ γὰρ τὸ κείμενον ἔσται ἴδιον τούτου οὗ κεῖται ἴδιον Οἷον ἐπεὶ ζῷον αἰσθητὸν οὐδενὸς τῶν ἄλλων θνητῶν ζῴων ἐστὶν ἴδιον οὐκ ἂν εἴη τὸ ζῷον νοητὸν τοῦ θεοῦ ἴδιον Κατασκευάζοντα δ᾿ εἰ τῶν λοιπῶν τῶν ἀντιδιῃρημένων ὁτιοῦν ἐστὶν ἴδιον τούτων ἑκάστου τῶν ἀντιδιῃρημένων καὶ γὰρ τὸ λοιπὸν ἔσται τούτου ἴδιον οὗ κεῖται μὴ εἶναι ἴδιον Οἷον ἐπεὶ φρονήσεώς ἐστιν ἴδιον τὸ καθ᾿ αὑτὸ πεφυκέναι λογιστικοῦ ἀρετὴν εἶναι καὶ τῶν ἄλλων ἀρετῶν οὕτως ἑκάστης λαμβανομένης εἴη ἂν σωφροσύνης ἴδιον τὸ καθ᾿ αὑτὸ πεφυκέναι ἐπιθυμητικοῦ ἀρετὴν εἶναι,مواضع اخري وبعد ذلك ينبغي ان ننظر من الاشياء المتقابلة اما اولا فمن المتضادات اما المبطل فينظر الا يكون الضد خاصة للضد وذلك ان الضد لا يكون خاصة للضد مثال ذلك انه لما كان الجور ضد العدل والاخس ضد الافضل ولم تكن خاصة العدل انه الافضل لم تكن خاصة الجور انه الاخس فاما المصحح فينظر ان كان الضد خاصة للضد وذلك ان الضد يكون خاصة للضد مثال ذلك انه لما كان الخير ضد الشر والمهروب منه ضد المءثر وكانت خاصة الخير انه مءثر فخاصة الشر انه مهروب منه واما ثانيا فمما هو من المضاف اما المبطل فينظر ان كان المضاف ليس هو خاصة للمضاف فان المضاف لايكون خاصة المضاف مثال ذلك انه لما كان الضعف يقال بالقياس الي النصف والفاضل بالقياس الي المفضول ولم يكن الفاضل خاصة للضعف فليس المفضول خاصة للنصف فاما المصحح فينظر ان كان المضاف خاصة للمضاف وذلك ان المضاف يصير خاصة للمضاف مثال ذلك انه لما كان الضعف يقال بالقياس الي النصف والاثنان بالقياس الي الواحد وكانت خاصة الضعف انه بمنزلة قياس الاثنين الي الواحد كانت خاصة النصف انه بمنزلة قياس الواحد الي الاثنين واما ثالثا فان المبطل ينظر ان كان ما يقال بالملكة ليس هو خاصة للملكة فانه عند ذلك لا يكون ما يقال بالعدم خاصة للعدم وان كان ما يقال بالعدم ليس هو خاصة للعدم فانه عند ذلك لا يكون ما يقال بالملكة خاصة للملكة مثال ذلك انه لما كان لا يقال ان عدم الحس خاصة الصمم لانه امر عام للحواس الاخر لم يكن الحس خاصة للسمع فاما المصحح فينظر ان كان ما يقال بالملكة خاصة للملكة فان ما يقال بالعدم يكون خاصة للعدم وان كان ما يقال بالعدم خاصة للعدم فان ما يقال بالملكة يكون خاصة للملكة مثال ذلك انه لما كان خاصة البصر ان يبصر من جهة ما لنا بصر كانت خاصة العمي الا يبصر من جهة ما ليس لنا بصر اذ كان من شاننا ان يكون لنا وبعد ذلك فننظر في الموجبات والسالبات اما اولا فننظر من المحمولات انفسها وهذا الموضع نافع للمبطل فقط مثال ذلك انه ان كانت الموجبة او الذي تقال بالايجاب خاصة لشء فانه لا تكون سالبته ولا الذي يقال بالسلب خاصة له وان كانت السالبة او الذي تقال بالسلب خاصة له لم تكن الموجبة ولا الذي تقال بالايجاب خاصة له مثال ذلك انه لما كانت خاصة الحي انه متنفس لم تكن خاصة الحي انه لا متنفس وثانيا ننظر من المحمولات او غير المحمولات والتي عليها يحمل او لا يحمل اما المبطل فينظر ان كانت الموجبة ليست خاصة للموجبة فان السالبة لا تكون خاصة للسالبة وان كانت السالبة ليست خاصة للسالبة لم تكن الموجبة ايضا خاصة للموجبة مثال ذلك انه لما كان الحي ليس هو خاصة للانسان لم يكن قولنا لاحي خاصة لقولنا الانسان وان ظهر ان قولنا لاحي ليس بخاصة لقولنا لا انسان لم يكن الحي ايضا خاصة للانسان فاما المصحح فينظر ان كانت الموجبة خاصة للموجبة فان السالبة تكون خاصة للسالبة وان كانت السالبة خاصة للسالبة فان الموجبة ايضا خاصة للموجبة مثال ذلك انه لما كان خاصة ما ليس بحي الا يحيا صارت خاصة الحي ان يحيا وان ظهر ان خاصة الحي ان يحيا فقد يظهر ان خاصة ما ليس بحي الا يحيا وثالثا ان ينظر من الموضوعات اما المبطل فينظر ان كانت الخاصة الموصوفة خاصة للموجبة فانه لا تكون هي بعينها خاصة للسالبة ايضا وان كانت الخاصة الموصوفة خاصة للسالبة لم تكن خاصة للموجبة مثال ذلك انه لما كان خاصة الحيوان انه متنفس لم تكن خاصة ما ليس بحي انه متنفس فاما المصحح فينظر ان كانت الخاصة الموصوفة ليست بخاصة للموجبة فهي للسالبة وهذا الموضع كاذب وذلك ان الموجبة ليست خاصة للسالبة ولا السالبة للموجبة لان الموجبة لا توجد للسالبة اصلا واما السالبة فقد توجد للموجبة الا انها لا توجد لها كالخاصة وبعد ذلك ننظر في القسمة اما المبطل فينظر ان كان ليس شء من القسيمة ليس من قسيمتها فانه لا يكون الموضوع خاصة للشء الذي وضع ليكون له خاصة مثال ذلك انه لما كان الحي المحسوس ليس بخاصة لشء من الحيوانات الباقية لم يكن الحيوان المعقول خاصة للملك واما المصحح فينظر ان كان اي شء ما ماخوذ من القسيمة الباقية خاصة لكل واحد من هذه القسمة فان الباقي يكون خاصة للباقي الذي له وضع ان يكون خاصة مثال ذلك انه لما كان خاصة الفهم انه الذي من شانه ان يكون بذاته فضيلة للجزء الفكري فكل واحدة من الفضاءل الاجزاء اذا اخذت علي هذه الجهة صارت خاصة العفة انها ما من شانه ان يكون بذاته فضيلة الجزء الشهواني,5,6
Ἔπειτ᾿ ἐκ τῶν πτώσεων ἀνασκευάζοντα μὲν εἰ ἡ πτῶσις τῆς πτώσεως μή ἐστιν ἴδιον οὐδὲ γὰρ ἡ πτῶσις τῆς πτώσεως ἔσται ἴδιον Οἷον ἐπεὶ οὐκ ἔστι τοῦ δικαίως ἴδιον τὸ καλῶς οὐδ᾿ ἂν τοῦ δικαίου εἴη ἴδιον τὸ καλόν Κατασκευάζοντα δὲ εἰ ἡ πτῶσις τῆς πτώσεώς ἐστιν ἴδιον καὶ γὰρ ἡ πτῶσις τῆς πτώσεως ἔσται ἴδιον Οἷον ἐπεὶ τοῦ ἀνθρώπου ἐστὶν ἴδιον τὸ πεζὸν δίπουν καὶ τῷ ἀνθρώπῳ εἴη ἂν ἴδιον τὸ πεζῷ δίποδι λέγεσθαι Οὐ μόνον δ᾿ ἐπ᾿ αὐτοῦ τοῦ εἰρημένου κατὰ τὰς πτώσεις ἐστὶ σκεπτέον ἀλλὰ καὶ ἐπὶ τῶν ἀντικειμένων καθάπερ καὶ ἐπὶ τῶν πρότερον τόπων εἴρηται ἀνασκευάζοντα μὲν εἰ ἡ τοῦ ἀντικειμένου πτῶσις μή ἐστιν ἴδιον τῆς τοῦ ἀντικειμένου πτώσεως οὐδὲ γὰρ ἡ τοῦ ἀντικειμένου πτῶσις ἔσται ἴδιον τῆς τοῦ ἀντικειμένου πτώσεως Οἷον ἐπεὶ οὐκ ἔστι τοῦ δικαίως ἴδιον τὸ ἀγαθῶς οὐδ᾿ ἂν τοῦ ἀδίκως εἴη ἴδιον τὸ κακῶς Κατασκευάζοντα δὲ εἰ ἡ τοῦ ἀντικειμένου πτῶσίς ἐστιν ἴδιον τῆς τοῦ ἀντικειμένου πτώσεως καὶ γὰρ ἡ τοῦ ἀντικειμένου πτῶσις ἔσται ἴδιον τῆς τοῦ ἀντικειμένου πτώσεως Οἷον ἐπεὶ τοῦ ἀγαθοῦ ἐστὶν ἴδιον τὸ βέλτιστον καὶ τοῦ κακοῦ ἂν εἴη ἴδιον τὸ χείριστον Ἔπειτ᾿ ἐκ τῶν ὁμοίως ἐχόντων ἀνασκευάζοντα μὲν εἰ τὸ ὁμοίως ἔχον τοῦ ὁμοίως ἔχοντος μή ἐστιν ἴδιον οὐδὲ γὰρ τὸ ὁμοίως ἔχον τοῦ ὁμοίως ἔχοντος ἔσται ἴδιον Οἷον ἐπεὶ ὁμοίως ἔχει ὁ οἰκοδόμος πρὸς τὸ ποιεῖν οἰκίαν καὶ ὁ ἰατρὸς πρὸς τὸ ποιεῖν ὑγίειαν οὐκ ἔστι δὲ ἰατροῦ ἴδιον τὸ ποιεῖν ὑγίειαν οὐκ ἂν εἴη οἰκοδόμου ἴδιον τὸ ποιεῖν οἰκίαν Κατασκευάζοντα δὲ εἰ τὸ ὁμοίως ἔχον τοῦ ὁμοίως ἔχοντός ἐστιν ἴδιον καὶ γὰρ τὸ ὁμοίως ἔχον τοῦ ὁμοίως ἔχοντος ἔσται ἴδιον Οἷον ἐπεὶ ὁμοίως ἔχει ἰατρός τε πρὸς τὸ ποιητικὸς ὑγιείας εἶναι καὶ γυμναστὴς πρὸς τὸ ποιητικὸς εὐεξίας ἔστι δ᾿ ἴδιον γυμναστοῦ τὸ ποιητικὸν εἶναι εὐεξίας εἴη ἂν ἴδιον ἰατροῦ τὸ ποιητικὸν εἶναι ὑγιείας Ἔπειτ᾿ ἐκ τῶν ὡσαύτως ἐχόντων ἀνασκευάζοντα μὲν εἰ τὸ ὡσαύτως ἔχον τοῦ ὡσαύτως ἔχοντος μή ἐστιν ἴδιον οὐδὲ γὰρ τὸ ὡσαύτως ἔχον τοῦ ὡσαύτως ἔχοντος ἔσται ἴδιον Εἰ δ᾿ ἔστι τοῦ ὡσαύτως ἔχοντος τὸ ὡσαύτως ἔχον ἴδιον τούτου οὐκ ἔσται ἴδιον οὗ κεῖται εἶναι ἴδιον Οἷον ἐπεὶ ὡσαύτως ἔχει φρόνησις πρὸς τὸ καλὸν καὶ τὸ αἰσχρὸν τῷ ἐπιστήμη ἑκατέρου αὐτῶν εἶναι οὐκ ἔστι δ᾿ ἴδιον φρονήσεως τὸ ἐπιστήμην εἶναι καλοῦ οὐκ ἂν εἴη ἴδιον φρονήσεως τὸ ἐπιστήμην εἶναι αἰσχροῦ Εἰ δ᾿ ἔστιν ἴδιον φρονήσεως τὸ ἐπιστήμην εἶναι καλοῦ οὐκ ἂν εἴη ἴδιον αὐτῆς τὸ ἐπιστήμην εἶναι αἰσχροῦ ἀδύνατον γὰρ εἶναι τὸ αὐτὸ πλειόνων ἴδιον Κατασκευάζοντι δὲ οὐδὲν οὗτος ὁ τόπος ἐστὶ χρήσιμος τὸ γὰρ ὡσαύτως ἔχον ἓν πρὸς πλείω συγκρίνεται Ἔπειτ᾿ ἀνασκευάζοντα μὲν εἰ τὸ κατὰ τὸ εἶναι λεγόμενον μή ἐστι τοῦ κατὰ τὸ εἶναι λεγομένου ἴδιον οὐδὲ γὰρ τὸ φθείρεσθαι τοῦ κατὰ τὸ φθείρεσθαι οὐδὲ τὸ γίνεσθαι τοῦ κατὰ τὸ γίνεσθαι λεγομένου ἔσται ἴδιον Οἷον ἐπεὶ οὐκ ἔστιν ἀνθρώπου ἴδιον τὸ εἶναι ζῷον οὐδ᾿ ἂν τοῦ ἄνθρωπον γίνεσθαι εἴη ἴδιον τὸ γίνεσθαι ζῷον οὐδ᾿ ἂν τοῦ ἄνθρωπον φθείρεσθαι εἴη ἴδιον τὸ φθείρεσθαι ζῷον Τὸν αὐτὸν δὲ τρόπον ληπτέον ἐστὶ καὶ ἐκ τοῦ γίνεσθαι πρὸς τὸ εἶναι καὶ φθείρεσθαι καὶ ἐκ τοῦ φθείρεσθαι πρὸς τὸ εἶναι καὶ πρὸς τὸ γίνεσθαι καθάπερ εἴρηται νῦν ἐκ τοῦ εἶναι πρὸς τὸ γίνεσθαι καὶ φθείρεσθαι Κατασκευάζοντα δὲ εἰ τοῦ κατὰ τὸ εἶναι τεταγμένου ἐστὶ τὸ κατ᾿ αὐτὸ τεταγμένον ἴδιον καὶ γὰρ τοῦ κατὰ τὸ γίνεσθαι λεγομένου ἔσται τὸ κατὰ τὸ γίνεσθαι λεγόμενον ἴδιον καὶ τοῦ κατὰ τὸ φθείρεσθαι τὸ κατὰ τοῦτο ἀποδιδόμενον Οἷον ἐπεὶ τοῦ ἀνθρώπου ἐστὶν ἴδιον τὸ εἶναι βροτόν καὶ τοῦ γίνεσθαι ἄνθρωπον εἴη ἂν ἴδιον τὸ γίνεσθαι βροτὸν καὶ τοῦ φθείρεσθαι ἄνθρωπον τὸ φθείρεσθαι βροτόν Τὸν αὐτὸν δὲ τρόπον ληπτέον ἐστὶ καὶ ἐκ τοῦ γίνεσθαι καὶ φθείρεσθαι πρός τε τὸ εἶναι καὶ πρὸς τὰ ἐξ αὐτῶν καθάπερ καὶ ἀνασκευάζοντι εἴρηται Ἔπειτ᾿ ἐπιβλέπειν ἐπὶ τὴν ἰδέαν τοῦ κειμένου ἀνασκευάζοντα μὲν εἰ τῇ ἰδέᾳ μὴ ὑπάρχει ἢ εἰ μὴ κατὰ τοῦτο καθ᾿ ὃ λέγεται τοῦτο οὗ τὸ ἴδιον ἀπεδόθη οὐ γὰρ ἔσται ἴδιον τὸ κείμενον εἶναι ἴδιον Οἷον ἐπεὶ αὐτοανθρώπῳ οὐχ ὑπάρχει τὸ ἠρεμεῖν ᾗ ἄνθρωπός ἐστιν ἀλλ᾿ ᾗ ἰδέα οὐκ ἂν εἴη ἀνθρώπου ἴδιον τὸ ἠρεμεῖν Κατασκευάζοντα δὲ εἰ τῇ ἰδέᾳ ὑπάρχει καὶ κατὰ τοῦτο ὑπάρχει ᾗ λέγεται κατ᾿ αὐτοῦ ἐκείνου οὗ κεῖται μὴ εἶναι ἴδιον ἔσται γὰρ ἴδιον τὸ κείμενον μὴ εἶναι ἴδιον Οἷον ἐπεὶ ὑπάρχει τῷ αὐτοζῴῳ τὸ ἐκ ψυχῆς καὶ σώματος συγκεῖσθαι καὶ ᾗ ζῷον αὐτῷ ὑπάρχει τοῦτο εἴη ἂν ζῴου ἴδιον τὸ ἐκ ψυχῆς καὶ σώματος συγκεῖσθαι,مواضع اخري وبعد ذلك ننظر في التصاريف اما المبطل فينظر ان كان التصريف ليس بخاصة للتصريف فان التصريف لا يكون للتصريف خاصة مثال ذلك انه لما كان ليس خاصة ما يكون علي طريق العدل ان يكون علي طريق الجميل فليس خاصة العدالة الجميل فاما المصحح فينظر ان كان التصريف خاصة للتصريف فان التصريف يكون خاصة للتصريف مثال ذلك انه لما كانت خاصة الانسان انه مشاء ذو رجلين كانت خاصة للانسان انه مشاء ذو رجلين وليس انما ينبغي ان ننظر فيما وصف بالتصاريف نفسه فقط بل وفي المتقابلات ايضا كما وصفنا في المواضع التي تقدمت اما المبطل فينظر ان كان تصريف المقابل ليس بخاصة لتصريف المقابل فليس يكون تصريف المقابل خاصة لتصريف المقابل مثال ذلك انه لما لم يكن ما يقال علي طريق العدل خاصة لما يقال علي طريق الخير لم يكن قولنا علي طريق الجور خاصة لقولنا علي طريق الشر فاما المصحح فينظر ان كان تصريف المقابل خاصة لتصريف المقابل فان تصريف المقابل يكون خاصة لتصريف المقابل مثال ذلك انه لما كان الافضل خاصة الخير صار الاخس خاصة الشر وبعد ذلك ننظر في الاشياء التي حالها حال متشابهة فاما المبطل فينظر ان الذي حاله حال متشابهة ليس بخاصة لما حاله متشابهة فليس ما حاله متشابهة خاصة لما حاله متشابهة مثال ذلك انه لما كانت حال البناء عند احداث البيت وحال الطبيب عند احداث الصحة متشابهة ولم تكن خاصة الطبيب احداث الصحة لم تكن خاصة البناء احداث البيت فاما المصحح فينظر ان كان ما حاله متشابهة يكون خاصة لما حاله متشابهة فان ما حاله متشابهة يكون خاصة لما حاله متشابهة مثال ذلك انه لما كان حال الطبيب عند ان يكون محدثا للصحة شبيهة بحال الراءض عند ان يكون محدثا لخصب البدن وكانت خاصة الراءض ان يكون محدثا لخصب البدن صارت خاصة للطبيب ان يكون محدثا للصحة وبعد هذا ننظر في الاشياء التي تكون بحال واحدة اما المبطل فينظر ان كان ما هو بحال واحدة ليس هو خاصة لما هو بحال واحدة فان ما هو بحال واحدة لا يكون خاصة لما هو بحال واحدة وان كان ماهو بحال واحدة خاصة لما هو بحال واحدة فليس يكون هذا خاصة للذي وضع ان يكون له خاصة مثال ذلك انه لما كانت حال الفهم عند الجميل والقبيح حالا واحدة من قبل انه علم بكل واحد منهما ولم تكن خاصة الفهم ان يكون علما بالقبيح لم تكن خاصة الفهم ان تكون علما بالجميل وان كانت خاصة الفهم ان يكون علما بالجميل فليس خاصته ان يكون علما بالقبيح وذلك انه ليس يمكن ان يكون شء واحد بعينه خاصة لاشياء كثيرة فاما المصحح فليس ينتفع بهذا الموضع في شء لان الواحد اذا كانت حاله عند كثيرين حالا واحدة فليس ينقاس وبعد هذا فان المبطل ينظر ان كان ما يقال بالوجود ليس بخاصة لما يقال بالوجود فان ما يقال بالفساد ليس بخاصة لما يقال بالفساد ولا ما يقال بالتكون يكون خاصة لما يقال بالتكون مثال ذلك انه لما كان ليس بخاصة الانسان ان يوجد حي لم يكن خاصة تكون الانسان ايضا ان يتكون حي ولا خاصة فساد الانسان ان يفسد حي وعلي هذا النحو بعينه ينبغي ان نعتبر بالتكون علي الوجود وعلي الفساد ومن الفساد علي الوجود وعلي التكون كما وصفنا الان في الوجود بالقياس الي التكون والفساد واما المصحح فينظر ان كان الموضوع في الوجود خاصة للموضوع في الوجود فان الصفة بالتكون تكون خاصة للموصوف بالتكون والموصوف بالفساد خاصة للموصوف بالفساد مثال ذلك انه لما كانت خاصة الانسان ان يوجد امرء صار تكون الانسان ان يتكون امرء وخاصة فساد الانسان ان يفسد امرء وعلي هذا النحو بعينه ينبغي ان نعتبر بالتكون والفساد علي الولاء وبها علي انفسها كما قيل فيما يلزم المبطل وبعد هذا فينظر في صورة الموضوع اما النافي فينظر ان كانت لا توجد الصورة او ان كانت لا توجد من الجهة التي يقال انها خاصة للشء الذي وضعت خاصته فليس خاصة الموضوع لتكون خاصته مثال ذلك انه لما كان السكون لا يوجد للانسان نفسه من جهة ما هو انسان لكن من جهة ما هو صورة لم يكن السكون خاصة للانسان فاما المصحح فينظر ان كانت توجد للصورة ويقال انها توجد لها من جهة الشء الذي قصد الي ان يكون له خاصته فان الذي قصد الي ان تكون له خاصة تصير خاصة مثال ذلك انه لما كان يوجد للحي نفسه امر مركب من نفس وبدن وكان هذا المعني نفسه هو له من جهة ما هو حي صارت خاصة الحي انه مركب من نفس وبدن,5,7
Ἔπειτα ἐκ τοῦ μᾶλλον καὶ ἧττον πρῶτον μὲν ἀνασκευάζοντα εἰ τὸ μᾶλλον τοῦ μᾶλλον μή ἐστιν ἴδιον οὐδὲ γὰρ τὸ ἧττον τοῦ ἧττον ἔσται ἴδιον οὐδὲ τὸ ἥκιστα τοῦ ἥκιστα οὐδὲ τὸ μάλιστα τοῦ μάλιστα οὐδὲ τὸ ἁπλῶς τοῦ ἁπλῶς Οἷον ἐπεὶ οὐκ ἔστι τὸ μᾶλλον κεχρῶσθαι τοῦ μᾶλλον σώματος ἴδιον οὐδὲ τὸ ἧττον κεχρῶσθαι τοῦ ἧττον σώματος εἴη ἂν ἴδιον οὐδὲ τὸ κεχρῶσθαι σώματος ὅλως Κατασκευάζοντα δὲ εἰ τὸ μᾶλλον τοῦ μᾶλλόν ἐστιν ἴδιον καὶ γὰρ τὸ ἧττον τοῦ ἧττον ἔσται ἴδιον καὶ τὸ ἥκιστα τοῦ ἥκιστα καὶ τὸ μάλιστα τοῦ μάλιστα καὶ τὸ ἁπλῶς τοῦ ἁπλῶς Οἷον ἐπεὶ τοῦ μᾶλλον ζῶντος τὸ μᾶλλον αἰσθάνεσθαί ἐστιν ἴδιον καὶ τοῦ ἧττον ζῶντος τὸ ἧττον αἰσθάνεσθαι εἴη ἂν ἴδιον καὶ τοῦ μάλιστα δὲ τὸ μάλιστα καὶ τοῦ ἥκιστα τὸ ἥκιστα καὶ τοῦ ἁπλῶς τὸ ἁπλῶς Καὶ ἐκ τοῦ ἁπλῶς δὲ πρὸς ταὐτὰ σκεπτέον ἐστὶν ἀνασκευάζοντα μὲν εἰ τὸ ἁπλῶς τοῦ ἁπλῶς μή ἐστιν ἴδιον οὐδὲ γὰρ τὸ μᾶλλον τοῦ μᾶλλον οὐδὲ τὸ ἧττον τοῦ ἧττον οὐδὲ τὸ μάλιστα τοῦ μάλιστα οὐδὲ τὸ ἥκιστα τοῦ ἥκιστα ἔσται ἴδιον Οἷον ἐπεὶ οὐκ ἔστι τοῦ ἀνθρώπου τὸ σπουδαῖον ἴδον οὐδ᾿ ἂν τοῦ μᾶλλον ἀνθρώπου τὸ μᾶλλον σπουδαῖον ἴδιον εἴη Κατασκευάζοντα δὲ εἰ τὸ ἁπλῶς τοῦ ἁπλῶς ἐστὶν ἴδιον καὶ γὰρ τὸ μᾶλλον τοῦ μᾶλλον καὶ τὸ ἧττον τοῦ ἧττον καὶ τὸ ἥκιστα τοῦ ἥκιστα καὶ τὸ μάλιστα τοῦ μάλιστα ἔσται ἴδιον Οἷον ἐπεὶ τοῦ πυρός ἐστιν ἴδιον τὸ ἄνω φέρεσθαι κατὰ φύσιν καὶ τοῦ μᾶλλον πυρὸς εἴη ἂν ἴδιον τὸ μᾶλλον ἄνω φέρεσθαι κατὰ φύσιν Τὸν αὐτὸν δὲ τρόπον σκεπτέον ἐστὶ καὶ ἐκ τῶν ἄλλων πρὸς ἅπαντα ταῦτα Δεύτερον δ᾿ ἀνασκευάζοντα μὲν εἰ τὸ μᾶλλον τοῦ μᾶλλον μή ἐστιν ἴδιον οὐδὲ γὰρ τὸ ἧττον τοῦ ἧττον ἔσται ἴδιον Οἷον ἐπεὶ μᾶλλόν ἐστιν ἴδιον ζῴου τὸ αἰσθάνεσθαι ἢ ἀνθρώπου τὸ ἐπίστασθαι οὐκ ἔστι δὲ ζῴου ἴδιον τὸ αἰσθάνεσθαι οὐκ ἂν εἴη ἀνθρώπου ἴδιον τὸ ἐπίστασθαι Κατασκευάζοντα δ᾿ εἰ τὸ ἧττον τοῦ ἧττόν ἐστιν ἴδιον καὶ γὰρ τὸ μᾶλλον τοῦ μᾶλλον ἔσται ἴδιον Οἷον ἐπεὶ ἧττόν ἐστιν ἴδιον ἀνθρώπου τὸ ἥμερον φύσει ἢ ζῴου τὸ ζῆν ἔστι δ᾿ ἀνθρώπου ἴδιον τὸ ἥμερον φύσει εἴη αν ζῴου ἴδιον τὸ ζῆν Τρίτον δ᾿ ἀνασκευάζοντα μὲν εἰ οὗ μᾶλλόν ἐστιν ἴδιον μή ἐστιν ἴδιον οὐδὲ γὰρ οὗ ἧττόν ἐστιν ἴδιον ἔσται τούτου ἴδιον Εἰ δ᾿ ἐκείνου ἐστὶν ἴδιον οὐκ ἔσται τούτου ἴδιον Οἷον ἐπεὶ τὸ κεχρῶσθαι μᾶλλον τῆς ἐπιφανείας ἢ τοῦ σώματός ἐστιν ἴδιον οὐκ ἔστι δὲ τῆς ἐπιφανείας ἴδιον οὐκ ἂν εἴη τοῦ σώματος ἴδιον τὸ κεχρῶσθαι Εἰ δ᾿ ἐστὶ τῆς ἐπιφανείας ἴδιον οὐκ ἂν εἴη τοῦ σώματος ἴδιον Κατασκευάζοντι δὲ ὁ τόπος οὗτος οὐκ ἔστι χρήσιμος ἀδύνατον γάρ ἐστι ταὐτὸ πλειόνων ἴδιον εἶναι Τέταρτον δ᾿ ἀνασκευάζοντα μὲν εἰ τὸ μᾶλλον αὐτοῦ ἴδιον μή ἐστιν ἴδιον οὐδὲ γὰρ τὸ ἧττον αὐτοῦ ἴδιον ἔσται ἴδιον Οἷον ἐπεὶ μᾶλλόν ἐστι τοῦ ζῴου ἴδιον τὸ αἰσθητὸν ἢ τὸ μεριστόν οὐκ ἔστι δὲ τοῦ ζῴου τὸ αἰσθητὸν ἴδιον οὐκ ἂν εἴη τοῦ ζῴου τὸ μεριστὸν ἴδιον Κατασκευάζοντα δὲ εἰ τὸ ἧττον αὐτοῦ ὂν ἴδιον ἔστιν ἴδιον καὶ γὰρ τὸ μᾶλλον αὐτοῦ ὂν ἴδιον ἔσται ἴδιον Οἷον ἐπεὶ ἧττόν ἐστιν ἴδιον ζῴου τὸ αἰσθάνεσθαι ἢ τὸ ζῆν ἔστι δὲ τοῦ ζῴου τὸ αἰσθάνεσθαι ἴδιον εἴη ἂν τοῦ ζῴου τὸ ζῆν ἴδιον Ἔπειτ᾿ ἐκ τῶν ὁμοίως ὑπαρχόντων πρῶτον μὲν ἀνασκευάζοντα εἰ τὸ ὁμοίως ὂν ἴδιον μή ἐστιν ἴδιον τούτου οὗ ὁμοίως ἐστὶν ἴδιον οὐδὲ γὰρ τὸ ὁμοίως ὂν ἴδιον ἔσται ἴδιον τούτου οὗ ὁμοίως ἐστὶν ἴδιον Οἷον ἐπεὶ ὁμοίως ἐστὶν ἴδιον ἐπιθυμητικοῦ τὸ ἐπιθυμεῖν καὶ λογιστικοῦ τὸ λογίζεσθαι οὐκ ἔστι δ᾿ ἴδιον ἐπιθυμητικοῦ τὸ ἐπιθυμεῖν οὐκ ἂν εἴη ἴδιον λογιστικοῦ τὸ λογίζεσθαι Κατασκευάζοντα δὲ εἰ τὸ ὁμοίως ὂν ἴδιον ἔστι τούτου ἴδιον οὗ ὁμοίως ἐστὶν ἴδιον ἔσται γὰρ καὶ τὸ ὁμοίως ὂν ἴδιον τούτου ἴδιον οὗ ὁμοίως ἐστὶ ἴδιον Οἷον ἐπεὶ ὁμοίως ἐστὶν ἴδιον λογιστικοῦ τὸ πρῶτον φρόνιμον καὶ ἐπιθυμητικοῦ τὸ πρῶτον σῶφρον ἔστι δὲ τοῦ λογιστικοῦ ἴδιον τὸ πρῶτον φρόνιμον εἴη ἂν τοῦ ἐπιθυμητικοῦ ἴδιον τὸ πρῶτον σῶφρον Δεύτερον δ᾿ ἀνασκευάζοντα μὲν εἰ τὸ ὁμοίως ὂν ἴδιον μή ἐστιν ἴδιον αὐτοῦ οὐδὲ γὰρ τὸ ὁμοίως ὂν ἴδιον ἔσται ἴδιον αὐτοῦ Οἷον ἐπεὶ ὁμοίως ἐστὶν ἴδιον ἀνθρώπου τὸ ὁρᾶν καὶ τὸ ἀκούειν οὐκ ἔστι δ᾿ ἀνθρώπου ἴδιον τὸ ὁρᾶν οὐκ ἂν εἴη ἀνθρώπου ἴδιον τὸ ἀκούειν Κατασκευάζοντα δὲ εἰ τὸ ὁμοίως αὐτοῦ ὂν ἴδιον ἔστιν ἴδιον καὶ γὰρ τὸ ὁμοίως αὐτοῦ ὂν ἴδιον ἔσται ἴδιον Οἷον ἐπεὶ ὁμοίως ἐστὶν ἴδιον ψυχῆς τὸ μέρος αὐτῆς ἐπιθυμητικὸν εἶναι καὶ λογιστικὸν πρώτου ἔστι δὲ ψυχῆς ἴδιον τὸ μέρος αὐτῆς εἶναι ἐπιθυμητικὸν πρώτου εἴη ἂν ἴδιον ψυχῆς τὸ μέρος αὐτῆς εἶναι λογιστικὸν πρώτου Τρίτον δ᾿ ἀνασκευάζοντα μὲν εἰ οὗ ὁμοίως ἐστὶν ἴδιον μή ἐστιν ἴδιον οὐδὲ γὰρ οὗ ὁμοίως ἐστὶν ἴδιον ἔσται ἴδιον Εἰ δ᾿ ἐκείνου ἐστὶν ἴδιον οὐκ ἔσται θατέρου ἴδιον Οἷον ἐπεὶ ὁμοίως ἐστὶν ἴδιον τὸ καίειν φλογὸς καὶ ἄνθρακος οὐκ ἔστι δ᾿ ἴδιον φλογὸς τὸ καίειν οὐκ ἂν εἴη ἴδιον ἄνθρακος τὸ καίειν Εἰ δ᾿ ἐστὶ φλογὸς ἴδιον οὐκ ἂν εἴη ἄνθρακος ἴδιον Κατασκευάζοντι δὲ οὐδὲν οὗτος ὁ τόπος ἐστὶ χρήσιμος Διαφέρει δ᾿ ὁ ἐκ τῶν ὁμοίως ἐχόντων τοῦ ἐκ τῶν ὁμοίως ὑπαρχόντων ὅτι τὸ μὲν κατ᾿ ἀναλογίαν λαμβάνεται οὐκ ἐπὶ τοῦ ὑπάρχειν τι θεωρούμενον τὸ δ᾿ ἐκ τοῦ ὑπάρχειν τι συγκρίνεται,مواضع اخري وينظر بعد ذلك في الاكثر والاقل اما اولا فالنافي ينظر ان كان ما يقال بالاكثر ليس بخاصة لما يقال بالاكبر فليس ما يقال بالاقل خاصة لما يقال بالاقل ولا ما يقال بايسر يسيرا خاصة لما يقال بايسر يسيرا ولا ما يقال باكثر كثيرا خاصة لما يقال باكثر كثيرا ولا ما يقال علي الاطلاق لما يقال علي الاطلاق مثال ذلك انه لما لم يكن قولنا اكثر تلونا خاصة ل اكبر جسمية لم يكن ايضا قولنا اقل تلونا خاصة لما هو اقل جسمية ولا التلون خاصة الجسم اصلا فاما المثبت فينظر ان كان ما يقال بالاكثر خاصة لما يقال بالاكثر فان ما يقال بالاقل يكون خاصة لما يقال بالاقل وما يقال باكثر كثيرا لما يقال باكثر كثيرا وما يقال بايسر يسيرا لما يقال بايسر يسيرا وما يقال علي الاطلاق لما يقال علي الاطلاق مثال ذلك انه لما كان قولنا اكثر حسا خاصة لما هو اكثر حياة فان قولنا اقل حسا خاصة لما هو اقل حياة وكذلك قولنا فيما هو اكثر كثيرا لما هو اكثر كثيرا وفيما هو ايسر يسيرا لما هو ايسر يسيرا وما هو علي الاطلاق لما هو علي الاطلاق وينبغي ان ننظر في هذه ايضا مما يقال علي الاطلاق واما النافي فينظر ان كان ما يقال علي الاطلاق ليس بخاصة لما يقال علي الاطلاق فليس ما يقال بالاكثر خاصة لما يقال بالاكثر ولا ما يقال بالاقل لما يقال بالاقل ولا ما يقال باكثر كثيرا لما يقال باكثر كثيرا ولا ما يقال بايسر يسيرا لما يقال بايسر يسيرا مثال ذلك انه لما لم تكن خاصة الانسان انه مجتهد لم يكن قولنا اكثر اجتهادا خاصة لاكثر انسانية فاما المثبت فينظر ان كان ما يقال علي الاطلاق خاصة لما يقال علي الاطلاق فما يقال بالاكثر خاصة لما يقال بالاكثر وما يقال بالاقل خاصة لما يقال بالاقل وما يقال اكثر كثيرا لما يقال اكثر كثيرا وما يقال ايسر يسيرا لما يقال ايسر يسيرا مثال ذلك انه لما كانت خاصة النار الحركة الي فوق بالطبع فخاصة ما هو اكثر نارية انه اكثر حركة الي فوق بالطبع وعلي هذا النحو بعينه ينبغي ان ننظر في جميع هذه الاشياء من ساءر تلك الاخر وثانيا فينظر النافي فان كان ما يقال بالاكثر ليس بخاصة لما يقال بالاكثر فان ما يقال بالاقل لا يكون خاصة لما يقال بالاقل مثال ذلك انه ان كان الاحساس خاصة للحيوان اكثر من ان التعلم خاصة للانسان ولم يكن الاحساس خاصة للحي فليس التعلم خاصة للانسان فاما المثبت فينظر ان كان ما يقال بالاقل خاصة لما يقال بالاقل فان ما يقال بالاكثر خاصة لما يقال بالاكثر مثال ذلك انه لما كان قولنا انس بالطبع خاصة للانسان اقل من ان قولنا يحيا خاصة للحي وكان قولنا في الانسان انه انس بالطبع خاصة له فقولنا في الحي انه يحيا خاصة له وثالثا فينظر النافي ان كان الشء الذي الخاصة احري بان تكون له ليس الخاصة له فالذي الخاصة له دون ذلك ليس بخاصة له وان كانت خاصة لذلك فليست خاصة لهذا مثال ذلك انه لما كان التلون خاصة للسطح احري منه بان يكون للجسم وليس التلون خاصة للسطح فليس هو خاصة للجسم وان كان خاصة للسطح فليس هو خاصة للجسم واما المثبت فلن ينتفع بهذا الموضع في شء وذلك انه ليس يمكن ان يكون شء واحد خاصة لاشياء كثيرة ورابعا فان النافي ينظر ان كان ما هو احري بان يكون لشء خاصة ليس بخاصة له فما ليس هو حريا بان يكون لشء خاصة ليس هو خاصة له مثال ذلك انه لما كان المحسوس احري بان يكون خاصة للحي من المتجزء ولم يكن المحسوس خاصة للحي ولم يكن المتجزء خاصة له فاما المثبت فينظر ان كان ما ليس هو حريا بان يكون لشء خاصة هو خاصة له فما هو حري بان يكون له خاصة هو له خاصة مثال ذلك انه لما كان قولنا يحس ليس هو احري بان يكون خاصة للحي من قولنا يحيا وكان قولنا يحس خاصة للحيوان يصير قولنا يحيا خاصة للحيوان وبعد ذلك فينظر من الاشياء الموجودة علي مثال واحد اما اولا فان النافي ينظر ان كان ما هو خاصة علي مثال واحد ليس هو بخاصة لذلك الذي هو له خاصة علي مثال واحد فليس ما هو خاصة علي مثال واحد خاصة لهذا الذي هو له خاصة علي مثال واحد مثال ذلك انه لما كان خاصة الجزء الشهواني ان يشتهي علي مثال ما الخاصة الجزء المفكر ان يفكر ولم تكن خاصة الشهواني ان يشتهي لم تكن خاصة المفكر ان يفكر فاما المثبت فينظر ان كان ما هو خاصةعلي مثال واحد خاصة للشء الذي هو له خاصة فان الذي هو لشء خاصة علي مثال واحد هو له خاصة علي مثال واحد مثال ذلك انه لما كان خاصة الجزء الفكري انه اول من ياتي علي مثال ما خاصة الجزء الشهواني انه اول عفيف وكانت خاصة الفكري انه اول من ياتي فخاصة الشهواني انه اول عفيف وثانيا ينظر النافي ان كان ما هو خاصة لشء علي مثال ما اخر خاصة له ليس هو خاصة له فان الذي هو علي ذلك المثال خاصة له ليس هو خاصة علي مثال واحد مثال ذلك انه لما كان خاصة الانسان ان يبصر وان يسمع ولم تكن خاصة الانسان ان يبصر فليس خاصته ان يسمع فاما المثبت فينظر ان كان ما هو خاصة لشء علي مثال ما اخر خاصة له وكان احدهما خاصة له فالاخر خاصة له مثال ذلك انه لما كان خاصة النفس علي مثال واحد ان منها جزءا شهوانيا علي القصد الاول ومنها جزءا فكريا علي القصد الاول وكان خاصة النفس ان منها جزءا شهوانيا علي القصد الاول فخاصة النفس ان لها جزءا فكريا علي القصد الاول وثالثا ان المبطل ينظر اذا كان شء واحد خاصة لشيءين علي مثال واحد ولم يكن خاصة لاحدهما فليس هو للاخر خاصة وان كان لذلك خاصة لم يكن للاخر خاصة مثال ذلك انه لما كان علي مثال واحد الاحراق خاصة اللهيب والحمرة ولم يكن الاحراق خاصة اللهيب لم يكن الاحراق ايضا خاصة للحمرة وان كان الاحراق خاصة للهيب فليس خاصة الحمرة الاحراق فاما المثبت فليس ينتفع بهذا الموضع في شء والفرق بين المعني الذي يكون من الاشياء التي بحال متشابهة وبين المعني الذي يكون من الاشياء الموجودة علي مثال واحد ان ذاك يوجد بالمقايسة من غير ان ينظر في انه موجود شيءا من الاشياء وهذا من انه موجود شيءا من الاشياء يحكم عليه بالمقايسة,5,8
Ἔπειτ᾿ ἀνασκευάζοντα μὲν εἰ δυνάμει τὸ ἴδιον ἀποδιδοὺς καὶ πρὸς μὴ ὂν ἀποδέδωκε τὸ ἴδιον τῇ δυνάμει μὴ ἐνδεχομένης τῆς δυνάμεως ὑπάρχειν τῷ μὴ ὄντι οὐ γὰρ ἔσται ἴδιον τὸ κείμενον εἶναι ἴδιον Οἷον ἐπεὶ ὁ εἴπας ἀέρος ἴδιον τὸ ἀναπνευστὸν τῇ δυνάμει μὲν ἀπέδωκε τὸ ἴδιον τὸ γὰρ τοιοῦτον οἷον ἀναπνεῖσθαι ἀναπνευστόν ἐστιν ἀποδέδωκε δὲ καὶ πρὸς τὸ μὴ ὂν τὸ ἴδιον καὶ γὰρ μὴ ὄντος ζῴου οἷον ἀναπνεῖν πέφυκε τὸν ἀέρα ἐνδέχεται ἀέρα εἶναι οὐ μέντοι μὴ ὄντος ζῴου δυνατόν ἐστιν ἀναπνεῖν ὥστ᾿ οὐδ᾿ ἀέρος ἔσται ἴδιον τὸ τοιοῦτον οἷον ἀναπνεῖσθαι τότε ὅτε ζῷον οὐκ ἔσται τοιοῦτον οἷον ἀναπνεῖν Οὐκ ἂν οὖν εἴη ἀέρος ἴδιον τὸ ἀναπνευστόν Κατασκευάζοντα δὲ εἰ τῇ δυνάμει ἀποδιδοὺς τὸ ἴδιον ἢ πρὸς ὂν ἀποδίδωσι τὸ ἴδιον ἢ πρὸς μὴ ὄν ἐνδεχομένης τῆς δυνάμεως τῷ μὴ ὄντι ὑπάρχειν ἔσται γὰρ ἴδιον τὸ κείμενον μὴ εἶναι ἴδιον Οἷον ἐπεὶ ὁ ἀποδιδοὺς ἴδιον τοῦ ὄντος τὸ δυνατὸν παθεῖν ἢ ποιῆσαι δυνάμει ἀποδιδοὺς τὸ ἴδιον πρὸς ὂν ἀπέδωκε τὸ ἴδιον ὅτε γὰρ ὄν ἐστι καὶ δυνατὸν παθεῖν τι ἢ ποιῆσαι ἔσται ὥστε εἴη ἂν ἴδιον τοῦ ὄντος τὸ δυνατὸν παθεῖν ἢ ποιῆσαι Ἔπειτ᾿ ἀνασκευάζοντα μὲν εἰ ὑπερβολῇ τέθεικε τὸ ἴδιον οὐ γὰρ ἔσται ἴδιον τὸ κείμενον εἶναι ἴδιον Συμβαίνει γὰρ τοῖς οὕτως ἀποδιδοῦσι τὸ ἴδιον οὐ καθ᾿ οὗ τὸν λόγον τοὔνομα ἀληθεύεσθαι φθαρέντος γὰρ τοῦ πράγματος οὐδὲν ἧττον ἔσται ὁ λόγος τῶν γὰρ ὄντων τινὶ μάλιστα ὑπάρχει Οἷον εἴ τις ἀποδοίη τοῦ πυρὸς ἴδιον σῶμα τὸ κουφότατον φθαρέντος γὰρ τοῦ πυρὸς ἔσται τι τῶν σωμάτων ὃ κουφότατον ἔσται ὥστ᾿ οὐκ αν εἴη τοῦ πυρὸς ἴδιον σῶμα τὸ κουφότατον Κατασκευάζοντα δὲ εἰ μὴ ὑπερβολῇ τέθεικε τὸ ἴδιον ἔσται γὰρ κατὰ τοῦτο καλῶς κείμενον τὸ ἴδιον Οἷον ἐπεὶ ὁ θεὶς ἀνθρώπου ἴδιον ζῷον ἥμερον φύσει οὐχ ὑπερβολῇ ἀποδέδωκε τὸ ἴδιον εἴη ἂν κατὰ τοῦτο καλῶς κείμενον τὸ ἴδιον ΤΟΠΙΚΩΝ Ζ,المواضع اخري وبعد هذا ينظر النافي ان كان اذا وصف الخاصة بالقوة وصفها بالقوة خاصة بالقياس الي لا موجود ان كان لا يمكن في القوة ان تكون موجودة للا موجود وذلك انه لا يكون الموضوع ليكون خاصة خاصة مثال ذلك انه لما كان من قال ان خاصة الهواء انه مستنشق فقد وصف الخاصة بالقوة لان هذه الخاصة اعني انه يستنشق او انه مستنشق هذه حالها ووضعها ايضا بالقياس الي لا موجود وذلك انه اذا لم يوجد الحي وهو الذي من شانه ان يتنفس فقد يمكن ان يوجد الهواء الا انه اذا لم يكن الحي موجودا فليس يمكن ان يتنفس فليس يكون اذن الهواء موجودا بالحال التي هو بها مستنشق في الوقت الذي لا يكون الحي فيه بحال يتنفس فيها فليس خاصة الهواء اذن ان يكون مستنشقا فاما المثبت فينظر ان كان اذا وصف الخاصة بالقوة يصفها بالقياس الي موجود او الي لا موجود اذا كان يمكن في القوة ان يوجود اللاموجود فقد يكون خاصة ما يوضع الا يكون خاصة مثال ذلك انه لما كان من وصف خاصة الموجود انه الممكن فيه ان يفعل او ينفعل فقد وصف الخاصة بالقوة وصفها بالقياس الي موجود لان الشء اذا كان موجودا فقد يمكن ان ينفعل شيءا ويفعل فخاصة الموجود انه يمكن فيه ان ينفعل شيءا او يفعل وبعد هذا فللنافي ان ينظر ان كان وضع الخاصة بالاغلب فليس بخاصة ما وضع ليكون خاصة لانه قد يعرض للذين يصفون الخاصة بهذه الصفة الا يكون الاسم عندهم يصدق علي ما يقع عليه القول وذلك ان الامر اذا فسد بقي القول بحاله لانه قد يءخذ خاصة لشء من الاشياء مثال ذلك انه ان وصف واصف خاصة النار بانها اخف الاجسام وذلك ان النار لو فسدت لقد كان يءخذ من الاجسام ما يكون اخفها فليس خاصة النار اذا انها اخف الاجسام فاما المثبت فينظر ان كان لم يضع الخاصة بالاغلب فنعم ما وضعت الخاصة في هذا المعني مثال ذلك انه لما كان من وضع خاصة الانسان انه حيوان انس بالطبع لم يضع الخاصة بالاغلب فنعم ما وضع الخاصة في هذا المعني تمت المقالة الخامسة من كتاب طوپيقا وقوبل به,5,9
Ζ Τῆς δὲ περὶ τοὺς ὅρους πραγματείας μέρη πέντε ἐστίν Ἢ γὰρ ὅτι ὅλως οὐκ ἀληθὲς εἰπεῖν καθ᾿ οὗ τοὔνομα καὶ τὸν λόγον δεῖ γὰρ τὸν τοῦ ἀνθρώπου ὁρισμὸν κατὰ παντὸς ἀνθρώπου ἀληθεύεσθαι ἢ ὅτι ὄντος γένους οὐκ ἔθηκεν εἰς τὸ γένος ἢ οὐκ εἰς τὸ οἰκεῖον γένος ἔθηκεν δεῖ γὰρ τὸν ὁριζόμενον εἰς τὸ γένος θέντα τὰς διαφορὰς προσάπτειν μάλιστα γὰρ τῶν ἐν τῷ ὁρισμῷ τὸ γένος δοκεῖ τὴν τοῦ ὁριζομένου οὐσίαν σημαίνειν ἢ ὅτι οὐκ ἴδιος ὁ λόγος δεῖ γὰρ τὸν ὁρισμὸν ἴδιον εἶναι καθάπερ καὶ πρότερον εἴρηται ἢ εἰ πάντα τὰ εἰρημένα πεποιηκὼς μὴ ὥρισται μηδ᾿ εἴρηκε τὸ τί ἦν εἶναι τῷ ὁριζομένῳ Λοιπὸν δὲ παρὰ τὰ εἰρημένα εἰ ὥρισται μέν μὴ καλῶς δ᾿ ὥρισται Εἰ μὲν οὖν μὴ ἀληθεύεται καθ᾿ οὗ τοὔνομα καὶ ὁ λόγος ἐκ τῶν πρὸς τὸ συμβεβηκὸς τόπων ἐπισκεπτέον Καὶ γὰρ ἐκεῖ πότερον ἀληθὲς ἢ οὐκ ἀληθές πᾶσα ἡ σκέψις γίνεται ὅταν μὲν γὰρ ὅτι ὑπάρχει τὸ συμβεβηκὸς διαλεγώμεθα ὅτι ἀληθὲς λέγομεν ὅταν δ᾿ ὅτι οὐχ ὑπάρχει ὅτι οὐκ ἀληθές Εἰ δὲ μὴ ἐν τῷ οἰκείῳ γένει ἔθηκεν ἢ εἰ μὴ ἴδιος ὁ ἀποδοθεὶς λόγος ἐκ τῶν πρὸς τὸ γένος καὶ τὸ ἴδιον ῥηθέντων τόπων ἐπισκεπτέον Λοιπὸν δ᾿ εἰ μὴ ὥρισται ἢ εἰ μὴ καλῶς ὥρισται πῶς μετιτέον εἰπεῖν Πρῶτον μὲν οὖν ἐπισκεπτέον εἰ μὴ καλῶς ὥρισται Ῥᾷον γὰρ ὁτιοῦν ποιῆσαι ἢ καλῶς ποιῆσαι Δῆλον οὖν ὅτι ἡ ἁμαρτία περὶ τοῦτο πλείων ἐπειδὴ ἐργωδέστερον ὥσθ᾿ ἡ ἐπιχείρησις ῥᾴων ἡ περὶ τοῦτο ἢ ἡ περὶ ἐκεῖνο γίνεται Ἔστι δὲ τοῦ μὴ καλῶς μέρη δύο ἓν μὲν τὸ ἀσαφεῖ τῇ ἑρμηνείᾳ κεχρῆσθαι δεῖ γὰρ τὸν ὁριζόμενον ὡς ἐνδέχεται σαφεστάτῃ τῇ ἑρμηνείᾳ κεχρῆσθαι ἐπειδὴ τοῦ γνωρίσαι χάριν ἀποδίδοται ὁ ὁρισμός δεύτερον δ᾿ εἰ ἐπὶ πλεῖον εἴρηκε τὸν λόγον τοῦ δέοντος πᾶν γὰρ τὸ προσκείμενον ἐν τῷ ὁρισμῷ περίεργον Πάλιν δ᾿ ἑκάτερον τῶν εἰρημένων εἰς πλείω μέρη διείληπται,تقسيم عام لمشاكل الحد قال اما صناعة الحدود فاجزاءها خمسة وذلك انه اما الا يصدق القول اصلا علي ما يقال عليه الاسم فانه ينبغي ان يكون حد الانسان يصدق علي كل انسان واما ان يكون للشء جنس موجود فلم يضعه في الجنس او لم يضعه في الجنس الذي يخصه فانه يجب علي من يحد ان يجعل الشء في جنسه ويضيف اليه الفصول وذلك انه اولي بالدلالة علي جوهر المحدود من كل ما في الحد واما الا يكون القول خاصا بالشء فانه ينبغي ان يكون حد الشء خاصا به كما قلنا ايضا واما ان يكون اذا عمل جميع ما وصفنا لم يحد ولم يقل اليه المحدود ما هي والباقي الخارج مما وصفنا ان كان قد وجد ولم يصب في التحديد فاما ان كان لا يصدق علي ما يقال عليه الاسم فينبغي ان ننظر فيه من المواضع التي قيلت في العرض وذلك ان النظر باسره هناك هو ان هل الشء حق او غير حق لانا اذا قلنا ان العرض يوجد فانما نقول انه حق واذا قلنا انه ليس يوجد قاءما نقول انه ليس بحق فاما ان كان لم يضعه في الجنس الخاص به او ان كان القول الموفي غير خاص به فانما ينبغي ان نبحث عنه من المواضع التي قيلت في الجنس وفي الخاصة فاما ان كان لم يحد او ان كان لم يصب في تحديده فان عمل اي شء كان اسهل من الاصابة في عمله فمن البين ان الخطا في هذا المعني اكثر لانه اصعب فيجب ان يكون مرام هذا اسهل من مرام ذاك واجزاء ما يجري علي غير صواب جزءان الواحد استعمال العبارة الغامضة وذلك انه ينبغي للذي يحد شيءا ان يستعمل ما امكن العبارة التي في غاية البيان لان الحد انما يوفي ليعرف به الشء والثاني ان يكون قد تجاوز بالقول ما يجب وذلك ان كل ما يزاد علي الحد فانما هو فضل وايضا فان كل واحد من الجزءين الموصوفين ينقسم الي اجزاء كثيرة,6,1
Εἷς μὲν οὖν τόπος τοῦ ἀσαφῶς εἰ ὁμώνυμόν ἐστί τινι τὸ εἰρημένον οἷον ὅτι ἡ γένεσις ἀγωγὴ εἰς οὐσίαν ἢ ὅτι ἡ ὑγίεια συμμετρία θερμῶν καὶ ψυχρῶν Ὁμώνυμος γὰρ ἡ ἀγωγὴ καὶ ἡ συμμετρία ἄδηλον οὖν ὁπότερον βούλεται λέγειν τῶν δηλουμένων ὑπὸ τοῦ πλεοναχῶς λεγομένου Ὁμοίως δὲ καὶ εἰ τοῦ ὁριζομένου πλεοναχῶς λεγομένου μὴ διελὼν εἶπεν ἄδηλον γὰρ ὁποτέρου τὸν ὅρον ἀποδέδωκεν ἐνδέχεταί τε συκοφαντεῖν ὡς οὐκ ἐφαρμόττοντος τοῦ λόγου ἐπὶ πάντα ὧν τὸν ὁρισμὸν ἀποδέδωκεν Μάλιστα δ᾿ ἐνδέχεται τὸ τοιοῦτον ποιεῖν λανθανούσης τῆς ὁμωνυμίας Ἐνδέχεται δὲ καὶ διελόμενον αὐτόν ποσαχῶς λέγεται τὸ ἐν τῷ ὁρισμῷ ἀποδοθέν συλλογισμὸν ποιῆσαι εἰ γὰρ κατὰ μηδένα τῶν τρόπων ἱκανῶς εἴρηται δῆλον ὅτι οὐκ ἂν ὡρισμένος εἴη κατὰ τρόπον Ἄλλος εἰ κατὰ μεταφορὰν εἴρηκεν οἷον εἰ τὴν ἐπιστήμην ἀμετάπτωτον ἢ τὴν γῆν τιθήνην ἢ τὴν σωφροσύνην συμφωνίαν Πᾶν γὰρ ἀσαφὲς τὸ κατὰ μεταφορὰν λεγόμενον Ἐνδέχεται δὲ καὶ τὴν μεταφορὰν εἰπόντα συκοφαντεῖν ὡς κυρίως εἰρηκότα οὐ γὰρ ἐφαρμόσει ὁ λεχθεὶς ὅρος οἷον ἐπὶ τῆς σωφροσύνης πᾶσα γὰρ συμφωνία ἐν φθόγγοις Ἔτι εἰ γένος ἡ συμφωνία τῆς σωφροσύνης ἐν δύο γένεσιν ἔσται ταὐτὸν οὐ περιέχουσιν ἄλληλα οὔτε γὰρ ἡ συμφωνία τὴν ἀρετὴν οὔθ᾿ ἡ ἀρετὴ τὴν συμφωνίαν περιέχει Ἔτι εἰ μὴ κειμένοις ὀνόμασι χρῆται οἷον Πλάτων ὀφρυόσκιον τὸν ὀφθαλμόν ἢ τὸ φαλάγγιον σηψιδακές ἢ τὸν μυελὸν ὀστεογενές πᾶν γὰρ ἀσαφὲς τὸ μὴ εἰωθός Ἔνια δ᾿ οὔτε καθ᾿ ὁμωνυμίαν οὔτε κατὰ μεταφορὰν οὔτε κυρίως εἴρηται οἷον ὁ νόμος μέτρον ἢ εἰκὼν τῶν φύσει δικαίων Ἔστι δὲ τὰ τοιαῦτα χείρω τῆς μεταφορᾶς ἡ μὲν γὰρ μεταφορὰ ποιεῖ πως γνώριμον τὸ σημαινόμενον διὰ τὴν ὁμοιότητα πάντες γὰρ οἱ μεταφέροντες κατά τινα ὁμοιότητα μεταφέρουσιν τὸ δὲ τοιοῦτον οὐ ποιεῖ γνώριμον οὔτε γὰρ ἡ ὁμοιότης ὑπάρχει καθ᾿ ἣν μέτρον ἢ εἰκὼν ὁ νόμος ἐστίν οὔτε κυρίως εἴωθε λέγεσθαι Ὥστε εἰ μὲν κυρίως μέτρον ἢ εἰκόνα τὸν νόμον φησὶν εἶναι ψεύδεται εἰκὼν γάρ ἐστιν οὗ ἡ γένεσις διὰ μιμήσεως τοῦτο δ᾿ οὐχ ὑπάρχει τῷ νόμῳ εἰ δὲ μὴ κυρίως δῆλον ὅτι ἀσαφῶς εἴρηκε καὶ χεῖρον ὁποιουοῦν τῶν κατὰ μεταφορὰν λεγομένων Ἔτι εἰ μὴ δῆλος ὁ τοῦ ἐναντίου λόγος ἐκ τοῦ λεχθέντος οἱ γὰρ καλῶς ἀποδεδομένοι καὶ τοὺς ἐναντίους προσσημαίνουσιν Ἢ εἰ καθ᾿ αὑτὸν λεχθεὶς μὴ φανερὸς εἴη τίνος ἐστὶν ὁρισμός ἀλλὰ καθάπερ τὰ τῶν ἀρχαίων γραφέων εἰ μή τις ἐπιγράψαι οὐκ ἐγνωρίζετο τί ἐστιν ἕκαστον,غموض الحد فاحد مواضع ما يوصف وصفا غامضا ان يكون الشء الموصوف من المتفقة اسماءها مثال ذلك ان الكون هو المصير الي الجوهر وان الصحة اعتدال الاشياء الحارة والباردة وذلك ان المصير والاعتدال من المتفقة اسماءها فليس يتبين ايما يريد ان يقول من المعني التي يدل عليها ما يقال علي انحاء كثيرة وكذلك ان كان المحدود ايضا يقال علي جهات كثيرة فذكره قبل ان يفصل جهاته لانه لا يبين حد ايما منها وفي وقد يمكن ان يعدل علي ان القول لن يطابق جميع الاشياء التي وفي حدها ويمكن ان يفعل مثل هذا خاصة اذا لم يشعر باتفاق الاسم وقد يمكن ايضا اذا لخص ما يقال في الحد علي كم جهة يقال ان يعمل قياسا وذلك انه ان كان لم يقل علي شء من هذه الجهات قولا كافيا فمن البين انه لم يحد علي ما ينبغي وموضع اخر وهو ان كان قال الشء علي جهة الاستعارة مثال ذلك ان كان سمي العلم الذي لا ينتقل او سمي الهيولي خاصة او سمي العفة اتفاقا وذلك ان كل ما يقال علي جهة الاستعارة فانه غامض غير بين وقد يمكن ان يقول من قال الشء علي جهة الاستعارة علي انه قاله علي الحقيقة فان الحد الموصوف لا يطابقه كالحال في العفة وذلك ان كل اتفاق انما يكون في النغم وايضا ان كان الاتفاق جنسا للعفة لكان شء واحد بعينه يكون في جنسين لا يحوي احدهما الاخر وذلك انه لا الاتفاق يحوي الفضيلة ولا الفضيلة تحوي الاتفاق وايضا ان كان يستعمل اسماء غير موضوعة كما فعل افلاطن عند تسميته العين المظللة بالحاجب ويسمي الرتيلاء متعفنة اللسعة وتسميته المخ المتولد في العظام وذلك ان كل ما لم تجر فيه العادة فهو غير بين وبعض الاسماء لا تقال باتفاق الاسم ولا بالعبارة مثال ذلك القول بان الناموس مقدار ومثال الاشياء العادلة بالطبع وما جري هذا المجري شر من الاستعارة وذلك ان الاستعارة قد تجعل المعني معلوما بضرب من الضروب لمكان التشابه اذ كان كل من يستعمل الاستعارة فانما يستعملها لمكان تشابه ما فاما ما جري هذا المجري فليس يجعل الشء معلوما وذلك انه ليس يوجد التشابه الذي به الناموس قدر ومثال ولا جرت العادة بان يقال فلذلك متي قال ان الناموس بالحقيقة قدر ومثال ان يكون قد كذب وذلك ان المثال هو الذي كونه بتشبيه وهذا شء ليس هو موجودا للناموس ومتي قال انه كذلك ليس علي الحقيقة فمن البين انه قال ذلك قولا غامضا واردا من اي شء كان مما يقال علي جهة الاستعارة وايضا ان لم يكن حد الضد بينا اصلا من الذي قد وصف وذلك ان التي توصف علي ما يجب قد تدل مع ما تدل عليه علي اضدادها او ان كان الموصوف في نفسه لا يبين من امره تحديد لاي شء هو لكن بمنزلة احوال الصور العتيقة ان لم يرسم احد عليها دلالتها لم يعلم ما كل واحد منها,6,2
Εἰ μὲν οὖν μὴ σαφῶς ἐκ τῶν τοιούτων ἐστὶν ἐπισκεπτέον Εἰ δ᾿ ἐπὶ πλεῖον εἴρηκε τὸν ὅρον πρῶτον μὲν σκοπεῖν εἴ τινι κέχρηται ὃ πᾶσιν ὑπάρχει ἢ ὅλως τοῖς οὖσιν ἢ τοῖς ὑπὸ ταὐτὸ γένος τῷ ὁριζομένῳ ἐπὶ πλεῖον γὰρ εἰρῆσθαι ἀναγκαῖον τοῦτο Δεῖ γὰρ τὸ μὲν γένος ἀπὸ τῶν ἄλλων χωρίζειν τὴν δὲ διαφορὰν ἀπό τινος τῶν ἐν τῷ αὐτῷ γένει Τὸ μὲν οὖν πᾶσιν ὑπάρχον ἁπλῶς ἀπ᾿ οὐδενὸς χωρίζει τὸ δὲ τοῖς ὑπὸ ταὐτὸ γένος πᾶσιν ὑπάρχον οὐ χωρίζει ἀπὸ τῶν ἐν ταὐτῷ γένει ὥστε μάταιον τὸ τοιοῦτον προσκείμενον Ἢ εἰ ἔστι μὲν ἴδιον τὸ προσκείμενον ἀφαιρεθέντος δὲ τούτου καὶ ὁ λοιπὸς λόγος ἴδιός ἐστι καὶ δηλοῖ τὴν οὐσίαν Οἷον ἐν τῷ τοῦ ἀνθρώπου λόγῳ τὸ ἐπιστήμης δεκτικὸν προστεθὲν περίεργον καὶ γὰρ ἀφαιρεθέντος τούτου ὁ λοιπὸς λόγος ἴδιος καὶ δηλοῖ τὴν οὐσίαν Ἁπλῶς δ᾿ εἰπεῖν ἅπαν περίεργον οὗ ἀφαιρεθέντος τὸ λοιπὸν δῆλον ποιεῖ τὸ ὁριζόμενον Τοιοῦτος δὲ καὶ ὁ τῆς ψυχῆς ὅρος εἰ ἀριθμὸς αὐτὸς αὑτὸν κινῶν ἐστίν καὶ γὰρ τὸ αὐτὸ αὑτὸ κινοῦν ψυψή καθάπερ Πλάτων ὥρισται Ἢ ἴδιον μέν ἐστι τὸ εἰρημένον οὐ δηλοῖ δὲ τὴν οὐσίαν ἀφαιρεθέντος τοῦ ἀριθμοῦ Ποτέρως μὲν οὖν ἔχει χαλεπὸν διασαφῆσαι χρηστέον δ᾿ ἐπὶ πάντων τῶν τοιούτων πρὸς τὸ συμφέρον Οἷον ὅτι ὁ τοῦ φλέγματος ὅρος ὑγρὸν πρῶτον ἀπὸ τροφῆς ἄπεπτον Ἣν γὰρ τὸ πρῶτον οὐ πολλά ὥστε περίεργον τὸ ἄπεπτον προσκείμενον καὶ γὰρ τούτου ἀφαιρεθέντος ὁ λοιπὸς ἔσται ἴδιος λόγος οὐ γὰρ ἐνδέχεται ἀπὸ τῆς τροφῆς καὶ τοῦτο καὶ ἄλλο τι πρῶτον εἶναι Ἢ οὐχ ἁπλῶς πρῶτον ἀπὸ τροφῆς τὸ φλέγμα ἀλλὰ τῶν ἀπέπτων πρῶτον ὥστε προσθετέον τὸ ἄπεπτον ἐκείνως μὲν γὰρ ῥηθέντος οὐκ ἀληθὴς ὁ λόγος εἴπερ μὴ πάντων πρῶτόν ἐστιν Ἔτι εἴ τι τῶν ἐν τῷ λόγῳ μὴ πᾶσιν ὑπάρχει τοῖς ὑπὸ ταὐτὸ εἶδος ὁ γὰρ τοιοῦτος χεῖρον ὥρισται τῶν χρωμένων ὃ πᾶσιν ὑπάρχει τοῖς οὖσιν Ἐκείνως μὲν γὰρ ἂν ὁ λοιπὸς ἴδιος ᾖ λόγος καὶ ὁ πᾶς ἴδιος ἔσται ἁπλῶς γὰρ πρὸς τὸ ἴδιον ὁτουοῦν προστεθέντος ἀληθοῦς ὅλος ἴδιος γίνεται Εἰ δέ τι τῶν ἐν τῷ λόγῳ μὴ πᾶσιν ὑπάρχει τοῖς ὑπὸ ταὐτὸ εἶδος ἀδύνατον ὅλον τὸν λόγον ἴδιον εἶναι οὐ γὰρ ἀντικατηγορηθήσεται τοῦ πράγματος Οἷον τὸ ζῷον πεζὸν δίπουν τετράπηχυ ὁ γὰρ τοιοῦτος λόγος οὐκ ἀντικατηγορεῖται τοῦ πράγματος διὰ τὸ μὴ πᾶσιν ὑπάρχειν τοῖς ὑπὸ ταὐτὸν εἶδος τὸ τετράπηχυ Πάλιν εἰ ταὐτὸν πλεονάκις εἴρηκεν οἷον τὴν ἐπιθυμίαν ὄρεξιν ἡδέος εἰπών πᾶσα γὰρ ἐπιθυμία ἡδέος ἐστίν ὥστε καὶ τὸ ταὐτὸν τῇ ἐπιθυμίᾳ ἡδέος ἔσται Γίνεται οὖν ὅρος τῆς ἐπιθυμίας ὄρεξις ἡδέος ἡδέος οὐδὲν γὰρ διαφέρει ἐπιθυμίαν εἰπεῖν ἢ ὄρεξιν ἡδέος ὥσθ᾿ ἑκάτερον αὐτῶν ἡδέος ἔσται Ἢ τοῦτο μὲν οὐδὲν ἄτοπον καὶ γὰρ ὁ ἄνθρωπος δίπουν ἐστίν ὥστε καὶ τὸ ταὐτὸν τῷ ἀνθρώπῳ δίπουν ἔσται Ἔστι δὲ ταὐτὸν τῷ ἀνθρώπῳ ζῷον πεζὸν δίπουν ὥστε ζῷον πεζὸν δίπουν δίπουν ἐστίν Ἀλλ᾿ οὐ διὰ τοῦτο ἄτοπόν τι συμβαίνει οὐ γὰρ κατὰ ζῴου πεζοῦ τὸ δίπουν κατηγορεῖται οὕτω μὲν γὰρ ἂν δὶς περὶ τοῦ αὐτοῦ τὸ δίπουν ἂν κατηγοροῖτο ἀλλὰ περὶ ζῴου πεζοῦ δίποδος τὸ δίπουν λέγεται ὥστε ἅπαξ μόνον τὸ δίπουν κατηγορεῖται Ὁμοίως δὲ καὶ ἐπὶ τῆς ἐπιθυμίας οὐ γὰρ κατὰ τῆς ὀρέξεως τὸ ἡδέος εἶναι κατηγορεῖται ἀλλὰ κατὰ τοῦ σύμπαντος ὥστε ἅπαξ καὶ ἐνταῦθα ἡ κατηγορία γίνεται Οὐκ ἔστι δὲ τὸ δὶς φθέγξασθαι ταὐτὸν ὄνομα τῶν ἀτόπων ἀλλὰ τὸ πλεονάκις περί τινος τὸ αὐτὸ κατηγορῆσαι οἷον ὡς Ξενοκράτης τὴν φρόνησιν ὁριστικὴν καὶ θεωρητικὴν τῶν ὄντων φησὶν εἶναι Ἡ γὰρ ὁριστικὴ θεωρητική τίς ἐστιν ὥστε δὶς τὸ αὐτὸ λέγει προσθεὶς πάλιν καὶ θεωρητικήν Ὁμοίως δὲ καὶ ὅσοι τὴν κατάψυξιν στέρησιν τοῦ κατὰ φύσιν θερμοῦ φασὶν εἶναι πᾶσα γὰρ στέρησίς ἐστι τοῦ κατὰ φύσιν ὑπάρχοντος ὥστε περίεργον τὸ προσθεῖναι τοῦ κατὰ φύσιν ἀλλ᾿ ἱκανὸν ἦν εἰπεῖν στέρησιν θερμοῦ ἐπειδὴ αὐτὴ ἡ στέρησις γνώριμον ποιεῖ ὅτι τοῦ κατὰ φύσιν λέγεται Πάλιν εἰ τοῦ καθόλου εἰρημένου προσθείη καὶ ἐπὶ μέρους οἷον εἰ τὴν ἐπιείκειαν ἐλάττωσιν τῶν συμφερόντων καὶ δικαίων τὸ γὰρ δίκαιον συμφέρον τι ὥστε περιέχεται ἐν τῷ συμφέροντι Περιττὸν οὖν τὸ δίκαιον ὥστε καθόλου εἴπας ἐπὶ μέρους προσέθηκεν Καὶ εἰ τὴν ἰατρικὴν ἐπιστήμην τῶν ὑγιεινῶν ζῴῳ καὶ ἀνθρώπῳ ἢ τὸν νόμον εἰκόνα τῶν φύσει καλῶν καὶ δικαίων τὸ γὰρ δίκαιον καλόν τι ὥστε πλεονάκις τὸ αὐτὸ λέγει,اسهاب الحد فمن امثال هذه الاشياء ينبغي ان نبحث ان كان قال قولا غامضا وان كان ذكر في التحديد اكثر مما يجب فينبغي ان ننظر اولا ان كان استعمل شيءا يوجد لكلها او بالجملة للموجودات او الاشياء التي هي والمحدود تحت نوع خاص فانه واجب ضرورة ان يكون هذا يقال علي اكثر مما قال ذاك وذلك انه واجب ان يكون الجنس يفصل من الاشياء الاخر والفصل يفصل من شء من الاشياء التي تحت جنس واحد فان الموجود لجميعها علي الاطلاق لا يفصل من شء فيها فاما الموجود لجميع التي هي تحت جنس واحد لا يفصل من التي تحت جنس واحد بعينه فزيادة ما يجري هذا المجري اذن باطلة او ان كان الذي يزاد خاصا واذا رفع كان الباقي خاصا ويدل علي الجوهر مثال ذلك ان زيد في حد الانسان قابل للعلم كان ذلك باطلا لان هذا اذا رفع منه كان القول الباقي خاصا له ويدل علي جوهره وبالجملة اقول كل ما كان اذا رفع كان الباقي يدل علي المحدود ما هو فهو باطل وكذلك يجري امر تحديد النفس اذا كان عددا يحرك ذاته وذلك ان الذي يحرك ذاته هو نفس كما حده افلاطن الا انا نقول ان هذا الذي قيل خاصة وليس يدل علي الجوهر اذا رفع العدد وباي جهة من هاتين كان الامر فقد يصعب ايضاحه وقد ينبغي ان نستعمل في جميع ما يجري هذا المجري بحسب ما يليق به وايضا فان حد البلغم انه اول رطوبة تتولد من الغذاء غير منهضمة وذلك ان قولنا اول واحد وليس بكثير فزيادتنا اذن منهضمة باطل لان هذا اذا رفع كان القول الباقي خاصة الا انا نقول لا وذلك انه يمكن ان يكون هذا وشء اخر غيره من الغذاء فليس البلغم اذا علي الاطلاق اول رطوبة من الغذاء لكن اول مما لم ينهضم فيجب كذلك ان يزاد في الحد غير منهضمة لانه اذا قيل علي جهة العموم لم يكن القول صدقا اذ كان ليس هو اول جميعها وايضا ان كان شء مما في القول لا يوجد لجميع الاشياء التي تحت نوع واحد فان تحديد مثل هذا قد حد من الذين يستعملون ما يوجد بكل الموجودات وذلك انه بتلك الجهة ان كان القول الثاني خاصا فان القول كله يكون خاصا لان الخاصة بالجملة اذا اضيف اليها شء اي شء كان صادقا فان القول باسره يكون خاصا وان كان شء مما في القول ليس يوجد لجميع الاشياء التي تحت نوع واحد فليس يمكن ان يكون القول باسره خاصا لانه ليس يرجع بالتكافء في الحمل مثال ذلك قولنا حي مشاء ذو رجلين ذو اربع اذرع فان هذا القول لا يرجع بالتكافء في الحمل علي الامر من قبل انه ليس يوجد ذو اربعة اذرع لجميع الاشياء التي تحت نوع واحد وايضا ان كان ذكر شيءا واحدا بعينه مرارا كثيرة مثال ذلك اذا قال ان الشهوة التوقان الي اللذيذ فان كل شهوة انما هي للذيذ فيصير لذلك الشء الواحد بعينه للشهوة موجودا للذيذ فيكون التوقان اذن للذيذ لانه لا فرق بين قولنا شهوة وبين قولنا توقان للذيذ فكل واحد منهما اذن يوجد للذيذ ونقول ان هذا ليس بالمنكر لان الانسان ذو رجلين فالذي هو واحد بعينه للانسان يصير ذا رجلين وقولنا حي مشاء ذو رجلين شء واحد بعينه للانسان فيصير الحي المشاء ذو الرجلين ذا رجلين ولكنه ليس يلزم لهذا السبب امر منكر لانا لم نحمل ذا الرجلين علي حي مشاء ذي الرجلين وذلك ان بهذا الوجه يكون ذو الرجلين قد حمل علي شء واحد بعينه مرتين لكن ذا الرجلين يقال علي الحي المشاء ذي الرجلين فذو الرجلين اذن انما حمل مرة واحدة فقط وكذلك يجري الامر في الشهوة لان قولنا للذيذ لم يحمل علي التوقان وانما حمل علي القول كله فيصير الحمل في هذا الموضع ايضا مرة واحدة وليس اللفظ باسم واحد بعينه مرتين من الاشياء المنكرة لكن المنكر هو ان يحمل شء واحد بعينه علي شء مل مرارا كثيرة بمنزلة ما عمل كسانوقراطس بالفهم حيث قال انه محدد للموجودات وعالم بها وذلك ان المحدد عالم ما فقد ذكرنا شيءا واحدا بعينه مرتين بزيادتنا في القول عالم وكذلك الذين يقولون ان البرد هو عدم الحرارة بالطبع وذلك ان كل عدم فانما هولما يوجد بالطبع فالزيادة في هذا القول ما يوجد في الطبع باطل لانه قد كان يكتفي بان يقول عدم الحرارة لان العدم نفسه يدل علي انه لشء بالطبع يقال وايضا ان كان الشء قيد كليا فزيد عليه جزءي بمنزلة ما نقول ان الدعة انتفاض الاشياء الموافقة والواجبة وذلك ان الواجب موافق ما فهو اذن محصور في الموافق فذكر الواجب ها هنا فضل وذلك انه ذكر كليا ثم اضاف اليه جزءيا او ان قال قاءل ان الطب العلم بالامور المصححة للحي والانسان او قال ان الناموس صورة الاشياء الجميلة بالطبع والعادلة وذلك ان العدل جميل ما فقد ذكر قاءل هذا القول شيءا واحدا مرارا كثيرة,6,3
Πότερον μὲν οὖν καλῶς ἢ οὐ καλῶς διὰ τούτων καὶ τῶν τοιούτων ἐπισκεπτέον πότερον δ᾿ εἴρηκε καὶ ὥρισται τὸ τί ἦν εἶναι ἢ οὐχί ἐκ τῶνδε Πρῶτον μὲν εἰ μὴ διὰ προτέρων καὶ γνωριμωτέρων πεποίηται τὸν ὁρισμόν Ἐπεὶ γὰρ ὁ ὅρος ἀποδίδοται τοῦ γνωρίσαι χάριν τὸ λεχθέν γνωρίζομεν δ᾿ οὐκ ἐκ τῶν τυχόντων ἀλλ᾿ ἐκ τῶν προτέρων καὶ γνωριμωτέρων καθάπερ ἐν ταῖς ἀποδείξεσιν οὕτω γὰρ πᾶσα διδασκαλία καὶ μάθησις ἔχει φανερὸν ὅτι ὁ μὴ διὰ τοιούτων ὁριζόμενος οὐχ ὥρισται Εἰ δὲ μή πλείους ἔσονται τοῦ αὐτοῦ ὁρισμοί Δῆλον γὰρ ὅτι καὶ ὁ διὰ προτέρων καὶ γνωριμωτέρων βέλτιον ὥρισται ὥστε ἀμφότεροι ἂν εἴησαν ὅροι τοῦ αὐτοῦ Τὸ δὲ τοιοῦτον οὐ δοκεῖ ἑκάστῳ γὰρ τῶν ὄντων ἕν ἐστι τὸ εἶναι ὅπερ ἐστίν ὥστ᾿ εἰ πλείους ἔσονται τοῦ αὐτοῦ ὁρισμοί ταὐτὸν ἔσται τῷ ὁριζομένῳ τὸ εἶναι ὅπερ καθ᾿ ἑκάτερον τῶν ὁρισμῶν δηλοῦται Ταῦτα δ᾿ οὐ ταὐτά ἐστιν ἐπειδὴ οἱ ὁρισμοὶ ἕτεροι Δῆλον οὖν ὅτι οὐχ ὥρισται ὁ μὴ διὰ προτέρων καὶ γνωριμωτέρων ὁρισάμενος Τὸ μὲν οὖν μὴ διὰ γνωριμωτέρων εἰρῆσθαι τὸν ὅρον διχῶς ἔστιν ἐκλαβεῖν ἢ γὰρ εἰ ἁπλῶς ἐξ ἀγνωστοτέρων ἢ εἰ ἡμῖν ἀγνωστοτέρων ἐνδέχεται γὰρ ἀμφοτέρως Ἁπλῶς μὲν οὖν γνωριμώτερον τὸ πρότερον τοῦ ὑστέρου οἷον στιγμὴ γραμμῆς καὶ γραμμὴ ἐπιπέδου καὶ ἐπίπεδον στερεοῦ καθάπερ καὶ μονὰς ἀριθμοῦ πρότερον γὰρ καὶ ἀρχὴ παντὸς ἀριθμοῦ Ὁμοίως δὲ καὶ στοιχεῖον συλλαβῆς Ἡμῖν δ᾿ ἀνάπαλιν ἐνίοτε συμβαίνει μάλιστα γὰρ τὸ στερεὸν ὑπὸ τὴν αἴσθησιν πίπτει τὸ δ᾿ ἐπίπεδον μᾶλλον τῆς γραμμῆς γραμμὴ δὲ σημείου μᾶλλον Οἱ πολλοὶ γὰρ τὰ τοιαῦτα προγνωρίζουσιν τὰ μὲν γὰρ τῆς τυχούσης τὰ δ᾿ ἀκριβοῦς καὶ περιττῆς διανοίας καταμαθεῖν ἐστίν Ἁπλῶς μὲν οὖν βέλτιον τὸ διὰ τῶν πρότερον τὰ ὕστερα πειρᾶσθαι γνωρίζειν ἐπιστημονικώτερον γὰρ τὸ τοιοῦτόν ἐστιν Οὐ μὴν ἀλλὰ πρὸς τοὺς ἀδυνατοῦντας γνωρίζειν διὰ τῶν τοιούτων ἀναγκαῖον ἴσως διὰ τῶν ἐκείνοις γνωρίμων ποιεῖσθαι τὸν λόγον Εἰσὶ δὲ τῶν τοιούτων ὁρισμῶν ὅ τε τῆς στιγμῆς καὶ ὁ τῆς γραμμῆς καὶ ὁ τοῦ ἐπιπέδου πάντες γὰρ διὰ τῶν ὑστέρων τὰ πρότερα δηλοῦσιν τὸ μὲν γὰρ γραμμῆς τὸ δ᾿ ἐπιπέδου τὸ δὲ στερεοῦ φασὶ πέρας εἶναι Οὐ δεῖ δὲ λανθάνειν ὅτι τοὺς οὕτως ὁριζομένους οὐκ ἐνδέχεται τὸ τί ἦν εἶναι τῷ ὁριζομένῳ δηλοῦν ἐὰν μὴ τυγχάνῃ ταὐτὸν ἡμῖν τε γνωριμώτερον καὶ ἁπλῶς γνωριμώτερον εἴπερ δεῖ μὲν διὰ τοῦ γένους καὶ τῶν διαφορῶν ὁρίζεσθαι τὸν καλῶς ὁριζόμενον ταῦτα δὲ τῶν ἁπλῶς γνωριμωτέρων καὶ προτέρων τοῦ εἴδους ἐστίν Συναναιρεῖ γὰρ τὸ γένος καὶ ἡ διαφορὰ τὸ εἶδος ὥστε πρότερα ταῦτα τοῦ εἴδους Ἔστι δὲ καὶ γνωριμώτερα τοῦ μὲν γὰρ εἴδους γνωριζομένου ἀνάγκη καὶ τὸ γένος καὶ τὴν διαφορὰν γνωρίζεσθαι ὁ γὰρ ἄνθρωπον γνωρίζων καὶ ζῷον καὶ πεζὸν γνωρίζει τοῦ δὲ γένους ἢ τῆς διαφορᾶς γνωριζομένης οὐκ ἀνάγκη καὶ τὸ εἶδος γνωρίζεσθαι ὥστε ἀγνωστότερον τὸ εἶδος Ἔτι τοῖς κατ᾿ ἀλήθειαν τοὺς τοιούτους ὁρισμοὺς φάσκουσιν εἶναι τοὺς ἐκ τῶν ἑκάστῳ γνωρίμων πολλοὺς τοῦ αὐτοῦ συμβήσεται λέγειν ὁρισμοὺς εἶναι ἕτερα γὰρ ἑτέροις καὶ οὐ ταὐτὰ πᾶσι τυγχάνει γνωριμώτερα ὄντα ὥστε πρὸς ἕκαστον ἕτερος ἂν εἴη ὁρισμὸς ἀποδοτέος εἴπερ ἐκ τῶν ἑκάστοις γνωριμωτέρων τὸν ὁρισμὸν ποιεῖσθαι χρή Ἔτι τοῖς αὐτοῖς ἄλλοτ᾿ ἄλλα μᾶλλον γνώριμα ἐξ ἀρχῆς μὲν τὰ αἰσθητά ἀκριβεστέροις δὲ γινομένοις ἀνάπαλιν ὥστ᾿ οὐδὲ πρὸς τὸν αὐτὸν ἀεὶ ὁ αὐτὸς ὁρισμὸς ἀποδοτέος τοῖς διὰ τῶν ἑκάστοις γνωριμωτέρων τὸν ὁρισμὸν φάσκουσιν ἀποδοτέον εἶναι Δῆλον οὖν ὅτι οὐχ ὁριστέον διὰ τῶν τοιούτων ἀλλὰ διὰ τῶν ἁπλῶς γνωριμωτέρων μόνως γὰρ ἂν οὕτως εἷς καὶ ὁ αὐτὸς ὁρισμὸς ἀεὶ γίνοιτο Ἴσως δὲ καὶ τὸ ἁπλῶς γνώριμον οὐ τὸ πᾶσι γνώριμόν ἐστιν ἀλλὰ τὸ τοῖς εὖ διακειμένοις τὴν διάνοιαν καθάπερ καὶ τὸ ἁπλῶς ὑγιεινὸν τὸ τοῖς εὖ ἔχουσι τὸ σῶμα Δεῖ μὲν οὖν ἕκαστα τῶν τοιούτων ἐξακριβοῦν χρῆσθαι δὲ διαλεγομένους πρὸς τὸ συμφέρον Μάλιστα δ᾿ ὁμολογουμένως ἀναιρεῖν ἐνδέχεται τὸν ὁρισμόν ἐὰν μήτ᾿ ἐκ τῶν ἁπλῶς γνωριμωτέρων μήτ᾿ ἐκ τῶν ἡμῖν τυγχάνῃ τὸν λόγον πεποιημένος Εἷς μὲν οὖν τρόπος τοῦ μὴ διὰ γνωριμωτέρων ἐστὶ τὸ διὰ τῶν ὑστέρων τὰ πρότερα δηλοῦν καθάπερ πρότερον εἴπαμεν ἄλλος εἰ τοῦ ἐν ἠρεμίᾳ καὶ τοῦ ὡρισμένου διὰ τοῦ ἀορίστου καὶ τοῦ ἐν κινήσει ἀποδέδοται ὁ λόγος πρότερον γὰρ τὸ μένον καὶ τὸ ὡρισμένον τοῦ ἀορίστου καὶ ἐν κινήσει ὄντος Τοῦ δὲ μὴ ἐκ προτέρων τρεῖς εἰσὶ τρόποι πρῶτος μὲν εἰ διὰ τοῦ ἀντικειμένου τὸ ἀντικείμενον ὥρισται οἷον διὰ τοῦ κακοῦ τὸ ἀγαθόν ἅμα γὰρ τῇ φύσει τὰ ἀντικείμενα Ἐνίοις δὲ καὶ ἡ αὐτὴ ἐπιστήμη ἀμφοτέρων δοκεῖ εἶναι ὥστ᾿ οὐδὲ γνωριμώτερον τὸ ἕτερον τοῦ ἑτέρου Δεῖ δὲ μὴ λανθάνειν ὅτι ἔνια ἴσως οὐκ ἔστιν ὁρίσασθαι ἄλλως οἷον τὸ διπλάσιον ἄνευ τοῦ ἡμίσεος καὶ ὅσα καθ᾿ αὑτὰ πρός τι λέγεται πᾶσι γὰρ τοῖς τοιούτοις ταὐτὸν τὸ εἶναι τῷ πρός τί πως ἔχειν ὥστ᾿ ἀδύνατον ἄνευ θατέρου θάτερον γνωρίζειν διόπερ ἀναγκαῖον ἐν τῷ τοῦ ἑτέρου λόγῳ συμπεριειλῆφθαι καὶ θάτερον Γνωρίζειν μὲν οὖν δεῖ τὰ τοιαῦτα πάντα χρῆσθαι δ᾿ αὐτοῖς ὡς ἂν δοκῇ συμφέρειν Ἄλλος εἰ αὐτῷ κέχρηται τῷ ὁριζομένῳ Λανθάνει δ᾿ ὅταν μὴ αὐτῷ τῷ τοῦ ὁριζομένου ὀνόματι χρήσηται οἷον εἰ τὸν ἥλιον ἄστρον ἡμεροφανὲς ὡρίσατο ὁ γὰρ ἡμέρᾳ χρώμενος ἡλίῳ χρῆται Δεῖ δ᾿ ὅπως φωραθῇ τὰ τοιαῦτα μεταλαμβάνειν ἀντὶ τοῦ ὀνόματος τὸν λόγον οἷον ὅτι ἡμέρα ἡλίου φορὰ ὑπὲρ γῆς ἐστίν δῆλον γὰρ ὅτι ὁ τὴν φορὰν ἡλίου ὑπὲρ γῆς εἰρηκὼς τὸν ἥλιον εἴρηκεν ὥστε κέχρηται τῷ ἡλίῳ ὁ τῇ ἡμέρᾳ χρησάμενος Πάλιν εἰ τῷ ἀντιδιῃρημένῳ τὸ ἀντιδιῃρημένον ὥρισται οἷον περιττὸν τὸ μονάδι μεῖζον ἀρτίου Ἄμα γὰρ τῇ φύσει τὰ ἐκ τοῦ αὐτοῦ γένους ἀντιδιῃρημένα τὸ δὲ περιττὸν καὶ ἄρτιον ἀντιδιῄρηται ἄμφω γὰρ ἀριθμοῦ διαφοραί Ὁμοίως δὲ καὶ εἰ διὰ τῶν ὑποκάτω τὸ ἐπάνω ὥρισται οἷον ἄρτιον ἀριθμὸν τὸν δίχα διαιρούμενον ἢ τὸ ἀγαθὸν ἕξιν ἀρετῆς τό τε γὰρ δίχα ἀπὸ τῶν δύο εἴληπται ἀρτίων ὄντων καὶ ἡ ἀρετὴ ἀγαθόν τί ἐστιν ὥσθ᾿ ὑποκάτω ταῦτα ἐκείνων ἐστίν Ἔτι δ᾿ ἀνάγκη τὸν τῷ ὑποκάτω χρώμενον καὶ αὐτῷ χρῆσθαι Ὅ τε γὰρ τῇ ἀρετῇ χρώμενος χρῆται τῷ ἀγαθῷ ἐπειδὴ ἀγαθόν τι ἡ ἀρετή ὁμοίως δὲ καὶ ὁ τῷ δίχα χρώμενος τῷ ἀρτίῳ χρῆται ἐπειδὴ εἰς δύο διῃρῆσθαι σημαίνει τὸ δίχα τὰ δὲ δύο ἄρτιά ἐστιν,مواضع اخري فهذه الاشياء وما يجري مجراها ينبغي ان نبطل هل حد الشء علي ما يجب او علي غير ما يجب فاما النظر في انه هل حد وقيل فيه ما هو ام لا فمن هذه الاشياء وما اشبهها ينبغي ان يكون اما اولا فينبغي ان ننظر لعله لا يكون عمل التحديد من اشياء هي اقدم واعرف وذلك انه لما كان الحد انما يوفي لمكان المعرفة بالامر المحدود وكانت معرفتنا بالشء لا تكون من اي شء اتفق لكن من اشياء هي اقدم واعرف كما هو في البراهين لان بهذا الوجه يجري امر كلي تعليم وتعلم كان من الظاهر ان ما لم يحد بما يجري هذا المجري لم يحد وان لم يكن الامر كذلك صارت حدود كثيرة لشء واحد بعينه فانه من البين ان الذي يكون من اشياء هي اقدم واعرف قد حد ايضا بافضل ما يكون فيصير لذلك الحدان كلاهما لشي واحد بعنيه وهذا شء لا يظن وذلك ان كل واحد من الاشياء انما انيته وذاته شء واحد فيجب من ذلك ان كان لشء واحد بعينه حدود كثيرة ان تكون انية المحدود التي يستدل عليها من كل واحد من الحدين واحدة بعينها وهاتان فليستا شيءا واحدا بعينه لان الحدين مختلفان فبين اذن ان الذي لم يحد من اشياء هي اقدم واعرف لم يحد فاما ان الحد لم يقل من اشياء هي اعرف فنفهمه علي ضربين اما اذا كانت من اشياء ليست اعرف علي الاطلاق واما من اشياء ليست اعرف عندنا فانه قد يمكن ان يكون بالضربين كليهما فبالجملة المتقدم اعرف من المتاخر بمنزلة ما النقطة اقدم من الخط والخط اقدم من البسيط والبسيط من المصمت وبمنزلة ما ان الوحدة ايضا اعرف من العدد فانها اقدم من كل عدد ومبدا له وعلي ذلك المثال الحرف من حروف المعجم اقدم من المقطع فاما نحن فقد يعرض لنا مرارا عكس ذلك وذلك ان المصمت احق بالوقوع تحت الحس من البسيط والسطح اوقع تحت الحس من الخط والخط اوقع من النقطة ولذلك صار جمهور الناس يعرفون هذه الاشياء اكثر وذلك ان هذه يقف عليها الفهم اليسير وتيك تحتاج الي فهم صحيح بارع فبالجملة الافضل ان يلتمس تعرف ما هو متاخر بما هو متقدم فان هذا المذهب اشبه بطريق العلم والذين ايضا لا يمكنهم التعرف بامثال هذه فلعله يجب ان نجعل لهم القول من الاشياء المعروفة عندهم ومما يجري هذا المجري من التحديدات تحديد النقطة وتحديد الخط وتحديد البسيط فان جميعها يدل علي المتقدم فالاخير لانهم يقولون ان ذاك طرف الخط وهذا طرف البسيط وهذا طرف المصمت وليس ينبغي ان يذهب علينا ان الذين يجرون في الحدود هذا المجري لا يمكنهم ان يدلوا في المحدود علي الماهية ان لم يتفق ان يكون الشء الواحد بعينه معروفا عندنا ومعروفا علي الاطلاق اذ كان يجب علي الذي يحد علي الصواب ان يحد بالجنس والفصول وهذه هي من الاشياء التي هي اعرف واقدم من النوع واعرف منه ايضا وذلك ان النوع اذا عرف فواجب ضرورة ان يعرف الجنس والفصل لان من عرف الانسان فقد عرف الحي والمشاء واذا عرف الجنس او الفصل فليس يجب ضرورة ان يعرف النوع ايضا فالنوع اذن لا يعرف اكثر منهما وايضا قد يلزم بالحقيقة الذين يقولون ان التي تجري هذا المجري تحديدات اعني التي توجد من الاشياء المعروفة عند كل واحد ان يقولوا ان تحديدات كثيرة تلزم شيءا واحدا بعينه وذلك ان الاشياء التي هي اعرف مختلفة عند الناس وليست واحدة بعينها عند جميعهم فالحد لذلك عند كل واحد موصوف بخلاف ما هو عند الاخر ان كان ينبغي ان يعمل الحد من الاشياء التي هي اعرف عند كل واحد وايضا تكون اشياء مختلفة في اوقات مختلفة عند قوم باعيانهم اعرف وذلك ان في اول الامر تكون المحسوسات كذلك فاذا صاروا متحركين صار الامر بالعكس فيجب ان لا يكون حد واحد بعينه ابدا موصوفا لواحد بعينه عند الذين يقولون ان الحد ينبغي ان يكون موصوفا بالاشياء التي هي اعرف عند كل واحد فمن البين انه ليس يجب ان يكون التحديد بمثل هذه الاشياء لكن من الاشياء التي هي اعرف علي الاطلاق فان بهذا الوجه وحده يكون الحد واحدا بعينه ابدا ولعل الشء المعروف علي الاطلاق ليس هو الذي لا يعرف عند احد لكن المعروف عند الحسني الحال في الفهم بمنزلة الشء الصحي علي الاطلاق عند الحسني الحال في اجسامهم فينبغي ان نستقصي البحث عن كل واحد من امثال هذه وان نستعملها اذا تكلمنا فيما ينفع وقد يمكننا باجماع ان نرفع التحديد متي لم نجعل القول من التي هي اعرف علي الاطلاق ولا من التي التي هي اعرف عندنا واحد مواضع ما لا يكون بالاشياء التي هي اعرف ما يدل علي الاشياء المتقدمة بالمتاخرة كما قلنا انفا وموضع اخر وهو ان ينظر ان كان قول ما هو في السكون وما هو محدود وصف لنا يعني محدود وما هو في السكون وذلك ان الثابت والمحدود اقدم واعرف من غير المحدود ومما هو في الحركة واصناف ما يكون من اشياء ليست اقدم ثلاثة اما اولا فان كان المقابل قد حد بمقابله مثال ذلك ان كان الخير حد بالشر وذلك ان المتقابلين معا في الطبع وفي بعضها يظن بان العلم بالمتقابلين واحد بعينه ولذلك لا يكون احدهما اعرف من صاحبه وليس ينبغي ان يذهب علينا ان بعضها لعله الا يمكن فيها ان يحد بجهة اخري مثال ذلك ان الضعف لا يمكن ان يحد الا بالنصف وجميع ما كان يقال بذاته بالاضافة الي شء وذلك ان جميع ما يجري هذا المجري فان ما هيته انما هي بالقياس الي شء كيفما كان فليس يمكن لذلك ان يعرف احدهما دون صاحبه وبهذا السبب وجب ضرورة ان نحصر احدهما في قول الاخر فيجب ان نعلم جميع ما يجري هذا المجري وان نستعملها في هذه كما يظن بها انها توافق وموضع اخر ان كان استعمل المحدود نفسه وانما يخفي ذلك اذا لم يستعمل اسم المحدود بعينه مثلما يحد الشمس انها كوكب يظهر نهارا وذلك ان من استعمل النهار فقد استعمل الشمس وينبغي اذا اردنا كشف مثل هذا ان ننقل الاسم الي قول مثال ذلك ان كان النهار هو حركة الشمس فوق الارض فمن البين ان من قال حركة الشمس فوق الارض فقد قال الشمس فمن استعمل اذن الشمس فقد استعمل النهار وايضا اذا كان حد القسيم بقسيمه مثل ما تقول في الفرد انه اعظم من الزوج بواحد وذلك ان الاشياء التي هي قسيمة بعضها لبعض من جنس واحد بعينه معا في الطبع والزوج والفرد قسيمان لانهما جميعا فصلا العدد وكذلك ان حد ما فوق بما اسفل مثل قولنا ان العدد الزوج هو ما انقسم بنصفين او ان الخير ملكة للفضيلة وذلك ان قولنا بنصفين هما احد من الاثنين اللذين هما زوج والخير فضيلة ما فهذه اذن تحت تلك وايضا تحت ضرورة علي الذي يستعمل ما اسفل ان يستعمله ايضا وذلك ان الذي يستعمل الفضيلة قد يستعمل الخير لان الفضيلة خير ما وكذلك من استعمل بنصفين فقد استعمل الزوج لان قولنا ان الشء انقسم بنصفين يدل علي انه قد انقسم باثنين والاثنان زوج,6,4
Καθόλου μὲν οὖν εἰπεῖν εἷς ἐστὶ τόπος τὸ μὴ διὰ προτέρων καὶ γνωριμωτέρων ποιήσασθαι τὸν λόγον μέρη δ᾿ αὐτοῦ τὰ εἰρημένα Δεύτερος εἰ ἐν γένει τοῦ πράγματος ὄντος μὴ κεῖται ἐν γένει Ἐν ἅπασι δὲ τὸ τοιοῦτον ἁμάρτημά ἐστιν ἐν οἷς οὐ πρόκειται τοῦ λόγου τὸ τί ἐστιν οἷον ὁ τοῦ σώματος ὁρισμός τὸ ἔχον τρεῖς διαστάσεις ἢ εἴ τις τὸν ἄνθρωπον ὁρίσαιτο τὸ ἐπιστάμενον ἀριθμεῖν Οὐ γὰρ εἴρηται τί ὂν τρεῖς ἔχει διαστάσεις ἢ τί ὂν ἐπίσταται ἀριθμεῖν τὸ δὲ γένος βούλεται τὸ τί ἐστι σημαίνειν καὶ πρῶτον ὑποτίθεται τῶν ἐν τῷ ὁρισμῷ λεγομένων Ἔτι εἰ πρὸς πλείω λεγομένου τοῦ ὁριζομένου μὴ πρὸς πάντα ἀποδέδωκεν οἷον εἰ τὴν γραμματικὴν ἐπιστήμην τοῦ γράψαι τὸ ὑπαγορευθέν προσδεῖται γὰρ ὅτι καὶ τοῦ ἀναγνῶναι οὐδὲν γὰρ μᾶλλον τοῦ γράψαι ἢ τοῦ ἀναγνῶναι ἀποδοὺς ὥρισται ὥστ᾿ οὐδέτερος ἀλλ᾿ ὁ ἄμφω ταῦτ᾿ εἰπών ἐπειδὴ πλείους οὐκ ἐνδέχεται ταὐτοῦ ὁρισμοὺς εἶναι Ἐπ᾿ ἐνίων μὲν οὖν κατ᾿ ἀλήθειαν ἔχει καθάπερ εἴρηται ἐπ᾿ ἐνίων δ᾿ οὔ οἷον ἐφ᾿ ὅσων μὴ καθ᾿ αὑτὸ πρὸς ἄμφω λέγεται καθάπερ ἰατρικὴ τοῦ νόσον καὶ ὑγίειαν ποιῆσαι τοῦ μὲν γὰρ καθ᾿ αὑτὴν λέγεται τοῦ δὲ κατὰ συμβεβηκός ἁπλῶς γὰρ ἀλλότριον τῆς ἰατρικῆς τὸ νόσον ποιεῖν Ὥστ᾿ οὐδὲν μᾶλλον ὥρισται ὁ πρὸς ἄμφω ἀποδοὺς τοῦ πρὸς θάτερον ἀλλ᾿ ἴσως καὶ χεῖρον ἐπειδὴ καὶ τῶν λοιπῶν ὁστισοῦν δυνατός ἐστι νόσον ποιῆσαι Ἔτι εἰ μὴ πρὸς τὸ βέλτιον ἀλλὰ πρὸς τὸ χεῖρον ἀποδέδωκε πλειόνων ὄντων πρὸς ἃ λέγεται τὸ ὁριζόμενον πᾶσα γὰρ ἐπιστήμη καὶ δύναμις τοῦ βελτίστου δοκεῖ εἶναι Πάλιν εἰ μὴ κεῖται ἐν τῷ οἰκείῳ γένει τὸ λεχθέν σκοπεῖν ἐκ τῶν περὶ τὰ γένη στοιχείων καθάπερ πρότερον εἴρηται Ἔτι εἰ ὑπερβαίνειν λέγει τὰ γένη οἷον ὁ τὴν δικαιοσύνην ἕξιν ἰσότητος ποιητικὴν ἢ διανεμητικὴν τοῦ ἴσου Ὑπερβαίνει γὰρ οὕτως ὁριζόμενος τὴν ἀρετήν Ἀπολιπὼν οὖν τὸ τῆς δικαιοσύνης γένος οὐ λέγει τὸ τί ἦν εἶναι ἡ γὰρ οὐσία ἑκάστῳ μετὰ τοῦ γένους Ἔστι δὲ τοῦτο ταὐτὸν τῷ μὴ εἰς τὸ ἐγγυτάτω γένος θεῖναι ὁ γὰρ εἰς τὸ ἐγγυτάτω θεὶς πάντα τὰ ἐπάνω εἴρηκεν ἐπειδὴ πάντα τὰ ἐπάνω γένη τῶν ὑποκάτω κατηγορεῖται Ὥστ᾿ ἢ εἰς τὸ ἐγγυτάτω γένος θετέον ἢ πάσας τὰς διαφορὰς τῷ ἐπάνω γένει προσαπτέον δι᾿ ὧν ὁρίζεται τὸ ἐγγυτάτω γένος Οὕτω γὰρ οὐδὲν ἂν εἴη παραλελοιπώς ἀλλ᾿ ἀντ᾿ ὀνόματος λόγῳ εἰρηκὼς ἂν εἴη τὸ ὑποκάτω γένος Ὁ δ᾿ αὐτὸ μόνον τὸ ἐπάνω γένος εἴπας οὐ λέγει καὶ τὸ ὑποκάτω γένος ὁ γὰρ φυτὸν εἴπας οὐ λέγει δένδρον,مواضع اخري فبالجملة نقول ان كان موضعا يصير القول من اشياء ليست اقدم ولا اعرف واجزاءه ما وصفنا وموضع ثان ان ينظر ان كان الامر موجودا في جنس ولم يوضع في جنس وهذا الخطا يوجد في جميع الاشياء التي فيها لا يتقدم فيوضع ما الشء مثال ذلك تحديد الجسم انه الذي له ثلاثة ابعاد او مثل تحديد الانسان بانه الذي يحسن ان يحسب والجنس من شانه ان يدل علي ما هو الشء ويوضع اول الاشياء التي تقال في التحديد وايضا ان كان المحدود يقال في اشياء كثيرة فلم يضعه فيها كلها مثال ذلك ان قال ان الكتابة العلم بالخط وذلك انه يحتاج الي ان يقال وبالقراءة ايضا لان بهذا الحد لم يحد بذكره الخط اكثر مما كان تحديده بذكر القراءة فليس واحد منهما حدا لكن من قال هذين كليهما فقد حد لان اشياء كثيرة لا يمكن ان تكون حدودا لشء واحد بعينه وفي بعض الاشياء يكون ذلك حقا كما قلنا وفي بعضها لا مثال ذلك في الاشياء التي لا يقال فيها بذاته بحسب الامرين جميعا بمنزلة ما يقال في الطب انه يحدث الصحة والمرض وذلك انه يحدث تيك بذاته ويحدث هذا بالعرض لان الجملة احداث المرض غريب من الطبيب فالذي يصف الحد بسبب كليهما ليس هو اولي بالتحديد من الذي يصفه بحسب احدهما لكن اخلق به ان يكون دونه لان من اراد من ساءر العوام امكنه ان يحدث مرضا وينظر ايضا ان كان في صفة الشء لا بحسب الامر الافضل لكن بحسب الادني اذا كانت الاشياء التي يقال المحدود بحسبها كثيرة وذلك ان كل علم وكل قوة فانما يظن بها انها للشء الافضل وايضا ينبغي ان ينظر ان كان الموصوف لم يوضع في الجنس الذي يخصه من الاسطقسات التي في الجنس كما تقدم من قولنا وينظر ايضا ان كان في صفة الشء يتجاوز الاجناس مثال ذلك ان قال العدل هو ملكة فعالة المساواة او موزعة الحق بالسواء فان الذي حد هذا الحد يجاوز الفضيلة لانه لما اغفل جنس العدل لم يقل ما هيته وذلك ان الجوهر لكل واحد انما هو مع جنسه وهذا هو والا يوضع الشء في اقرب الاجناس منه سءالا ومن وضع اقرب الاجناس فقد ذكر جميع الاجناس التي فوق لان جميع الاجناس التي فوق تحمل علي التي تحت فيجب اذا اما ان يوضع الشء في جنسه الاقرب واما ان يضم جميع الفصول التي بها يحد الجنس الاقرب الي الجنس الاعلي فان بهذا الوجه لا يكون اغفل شيءا بل انما يكون ذكر الجنس الاسفل بقول مكان اسم واما من ذكر الجنس الاعلي فقط فلم يذكر الجنس الاسفل وذلك ان من ذكر النبات لم يذكر شجرة,6,5
Πάλιν ἐπὶ τῶν διαφορῶν ὁμοίως σκεπτέον εἰ καὶ τὰς διαφορὰς εἶπε τὰς τοῦ γένους Εἰ γὰρ μὴ ταῖς τοῦ πράγματος ἰδίαις ὥρισται διαφοραῖς ἢ καὶ παντελῶς τοιοῦτον εἴρηκεν ὃ μηδενὸς ἐνδέχεται διαφορὰν εἶναι οἷον τὸ ζῷον ἢ τὴν οὐσίαν δῆλον ὅτι οὐχ ὥρισται οὐδενὸς γὰρ διαφοραὶ τὰ εἰρημένα Ὁρᾶν δὲ καὶ εἰ ἔστιν ἀντιδιῃρημένον τι τῇ εἰρημένῃ διαφορᾷ Εἰ γὰρ μή ἐστι δῆλον ὅτι οὐκ ἂν εἴη ἡ εἰρημένη τοῦ γένους διαφορά πᾶν γὰρ γένος ταῖς ἀντιδιῃρημέναις διαφοραῖς διαιρεῖται καθάπερ τὸ ζῷον τῷ πεζῷ καὶ τῷ πτηνῷ καὶ τῷ ἐνύδρῳ καὶ τῷ δίποδι Ἣ εἰ ἔστι μὲν ἡ ἀντιδιῃρημένη διαφορά μὴ ἀληθεύεται δὲ κατὰ τοῦ γένους Δῆλον γὰρ ὅτι οὐδετέρα ἂν εἴη τοῦ γένους διαφορά πᾶσαι γὰρ αἱ ἀντιδιῃρημέναι διαφοραὶ ἀληθεύονται κατὰ τοῦ οἰκείου γένους Ὁμοίως δὲ καὶ εἰ ἀληθεύεται μέν μὴ ποιεῖ δὲ προστιθεμένη τῷ γένει εἶδος Δῆλον γὰρ ὅτι οὐκ ἂν εἴη αὕτη εἰδοποιὸς διαφορὰ τοῦ γένους πᾶσα γὰρ εἰδοποιὸς διαφορὰ μετὰ τοῦ γένους εἶδος ποιεῖ Εἰ δ᾿ αὕτη μή ἐστι διαφορά οὐδ᾿ ἡ λεχθεῖσα ἐπεὶ ταύτῃ ἀντιδιῄρηται Ἔτι ἐὰν ἀποφάσει διαιρῇ τὸ γένος καθάπερ οἱ τὴν γραμμὴν ὁριζόμενοι μῆκος ἀπλατὲς εἶναι Οὐδὲν γὰρ ἄλλο σημαίνει ἢ ὅτι οὐκ ἔχει πλάτος Συμβήσεται οὖν τὸ γένος μετέχειν τοῦ εἴδους πᾶν γὰρ μῆκος ἢ ἀπλατὲς ἢ πλάτος ἔχον ἐστίν ἐπεὶ κατὰ παντὸς ἢ ἡ κατάφασις ἢ ἡ ἀπόφασις ἀληθεύεται ὥστε καὶ τὸ γένος τῆς γραμμῆς μῆκος ὂν ἢ ἀπλατὲς ἢ πλάτος ἔχον ἔσται Μῆκος δ᾿ ἀπλατὲς εἴδους ἐστὶ λόγος ὁμοίως δὲ καὶ μῆκος πλάτος ἔχον τὸ γὰρ ἀπλατὲς καὶ πλάτος ἔχον διαφοραί εἰσιν ἐκ δὲ τῆς διαφορᾶς καὶ τοῦ γένους ὁ τοῦ εἴδους ἐστὶ λόγος ὥστε τὸ γένος ἐπιδέχοιτ᾿ ἂν τὸν τοῦ εἴδους λόγον Ὁμοίως δὲ καὶ τὸν τῆς διαφορᾶς ἐπειδὴ ἡ ἑτέρα τῶν εἰρημένων διαφορῶν ἐξ ἀνάγκης κατηγορεῖται τοῦ γένους Ἔστι δ᾿ ὁ εἰρημένος τόπος χρήσιμος πρὸς τοὺς τιθεμένους ἰδέας εἶναι Εἰ γάρ ἐστιν αὐτὸ μῆκος πῶς κατηγορηθήσεται κατὰ τοῦ γένους ὅτι πλάτος ἔχον ἐστὶν ἢ ἀπλατές ἐστιν δεῖ γὰρ κατὰ παντὸς μήκους τὸ ἕτερον αὐτῶν ἀληθεύεσθαι εἴπερ κατὰ τοῦ γένους ἀληθεύεσθαι μέλλει Τοῦτο δ᾿ οὐ συμβαίνει ἔστι γὰρ ἀπλατῆ καὶ πλάτος ἔχοντα μήκη Ὥστε πρὸς ἐκείνους μόνους χρήσιμος ὁ τόπος οἳ τὸ γένος ἓν ἀριθμῷ φασὶν εἶναι Τοῦτο δὲ ποιοῦσιν οἱ τὰς ἰδέας τιθέμενοι αὐτὸ γὰρ μῆκος καὶ αὐτὸ ζῷον γένος φασὶν εἶναι Ἴσως δ᾿ ἐπ᾿ ἐνίων ἀναγκαῖον καὶ ἀποφάσει χρῆσθαι τὸν ὁριζόμενον οἷον ἐπὶ τῶν στερήσεων τυφλὸν γάρ ἐστι τὸ μὴ ἔχον ὄψιν ὅτε πέφυκεν ἔχειν Διαφέρει δ᾿ οὐδὲν ἀποφάσει διελεῖν τὸ γένος ἢ τοιαύτῃ καταφάσει ᾗ ἀπόφασιν ἀναγκαῖον ἀντιδιαιρεῖσθαι οἷον εἰ μῆκος πλάτος ἔχον ὥρισται τῷ γὰρ πλάτος ἔχοντι τὸ μὴ ἔχον πλάτος ἀντιδιῄρηται ἄλλο δ᾿ οὐδέν ὥστε ἀποφάσει πάλιν διαιρεῖται τὸ γένος Πάλιν εἰ τὸ εἶδος ὡς διαφορὰν ἀπέδωκε καθάπερ οἱ τὸν προπηλακισμὸν ὕβριν μετὰ χλευασίας ὁριζόμενοι ἡ γὰρ χλευασία ὕβρις τις ὥστ᾿ οὐ διαφορὰ ἀλλ᾿ εἶδος ἡ χλευασία Ἔτι εἰ τὸ γένος ὡς διαφορὰν εἴρηκεν οἷον τὴν ἀρετὴν ἕξιν ἀγαθὴν ἢ σπουδαίαν γένος γὰρ τἀγαθὸν τῆς ἀρετῆς ἐστίν Ἢ οὐ γένος τἀγαθόν ἀλλὰ διαφορά εἴπερ ἀληθὲς ὅτι οὐκ ἐνδέχεται ταὐτὸν ἐν δύο γένεσιν εἶναι μὴ περιέχουσιν ἄλληλα Οὔτε γὰρ τἀγαθὸν τὴν ἕξιν περιέχει οὔθ᾿ ἡ ἕξις τἀγαθόν οὐ γὰρ πᾶσα ἕξις ἀγαθόν οὐδὲ πᾶν ἀγαθὸν ἕξις ὥστ᾿ οὐκ ἂν εἴη γένη ἀμφότερα Εἰ οὖν ἡ ἕξις τῆς ἀρετῆς γένος δῆλον ὅτι τἀγαθὸν οὐ γένος ἀλλὰ μᾶλλον διαφορά Ἔτι ἡ μὲν ἕξις τί ἐστι σημαίνει ἡ ἀρετή τὸ δ᾿ ἀγαθὸν οὐ τί ἐστιν ἀλλὰ ποιόν δοκεῖ δ᾿ ἡ διαφορὰ ποῖόν τι σημαίνειν Ὁρᾶν δὲ καὶ εἰ μὴ ποιόν τι ἀλλὰ τόδε σημαίνει ἡ ἀποδοθεῖσα διαφορά δοκεῖ γὰρ ποιόν τι πᾶσα διαφορὰ δηλοῦν Σκοπεῖν δὲ καὶ εἰ κατὰ συμβεβηκὸς ὑπάρχει τῷ ὁριζομένῳ ἡ διαφορά Οὐδεμία γὰρ διαφορὰ τῶν κατὰ συμβεβηκὸς ὑπαρχόντων ἐστί καθάπερ οὐδὲ τὸ γένος οὐ γὰρ ἐνδέχεται τὴν διαφορὰν ὑπάρχειν τινὶ καὶ μὴ ὑπάρχειν Ἔτι εἰ κατηγορεῖται τοῦ γένους ἡ διαφορὰ ἢ τὸ εἶδος ἢ τῶν κάτωθέν τι τοῦ εἴδους οὐκ ἂν εἴη ὡρισμένος οὐδὲν γὰρ τῶν εἰρημένων ἐνδέχεται τοῦ γένους κατηγορεῖσθαι ἐπειδὴ τὸ γένος ἐπὶ πλεῖστον πάντων λέγεται Πάλιν εἰ κατηγορεῖται τὸ γένος τῆς διαφορᾶς οὐ γὰρ κατὰ τῆς διαφορᾶς ἀλλὰ καθ᾿ ὧν ἡ διαφορά τὸ γένος δοκεῖ κατηγορεῖσθαι οἷον τὸ ζῷον κατὰ τοῦ ἀνθρώπου καὶ τοῦ βοὸς καὶ τῶν ἄλλων πεζῶν ζῴων οὐκ αὐτῆς τῆς διαφορᾶς τῆς κατὰ τοῦ εἴδους λεγομένης Εἰ γὰρ καθ᾿ ἑκάστης τῶν διαφορῶν τὸ ζῷον κατηγορηθήσεται πολλὰ ζῷα τοῦ εἴδους ἂν κατηγοροῖτο αἱ γὰρ διαφοραὶ τοῦ εἴδους κατηγοροῦνται Ἔτι διαφοραὶ πᾶσι ἢ εἴδη ἢ ἄτομα ἔσται εἴπερ ζῷα ἕκαστον γὰρ τῶν ζῴων ἢ εἶδός ἐστιν ἢ ἄτομον Ὁμοίως δὲ σκεπτέον καὶ εἰ τὸ εἶδος ἢ τῶν ὑποκάτω τι τοῦ εἴδους τῆς διαφορᾶς κατηγορεῖται ἀδύνατον γάρ ἐπειδὴ ἐπὶ πλέον ἡ διαφορὰ τῶν εἰδῶν λέγεται Ἔτι συμβήσεται τὴν διαφορὰν εἶδος εἶναι εἴπερ κατηγορεῖταί τι αὐτῆς τῶν εἰδῶν εἰ γὰρ κατηγορεῖται ἄνθρωπος δῆλον ὅτι ἡ διαφορὰ ἄνθρωπός ἐστιν Πάλιν εἰ μὴ πρότερον ἡ διαφορὰ τοῦ εἴδους τοῦ μὲν γὰρ γένους ὕστερον τοῦ δ᾿ εἴδους πρότερον τὴν διαφορὰν δεῖ εἶναι Σκοπεῖν δὲ καὶ εἰ ἑτέρου γένους ἡ ῥηθεῖσα διαφορὰ μὴ περιεχομένου μηδὲ περιέχοντος Οὐ δοκεῖ γὰρ ἡ αὐτὴ διαφορὰ δύο γενῶν εἶναι μὴ περιεχόντων ἄλληλα Εἰ δὲ μή συμβήσεται καὶ εἶδος τὸ αὐτὸ ἐν δύο γένεσιν εἶναι μὴ περιέχουσιν ἄλληλα ἐπιφέρει γὰρ ἑκάστη τῶν διαφορῶν τὸ οἰκεῖον γένος καθάπερ τὸ πεζὸν καὶ τὸ δίπουν τὸ ζῷον συνεπιφέρει Ὥστε εἰ καθ᾿ οὗ ἡ διαφορά καὶ τῶν γενῶν ἑκάτερον Δῆλον οὖν ὅτι τὸ εἶδος ἐν δύο γένεσιν οὐ περιέχουσιν ἄλληλα Ἢ οὐκ ἀδύνατον τὴν αὐτὴν διαφορὰν δύο γενῶν εἶναι μὴ περιεχόντων ἄλληλα ἀλλὰ προσθετέον μηδ᾿ ἄμφω ὑπὸ ταὐτὸν ὄντων Τὸ γὰρ πεζὸν ζῷον καὶ τὸ πτηνὸν ζῷον γένη ἐστὶν οὐ περιέχοντα ἄλληλα καὶ ἀμφοτέρων αὐτῶν ἐστὶ τὸ δίπουν διαφορά Ὥστε προσθετέον ὅτι μηδ᾿ ὑπὸ ταὐτὸ ὄντων ἄμφω ταῦτα γὰρ ἄμφω ὑπὸ τὸ ζῷόν ἐστιν Δῆλον δὲ καὶ ὅτι οὐκ ἀνάγκη τὴν διαφορὰν πᾶν τὸ οἰκεῖον ἐπιφέρειν γένος ἐπειδὴ ἐνδέχεται τὴν αὐτὴν δύο γενῶν εἶναι μὴ περιεχόντων ἄλληλα ἀλλὰ τὸ ἕτερον μόνον ἀνάγκη συνεπιφέρειν καὶ τὰ ἐπάνω τούτου καθάπερ τὸ δίπουν τὸ πτηνὸν ἢ τὸ πεζὸν συνεπιφέρει ζῷον Ὁρᾶν δὲ καὶ εἰ τὸ ἔν τινι διαφορὰν ἀποδέδωκεν οὐσίας οὐ δοκεῖ γὰρ διαφέρειν οὐσία οὐσίας τῷ ποῦ εἶναι Διὸ καὶ τοῖς τῷ πεζῷ καὶ τῷ ἐνύδρῳ διαιροῦσι τὸ ζῷον ἐπιτιμῶσιν ὡς τὸ πεζὸν καὶ τὸ ἔνυδρον ποῦ σημαῖνον Ἢ ἐπὶ μὲν τούτων οὐκ ὀρθῶς ἐπιτιμῶσιν οὐ γὰρ ἔν τινι οὐδὲ ποῦ σημαίνει τὸ ἔνυδρον ἀλλὰ ποιόν τι καὶ γὰρ ἂν ᾖ ἐν τῷ ξηρῷ ὁμοίως ἔνυδρον ὁμοίως δὲ τὸ χερσαῖον κἂν ἐν ὑγρῷ χερσαῖον ἀλλ᾿ οὐκ ἔνυδρον ἔσται Ἀλλ᾿ ὅμως ἐάν ποτε σημαίνῃ τὸ ἔν τινι ἡ διαφορά δῆλον ὅτι διημαρτηκὼς ἔσται Πάλιν εἰ τὸ πάθος διαφορὰν ἀποδέδωκεν Πᾶν γὰρ πάθος μᾶλλον γινόμενον ἐξίστησι τῆς οὐσίας ἡ δὲ διαφορὰ οὐ τοιοῦτον μᾶλλον γὰρ σώζειν δοκεῖ ἡ διαφορὰ οὗ ἐστὶ διαφορά καὶ ἁπλῶς ἀδύνατον εἶναι ἄνευ τῆς οἰκείας διαφορᾶς ἕκαστον πεζοῦ γὰρ μὴ ὄντος οὐκ ἔσται ἄνθρωπος Ἁπλῶς δ᾿ εἰπεῖν καθ᾿ ὅσα ἀλλοιοῦται τὸ ἔχον οὐδὲν τούτων διαφορὰ ἐκείνου Ἅπαντα γὰρ τὰ τοιαῦτα μᾶλλον γινόμενα ἐξίστησι τῆς οὐσίας Ὥστ᾿ εἴ τινα τοιαύτην διαφορὰν ἀπέδωκεν ἡμάρτηκεν ἁπλῶς γὰρ οὐκ ἀλλοιούμεθα κατὰ τὰς διαφοράς Καὶ εἴ τινος τῶν πρός τι μὴ πρὸς ἄλλο τὴν διαφορὰν ἀποδέδωκεν τῶν γὰρ πρός τι καὶ αἱ διαφοραὶ πρός τι καθάπερ καὶ τῆς ἐπιστήμης θεωρητικὴ γὰρ καὶ πρακτικὴ καὶ ποιητικὴ λέγεται ἕκαστον δὲ τούτων πρός τι σημαίνει θεωρητικὴ γάρ τινος καὶ ποιητική τινος καὶ πρακτική Σκοπεῖν δὲ καὶ εἰ πρὸς ὃ πέφυκεν ἕκαστον τῶν πρός τι ἀποδίδωσιν ὁ ὁριζόμενος Ἐνίοις μὲν γὰρ πρὸς ὃ πέφυκεν ἕκαστον τῶν πρός τι μόνον ἔστι χρῆσθαι πρὸς ἄλλο δ᾿ οὐδέν ἐνίοις δὲ καὶ πρὸς ἄλλο οἷον τῇ ὄψει πρὸς τὸ ἰδεῖν μόνον τῇ δὲ στλεγγίδι κἂν ἀρύσαιτό τις ἀλλ᾿ ὅμως εἴ τις ὁρίσαιτο τὴν στλεγγίδα ὄργανον πρὸς τὸ ἀρύειν ἡμάρτηκεν οὐ γὰρ πρὸς τοῦτο πέφυκεν Ὅρος δὲ τοῦ πρὸς ὃ πέφυκεν ἐφ᾿ ὃ ἂν χρήσαιτο ὁ φρόνιμος ᾗ φρόνιμος καὶ ἡ περὶ ἕκαστον οἰκεία ἐπιστήμη Ἢ εἰ μὴ τοῦ πρώτου ἀπέδωκεν ὅταν τυγχάνῃ πρὸς πλείω λεγόμενον οἷον τὴν φρόνησιν ἀρετὴν ἀνθρώπου ἢ ψυχῆς καὶ μὴ τοῦ λογιστικοῦ πρώτου γὰρ τοῦ λογιστικοῦ ἀρετὴ ἡ φρόνησις κατὰ γὰρ τοῦτο καὶ ἡ ψυχὴ καὶ ὁ ἄνθρωπος φρονεῖν λέγεται Ἔτι εἰ μὴ δεκτικόν ἐστιν οὗ εἴρηται τὸ ὡρισμένον πάθος ἢ ἡ διάθεσις ἢ ὁτιοῦν ἄλλο ἡμάρτηκεν Πᾶσα γὰρ διάθεσις καὶ πᾶν πάθος ἐν ἐκείνῳ πέφυκε γίνεσθαι οὗ ἐστὶ διάθεσις ἢ πάθος καθάπερ καὶ ἡ ἐπιστήμη ἐν ψυχῇ διάθεσις οὖσα ψυχῆς Ἐνίοτε δὲ διαμαρτάνουσιν ἐν τοῖς τοιούτοις οἷον ὅσοι λέγουσιν ὅτι ὕπνος ἐστὶν ἀδυναμία αἰσθήσεως καὶ ἡ ἀπορία ἰσότης ἐναντίων λογισμῶν καὶ ἡ ἀλγηδὼν διάστασις τῶν συμφύτων μερῶν μετὰ βίας οὔτε γὰρ ὁ ὕπνος ὑπάρχει τῇ αἰσθήσει ἔδει δ᾿ εἴπερ ἀδυναμία αἰσθήσεώς ἐστιν Ὁμοίως δ᾿ οὐδ᾿ ἡ ἀπορία ὑπάρχει τοῖς ἐναντίοις λογισμοῖς οὐδ᾿ ἡ ἀλγηδὼν τοῖς συμφύτοις μέρεσιν ἀλγήσει γὰρ τὰ ἄψυχα εἴπερ ἀλγηδὼν αὐτοῖς παρέσται Τοιοῦτος δὲ καὶ ὁ τῆς ὑγιείας ὁρισμός εἴπερ συμμετρία θερμῶν καὶ ψυχρῶν ἐστίν ἀνάγκη γὰρ ὑγιαίνειν τὰ θερμὰ καὶ ψυχρά ἡ γὰρ ἑκάστου συμμετρία ἐν ἐκείνοις ὑπάρχει ὧν ἐστὶ συμμετρία ὥσθ᾿ ἡ ὑγίεια ὑπάρχοι ἂν αὐτοῖς Ἔτι τὸ ποιούμενον εἰς τὸ ποιητικὸν ἢ ἀνάπαλιν συμβαίνει τιθέναι τοῖς οὕτως ὁριζομένοις Οὐ γάρ ἐστιν ἀλγηδὼν ἡ διάστασις τῶν συμφύτων μερῶν ἀλλὰ ποιητικὸν ἀλγηδόνος οὐδ᾿ ἡ ἀδυναμία τῆς αἰσθήσεως ὕπνος ἀλλὰ ποιητικὸν θάτερον θατέρου ἤτοι γὰρ διὰ τὴν ἀδυναμίαν ὑπνοῦμεν ἢ διὰ τὸν ὕπνον ἀδυνατοῦμεν Ὁμοίως δὲ καὶ τῆς ἀπορίας δόξειεν ἂν ποιητικὸν εἶναι ἡ τῶν ἐναντίων ἰσότης λογισμῶν ὅταν γὰρ ἐπ᾿ ἀμφότερα λογιζομένοις ἡμῖν ὁμοίως ἅπαντα φαίνηται καθ᾿ ἑκάτερον γίνεσθαι ἀποροῦμεν ὁπότερον πράξωμεν Ἔτι κατὰ τοὺς χρόνους πάντας ἐπισκοπεῖν εἴ που διαφωνεῖ οἷον εἰ τὸ ἀθάνατον ὡρίσατο ζῷον ἄφθαρτον νῦν εἶναι τὸ γὰρ νῦν ἄφθαρτον ζῷον νῦν ἀθάνατον ἔσται ἢ ἐπὶ μὲν τούτου οὐ συμβαίνει ἀμφίβολον γὰρ τὸ νῦν ἄφθαρτον εἶναι ἢ γὰρ ὅτι οὐκ ἔφθαρται νῦν σημαίνει ἢ ὅτι οὐ δυνατὸν φθαρῆναι νῦν ἢ ὅτι τοιοῦτόν ἐστι νῦν οἷον μηδέποτε φθαρῆναι Ὅταν οὖν λέγωμεν ὅτι ἄφθαρτον νῦν ἐστὶ ζῷον τοῦτο λέγομεν ὅτι νῦν τοιοῦτόν ἐστι ζῷον οἷον μηδέποτε φθαρῆναι Τοῦτο δὲ τῷ ἀθανάτῳ τὸ αὐτὸ ἦν ὥστ᾿ οὐ συμβαίνει νῦν αὐτὸ ἀθάνατον εἶναι Ἀλλ᾿ ὅμως ἂν συμβαίνῃ τὸ μὲν κατὰ τὸν λόγον ἀποδοθὲν ὑπάρχειν νῦν ἢ πρότερον τὸ δὲ κατὰ τοὔνομα μὴ ὑπάρχειν οὐκ ἂν εἴη ταὐτόν Χρηστέον οὖν τῷ τόπῳ καθάπερ εἴρηται,مواضع اخري وفي الفصول ايضا ينبغي ان ينظر مثل ذلك اعني ان كان ذكر فصول الجنس فانه ان كان لم يحد الامر بفصوله او ان كان بالكلية ذكر سببا يجري مجري ما لا يمكن ان يكون فصلا لشء من الاشياء بمنزلة الحي او الجوهر فمن البين انه لم يحد لان الاشياء المذكورة ليست فصلا لشء من الاشياء وينبغي ان ينظر ايضا ان كان شء قسيما للفصل المذكور وذلك انه ان لم يكن كذلك فبين ان الفصل المذكور ليس هو للجنس لان كل جنس انما ينقسم بالفصول التي يوازي في القسمة بعضها بعضا بمنزلة ما ينقسم الحي بالمشاء والطاءر وذي الرجلين او ان كان الفصل قسيما الا انه لا يصدق علي الجنس وذلك انه بين انه ولا الفصل الاخر للجنس وان جميع الفصول التي يوازي بعضها بعضا في القسمة يصدق علي الجنس الذي يخصها وكذلك ان كان يصدق عليه الا انه اذا اضيف الي الجنس لم يحدث نوعا فانه من البين ان هذا ليس بفصل للجنس محدث نوع وذلك ان كل فصل مع جنسه يحدث نوعا واذا كان هذا ليس بفصل فليس الموصوف ايضا فصلا لانه قسيم لهذا وايضا ان كان يقسم الجنس بالسلب تميز له قول الذين يحدون الخط بانه طول بلا عرض فان هذا ليس يدل علي شء اخر غير ان ليس له عرض فيلزم لذلك ان يكون الجنس يشارك النوع وذلك ان كل طول اما ان يكون بلا عرض واما ان يكون ذا عرض فانه قد يصدق علي كل شء اما الموجبة واما السالبة فيصير لذلك جنس الخط الذي هو الطول اما بلا عرض واما ذا عرض وقولنا طول بلا عرض قول للنوع وكذلك قولنا طول له عرض وذلك ان قولنا بلا عرض و له عرض فصلان وقول النوع انما هو من الفصل والجنس فالجنس اذا يقبل قول النوع وعلي ذلك المثال ايضا يقبل قول الفصل لان احد الفصلين المذكورين يحمل من الاضطرار علي الجنس وهذا الموضع نافع للذين يعتقدون وجود الصور وذلك انه ان لم يكن الطول بعينه موجودا فكيف يكون يحمل علي الجنس ان له عرضا او لا عرض له وذلك انه ينبغي ان يصدق احد هذين علي كل طول ان كان من شانه ان يصدق علي الجنس وهذا شء ليس بعرض لانه قد توجد اطوال بلا عرض واطوال لها عرض فهذا الموضع اذا انما ينتفع به اولءك فقط الذين يقولون ان الجنس واحد في العدد وانما يفعل هذا الذين يعتقدون وجود الصور وحدهم وذلك انهم يقولون ان الطول بعينه والحي بعينه جنس وخليق ان يكون يجب ضرورة علي الذي يحد ان يستعمل في بعض الامور السلب كالحال في العدم وذلك ان الاعمي هو الذي ليس له بصر في الوقت الذي من شانه ان يكون له لانه لا فرق اصلا بين ان يقسم الجنس بسلب او بايجاب يجب ضرورة ان يوازيه في القسم سلب مثل ان يكون قد حد طول له عرض وذلك ان الذي لا عرض له يوازي في القسمة ما له عرض وليس يوازيه شء اخر غيره فقد يقسم الجنس بالسلب ايضا وينظر ايضا ان كان وصف النوع علي انه فصل بمنزلة الذين يحدون التعبير بانه شتم وذلك ان الاستخفاف شتم ما فالاستخفاف اذن نوع لا فصل وينظر ايضا ان كان ذكر الجنس علي انه فصل مثل ان قال ان الفضيلة ملكة محمودة او صالحة لان المحمود جنس للفضيلة لا فصل او يكون المحمود ليس بجنس للفضيلة بل فصلا ان كان حقا انه لا يمكن ان يكون شء واحد بعينه في جنسين لا يحوي احدهما الاخر وذلك انه لا المحمود يحوي الملكة ولا الملكة تحوي المحمود اذ كان ليس كل ملكة امرا محمودا ولا كل امر محمود ملكة فليس كلاهما اذن جنسين ولان الملكة جنس للفضيلة فمن البين ان المحمود ليس بجنس لكنه فصل وايضا فان الملكة تدل علي ما هي الفضيلة والمحمود لا يدل علي ما هي بل علي اي شء هي وقد يظن بالفصل انه يدل علي اي شء وينظر ايضا ان كان الفصل المذكور لا يدل علي اي شء لكن علي شء مشار اليه لانه قد يظن بكل فصل انه يدل علي اي شء وينظر ايضا ان كان الفصل يوجد للشء المحدود بالعرض وذلك انه ليس يكون فصل من الفصول من الاشياء التي توجد بالعرض كما ان ذلك لا يكون في الجنس لانه لا يمكن ان يكون الفصل يوجد لشء ولا يوجد وينظر ايضا ان كان الفصل او النوع او شء من الاشياء التي تحت النوع تحمل علي الجنس فليس هو محدودا لان ليس يمكن ان يحمل شء من هذه علي الجنس لان الجنس يقال علي اكبر مما تقال عليه هذه وينظر ايضا ان كان الجنس يحمل علي الفصل لان الجنس يظن به انه ليس يحمل علي الفصل لكن علي التي يحمل عليها الفصل مثال ذلك ان الحي يحمل علي الانسان وعلي الثور وعلي ساءر الحيوان المشاء لا علي الفصل المقول علي النوع وذلك انه لو كان الحي يحمل علي كل واحد من الفصول لقد كانت حيوانات كثيرة تحمل علي النوع لان الفصول علي النوع تحمل وايضا تصير الفصول كلها اما نوعا واما شخصا ان كانت حيوانات لان كل واحد من الحيوانات هو نوع او شخص وعلي ذلك المثال ينبغي ان ننظر ان كان النوع او شء مما تحت النوع يحمل علي الفصل فان ذلك غير ممكن لان الفصل يقال علي اكثر مما يقال عليه النوع ثم يلزم ان يكون الفصل نوعا اذ كان شء من الانواع يحمل عليه وذلك ان الانسان ان كان يحمل عليه فمن البين ان الانسان فصل وينظر ايضا الا يكون الفصل اقدم من النوع لان الفصل ينبغي ان يكون بعد الجنس وقبل النوع وينظر ايضا ان كان الفصل المذكور لجنس اخر لا يحوي ولا يحوي لان الفصل الواحد بعينه ليس يظن به انه يكون لجنسين لا يحوي احدهما الاخر والا لزم ان يكون نوع واحد بعينه في جنسين لا يحوي احدهما الاخر وذلك ان كل واحد من الفصول يردف بالجنس الذي يخصه كما ان المشاء ذا الرجلين يردف بالحي فما يحمل عليه اذا الفصل حمل عليه كل واحد من الجنسين فمن البين ان النوع يصير في جنسين لا يحوي احدهما الاخر او نقول انه ليس ممتنعا ان يكون فصل واحد بعينه لجنسين لا يحوي احدهما الاخر ولكن ينبغي ان نضيف الي ذلك ان ليس كلاهما يوجد تحت جنس واحد لان الحي المشاء والحي الطاءر جنسان وليس يحوي احدهما الاخر وذو الرجلين فصل لكليهما فينبغي ان يضيف الي ذلك ان يكون كلاهما تحت جنس واحد فان هذين كليهما تحت الحي وبين ايضا انه ليس يجب ضرورة ان يكون الفصل يردف بالجنس الذي يخصه كله لانه قد يمكن ان يكون فصل واحد بعينه لجنسين لا يحوي احدهما الاخر لكن الواجب ضرورة هو ان يردف باحدهما فقط وبجميع الاجناس التي فوقه كما يردف ذو الرجلين بالحي المشاء او الطاءر وينظر ايضا ان كان وصف فصل الجوهر بما يكون في شء لانه ليس يظن ان جوهرا يخالف جوهرا بانه بحيث ما وكذلك يعذلون من يحد الحي بالماءي والبري اذ كانا يدلان علي حيث ما الا انا نقول ان عذلهم في هذا المعني ليس علي الصواب لان قولنا بري ليس يدل علي شء في شء ولا علي اين لكن علي اي شء لانه وان كان في الماء فهو بري علي مثال واحد فليس يصير ماءيا الا انه علي حال ان كان الفصل يدل في وقت من الاوقات علي ان شيءعا في شء فبين ان من استعمله يكون مخطءا وينظر ايضا ان كان وصف الانفعال فصلا وذلك ان كل انفعال اذا يزيد اخرج الشء من الجوهر والفصل ليس كذلك اذ كان الفصل يظن به انه يحفظ الشء الذي هو له فصل وبالجملة فغير ممكن ان يوجد كل واحد خلوا من الفصل الذي يخصه وذلك انه متي لم يوجد المشاء لم يوجد الانسان وبالجملة اقول ان كل الاشياء التي يستحيل بها الشء الذي يوجد له ولا شء منها يكون فصلا لذلك الشء لان هذه كلها اذا تزيدت باعدت من الجوهر فيجب من ذلك ان يكون متي وصف شيءا مثل هذا فصلا قد اخطا وذلك انا بالجملة لسنا نستحيل بالفصول وينظر ايضا ان كان وصف فصل شء من المضافات غير مضاف الي اخر لان الاشياء التي من المضاف فصولها ايضا من المضاف كالحال في العلم فانه يقال نظري وعملي وفعلي فان كل واحد من هذه قول علي مضاف وذلك ان النظري نظري لشء والعملي عملي لشء والفعلي فعلي لشء وينظر ايضا ان كان لما حد الشء وصف كل واحد من المضافات بالقياس الي الذي من شانه ان يضاف اليه فان بعضها انما يمكن ان يستعمل الذي يضاف اليه فقط كما يستعمل البصر في ان ينظر وفي بعضها يستعمل اخر ما غيره كما يستعمل الطرجهارة اذا اراد مريد ان يغرف ماء ولكن علي حال ان حد الانسان الطرجهارة بانها الة يغرف بها الماء اخطا لانها ليس الي هذا من شانها ان يضاف وحد الذي من شان الشء ان يضاف اليه هو الذي نحوه ينحو في الاستعمال الفهم والعلم بكل واحد من الاشياء وينظر ايضا ان كان لم يصف الشء بما هو له اول ان كان يقال بالقياس الي اشياء كثيرة مثل ما يقال ان الفهم فضيلة للانسان او للنفس لا للجزء الفكري وذلك ان الفهم انما هو للجزء الفكري اولا فان بسبب هذا يقال للنفس والانسان انهما يفهمان وينظر ايضا ان لم يكن المحدود قبل الشء الذي له قبل الانفعال او الحال او اي شء اخر كان فقد اخطا وذلك ان كل حال وكل انفعال فانما من شانه ان يكون في ذلك الشء الذي هو له حال او انفعال بمنزلة ما ان العلم في النفس اذ هو حال للنفس وريما يخطءون في امثال هذه الاشياء مثل الذين يقولون ان النوم هو ضعف الحس والشك هو مساواة الافكار المتضادة والوجع تفرق الاجزاء المتحدة بعنف وذلك ان النوم ليس يوجد للحس وقد كان يجب ان يوجد له ان كان ضعف الحس وكذلك ليس يوجد الشك للافكار ولا الوجع للاجزاء المتحدة لان ما لا نفس له قد يتوجع اذ كان الوجع يحضره وكذلك يجري الامر في حد الصحة ان كان اعتدال الحارة والباردة لانه واجد ضرورة ان تصح الحارة والباردة لان اعتدال كل واحد انما يوجد في تلك الاشياء التي هو لها اعتدال فالصحة اذن قد توجد لها وقد يلزم ايضا الذين يحدون بهذا الوجه ان يجعلوا المفعول في الفاعل او بعكس ذلك لان تفرق الاجزاء ليس هو الوجع لكنه محدث الوجع ولا ضعف الحس هو النوم لكن احدهما محدث الاخر وذلك انا اما بسبب الضعف ننام واما بسبب النوم نضعف وعلي هذا المثال ايضا يظن بان مساواة الافكار المتضادة محدثة للشك لانا اذا فكرنا في الشيءين فظهر لنا في كل واحد منهما ان سببه يصاحبه في جميع الاحوال شككنا ولم ندر ايهما نعمل وينبغي ان ننظر ايضا في جميع الازمان الا يكون يختلف فيهما مثال ذلك ان كان حد ما لا يموت بانه حيوان غير فاسد الان وذلك ان الحيوان الذي هو غير فاسد الان هو حيوان غير ماءت الان الا ان نقول انه في هذا لا يلزم لان قولنا غير فاسد الان مشكوك فيه اذ كان يدل اما علي ما لم يفسد الان واما علي ما لا يمكن ان يفسد الان واما علي الان الذي يجري مجري ما لا يفسد في وقت من الاوقات فاذا قلنا ان حيوانا غير فاسد الان فليس انما نقول انه الان بحال ليس يفسد بها في وقت من الاوقات فاذا قلنا ان حيوانا غير فاسد الان فليس انما نقول انه الان بحال ليس يفسد بها في وقت من الاوقات لان هذا وقولنا غير ماءت سواء فليس يلزمه اذن ان يكون غير ماءت الان ولكن علي حال ان عرض في موضع من المواضع ان يكون الموصوف بالقول موجودا الان او قبل ذلك والذي بالاسم غير موجود لم يكونا شيءا واحدا فقد ينبغي ان نستعمل هذا الموضع كما ذكرنا,6,6
Σκεπτέον δὲ καὶ εἰ καθ᾿ ἕτερόν τι μᾶλλον λέγεται τὸ ὁρισθὲν ἢ κατὰ τὸν ἀποδοθέντα λόγον οἷον εἰ ἡ δικαιοσύνη δύναμις τοῦ ἴσου διανεμητική Δίκαιος γὰρ μᾶλλον ὁ προαιρούμενος τὸ ἴσον διανεῖμαι τοῦ δυναμένου ὥστ᾿ οὐκ ἂν εἴη ἡ δικαιοσύνη δύναμις τοῦ ἴσου διανεμητική καὶ γὰρ δίκαιος εἴη ἂν μάλιστα ὁ δυνάμενος μάλιστα τὸ ἴσον διανεῖμαι Ἔτι εἰ τὸ μὲν πρᾶγμα δέχεται τὸ μᾶλλον τὸ δὲ κατὰ τὸν λόγον ἀποδοθὲν μὴ δέχεται ἢ ἀνάπαλιν τὸ μὲν κατὰ τὸν λόγον ἀποδοθὲν δέχεται τὸ δὲ πρᾶγμα μή Δεῖ γὰρ ἀμφότερα δέχεσθαι ἢ μηδέτερον εἴπερ δὴ ταὐτόν ἐστι τὸ κατὰ τὸν λόγον ἀποδοθὲν τῷ πράγματι Ἔτι εἰ δέχεται μὲν ἀμφότερα τὸ μᾶλλον μὴ ἅμα δὲ τὴν ἐπίδοσιν ἀμφότερα λαμβάνει οἷον εἰ ὁ ἔρως ἐπιθυμία συνουσίας ἐστίν ὁ γὰρ μᾶλλον ἐρῶν οὐ μᾶλλον ἐπιθυμεῖ τῆς συνουσίας ὥστ᾿ οὐχ ἅμα ἀμφότερα τὸ μᾶλλον ἐπιδέχεται ἔδει δέ γε εἴπερ ταὐτὸν ἦν Ἔτι εἰ δύο τινῶν προτεθέντων καθ᾿ οὗ τὸ πρᾶγμα μᾶλλον λέγεται τὸ κατὰ τὸν λόγον ἧττον λέγεται οἷον εἰ τὸ πῦρ ἐστὶ σῶμα τὸ λεπτομερέστατον πῦρ μὲν γὰρ μᾶλλον ἡ φλόξ ἐστι τοῦ φωτός σῶμα δὲ τὸ λεπτομερέστατον ἧττον φλὸξ τοῦ φωτός ἔδει δ᾿ ἀμφότερα μᾶλλον τῷ αὐτῷ ὑπάρχειν εἴπερ ταὐτὰ ἦν Πάλιν εἰ τὸ μὲν ὁμοίως ἀμφοτέροις ὑπάρχει τοῖς προτεθεῖσι τὸ δ᾿ ἕτερον μὴ ὁμοίως ἀμφοτέροις ἀλλὰ τῷ ἑτέρῳ μᾶλλον Ἔτι ἐὰν πρὸς δύο τὸν ὁρισμὸν ἀποδῷ καθ᾿ ἑκάτερον οἷον τὸ καλὸν τὸ δι᾿ ὄψεως ἢ τὸ δι᾿ ἀκοῆς ἡδύ καὶ τὸ ὂν τὸ δυνατὸν παθεῖν ἢ ποιῆσαι ἅμα γὰρ ταὐτὸν καλόν τε καὶ οὐ καλὸν ἔσται ὁμοίως δὲ καὶ ὄν τε καὶ οὐκ ὄν Τὸ γὰρ δι᾿ ἀκοῆς ἡδὺ ταὐτὸν τῷ καλῷ ἔσται ὥστε τὸ μὴ ἡδὺ δι᾿ ἀκοῆς τῷ μὴ καλῷ ταὐτόν τοῖς γὰρ αὐτοῖς καὶ τὰ ἀντικείμενα ταὐτά ἀντίκειται δὲ τῷ μὲν καλῷ τὸ οὐ καλόν τῷ δὲ δι᾿ ἀκοῆς ἡδεῖ τὸ οὐχ ἡδὺ δι᾿ ἀκοῆς Δῆλον οὖν ὅτι ταὐτὸν τὸ οὐχ ἡδὺ δι᾿ ἀκοῆς τῷ οὐ καλῷ Εἰ οὖν τι ἐστὶ δι᾿ ὄψεως μὲν ἡδὺ δι᾿ ἀκοῆς δὲ μή καλόν τε καὶ οὐ καλὸν ἔσται Ὁμοίως δὲ δείξομεν καὶ διότι ταὐτὸν ὄν τε καὶ οὐκ ὄν ἐστιν Ἔτι καὶ τῶν γενῶν καὶ τῶν διαφορῶν καὶ τῶν ἄλλων ἁπάντων τῶν ἐν τοῖς ὁρισμοῖς ἀποδιδομένων λόγους ἀντὶ τῶν ὀνομάτων ποιοῦντα σκοπεῖν εἴ τι διαφωνεῖ,مواضع اخري وينبغي ان ننظر ان كان المحدود يوصف بشء اخر اكثر منه بالقول الموصوف مثال ذلك انه ان كانت العدالة قوة مقسمة بالسواء فان الذي يءثر ان يقسم بالسواء عادل اكثر من الذي يقدر علي ذلك فيجب من ذلك الا تكون العدالة قوة مقسمة بالسواء والا صار الذي يقدر ان يقسم بالسواء عدلا اكثر وينظر ايضا ان كان الامر يقبل الاكثر والذي وصف بالقول لا يقبل او بعكس ذلك اعني ان يكون الذي وصف بالقول يقبل والامر لا يقبل لانه يجب اما ان لا يكون كلاهما يقبل واما الا يكون واحد منهما يقبل اذ كان الموصوف بالقول والامر سببا واحدا وينظر ايضا ان كانا جميعا يقبلان الاكثر ولم يكونا جميعا يقبلان الزيادة معا مثال ذلك ان ينظر ان كان العشق هو شهوة الجماع وذلك ان من اشتد عشقه ليس تشتد شهوته للجماع فليس يقبلان جميعا الزيادة معا وقد كان يجب ذلك لو كانا معني واحدا وايضا ينظر اذا قدم شيءان فوضعا ان الشء الذي يقال عليه الامر اكثر يقال عليه الموصوف بالقول اقل مثال ذلك ان ينظر ان كانت النار الطف الاجسام اجزاء وذلك ان اللهيب يوصف بانه نار اكثر من الضياء واللهيب جسم اقل لطافة من الضياء وقد كان يجب ان يكون كلاهما يوجد لشء واحد بعينه اكثر لو كانا شيءا واحدا وينظر ايضا ان كان هذا الشء يوجد لكلا الامرين المقدمين علي مثال واحد والشء الاخر لا يوجد لهما علي مثال واحد لكن يوجد لاحدهما اكثر وينظر ايضا ان كان وصف الحد في كل واحد منهما بحسب شيءين مثال ذلك ان يكون وصف الحسن بانه اللذيذ عند البصر او اللذيذ عند السمع ووصف الموجود بانه القوي علي ان ينفعل او يفعل فانه يصير شء واحد بعينه حسنا ولا حسنا معا وكذلك موجودا ولا موجودا وذلك ان اللذيذ عند السمع يصير هو والحس شيءا واحدا فما هو غيرهما ليس هو لذيذا عند السمع وما ليس هو حسنا شء واحد لان الاشياء التي هي شء واحد بعينه ما يقابلها ايضا شء واحد بعينه والحسن يقابله لا حسن واللذيذ في السمع يقابله لا لذيذ في السمع فمن البين ان قولنا لا لذيذ في السمع وقولنا لا حسن شء واحد فان وجد شء في البصر حسنا وفي السمع لا صار حسنا ولا حسنا وكذلك تبين ان قولنا موجود و لا موجود شء واحد وايضا اذا وصفت الاجناس والفصول وساءر الاشياء الاخر التي في الحدود فينبغي ان نجعل الاقاويل مكان الاسماء وننظر ان كانت تختلف,6,7
Ἐὰν δ᾿ ᾖ πρός τι τὸ ὁριζόμενον ἢ καθ᾿ αὑτὸ ἢ κατὰ τὸ γένος σκοπεῖν εἰ μὴ εἴρηται ἐν τῷ ὁρισμῷ πρὸς ὃ λέγεται ἢ αὐτὸ ἢ κατὰ τὸ γένος οἷον εἰ τὴν ἐπιστήμην ὡρίσατο ὑπόληψιν ἀμετάπειστον ἢ τὴν βούλησιν ὄρεξιν ἄλυπον Παντὸς γὰρ τοῦ πρός τι ἡ οὐσία πρὸς ἕτερον ἐπειδὴ ταὐτὸν ἦν ἑκάστῳ τῶν πρός τι τὸ εἶναι ὅπερ τὸ πρός τί πως ἔχειν Ἔδει οὖν τὴν ἐπιστήμην εἰπεῖν ὑπόληψιν ἐπιστητοῦ καὶ τὴν βούλησιν ὄρεξιν ἀγαθοῦ Ὁμοίως δὲ καὶ εἰ τὴν γραμματικὴν ὡρίσατο ἐπιστήμην γραμμάτων ἔδει γὰρ ἢ πρὸς ὃ αὐτὸ λέγεται ἢ πρὸς ὅ ποτε τὸ γένος ἐν τῷ διορισμῷ ἀποδίδοσθαι Ἢ εἰ πρός τι εἰρημένον μὴ πρὸς τὸ τέλος ἀποδέδοται Τέλος δ᾿ ἐν ἑκάστῳ τὸ βέλτιστον ἢ οὗ χάριν τἆλλα Ῥητέον δὴ ἢ τὸ βέλτιστον ἢ τὸ ἔσχατον οἷον τὴν ἐπιθυμίαν οὐχ ἡδέος ἀλλ᾿ ἡδονῆς ταύτης γὰρ χάριν καὶ τὸ ἡδὺ αἱρούμεθα Σκοπεῖν δὲ καὶ εἰ γένεσίς ἐστι πρὸς ὃ ἀποδέδωκεν ἢ ἐνέργεια οὐδὲν γὰρ τῶν τοιούτων τέλος μᾶλλον γὰρ τὸ ἐνηργηκέναι καὶ γεγενῆσθαι τέλος ἢ τὸ γίνεσθαι καὶ ἐνεργεῖν Ἢ οὐκ ἐπὶ πάντων ἀληθὲς τὸ τοιοῦτον σχεδὸν γὰρ οἱ πλεῖστοι ἥδεσθαι μᾶλλον βούλονται ἢ πεπαῦσθαι ἡδόμενοι ὥστε τὸ ἐνεργεῖν μᾶλλον τέλος ἂν ποιοῖντο τοῦ ἐνηργηκέναι Πάλιν ἐπ᾿ ἐνίων εἰ μὴ διώρικε τοῦ πόσου ἢ ποίου ἢ ποῦ ἢ κατὰ τὰς ἄλλας διαφοράς οἷον φιλότιμος ὁ ποίας καὶ ὁ πόσης ὀρεγόμενος τιμῆς πάντες γὰρ ὀρέγονται τιμῆς ὥστ᾿ οὐκ ἀπόχρη φιλότιμον εἰπεῖν τὸν ὀρεγόμενον τιμῆς ἀλλὰ προσθετέον τὰς εἰρημένας διαφοράς Ὁμοίως δὲ καὶ φιλοχρήματος ὁ πόσων ὀρεγόμενος χρημάτων ἢ ἀκρατὴς ὁ περὶ ποίας ἡδονάς οὐ γὰρ ὁ ὑφ᾿ οἱασποτοῦν ἡδονῆς κρατούμενος ἀκρατὴς λέγεται ἀλλ᾿ ὁ ὑπό τινος Ἢ πάλιν ὡς ὁρίζονται τὴν νύκτα σκιὰν γῆς ἢ τὸν σεισμὸν κίνησιν γῆς ἢ τὸ νέφος πύκνωσιν ἀέρος ἢ τὸ πνεῦμα κίνησιν ἀέρος προσθετέον γὰρ πόσου καὶ ποίου καὶ ὑπὸ τίνος Ὁμοίως δὲ καὶ ἐπὶ τῶν ἄλλων τῶν τοιούτων ἀπολείπων γὰρ διαφορὰν ἡντινοῦν οὐ λέγει τὸ τί ἦν εἶναι Δεῖ δ᾿ ἀεὶ πρὸς τὸ ἐνδεὲς ἐπιχειρεῖν οὐ γὰρ ὁπωσοῦν γῆς κινηθείσης οὐδ᾿ ὁποσησοῦν σεισμὸς ἔσται ὁμοίως δ᾿ οὐδ᾿ ἀέρος ὁπωσοῦν οὐδ᾿ ὁποσουοῦν κινηθέντος πνεῦμα Ἔτι ἐπὶ τῶν ὀρέξεων εἰ μὴ πρόσκειται τὸ φαινόμενον καὶ ἐφ᾿ ὅσων ἄλλων ἁρμόττει οἷον ὅτι ἡ βούλησις ὄρεξις ἀγαθοῦ ἡ δ᾿ ἐπιθυμία ὄρεξις ἡδέος ἀλλὰ μὴ φαινομένου ἀγαθοῦ ἢ ἡδέος Πολλάκις γὰρ λανθάνει τοὺς ὀρεγομένους ὅ τι ἀγαθὸν ἢ ἡδύ ἐστιν ὥστ᾿ οὐκ ἀναγκαῖον ἀγαθὸν ἢ ἡδὺ εἶναι ἀλλὰ φαινόμενον μόνον Ἔδει οὖν οὕτω καὶ τὴν ἀπόδοσιν ποιήσασθαι Ἐὰν δὲ καὶ ἀποδῷ τὸ εἰρημένον ἐπὶ τὰ εἴδη ἀκτέον τὸν τιθέμενον ἰδέας εἶναι οὐ γάρ ἐστιν ἰδέα φαινομένου οὐδενός τὸ δ᾿ εἶδος πρὸς τὸ εἶδος δοκεῖ λέγεσθαι οἷον αὐτὴ ἐπιθυμία αὐτοῦ ἡδέος καὶ αὐτὴ βούλησις αὐτοῦ ἀγαθοῦ Οὐκ ἔστιν οὖν φαινομένου ἀγαθοῦ οὐδὲ φαινομένου ἡδέος ἄτοπον γὰρ τὸ εἶναι αὐτὸ φαινόμενον ἀγαθὸν ἢ ἡδύ,مواضع اخري وان كان المحدود مضافا الي شء اما بنفسه واما بالجنس فينبغي ان ننظر ان كان لم يقل في الحد مضافا الي ذلك الشء الذي يضاف اليه اما بنفسه واما بالجنس مثال ذلك ان حد العلم بانه ظن لا يختلف وحد الارادة بانها توقان لا حزن معه وذلك ان ذات كل مضاف انما هي بالقياس الي اخر لان ماهية كل واحد من المضاف واحدة بعينها وانما يقال كل واحد منها بالقياس الي شء بضرب من الضروب وكان يجب ان يقول ان العلم ظن بالمعلوم وان الارادة توقان الي الخير وكذلك ان حد الكتابة بانها العلم بالكتاب ذلك انه كان يجب ان يصف في الحد اما الشء الذي يضاف اليه جنسه او ان كان قد قيل بالاضافة الي شء ولم يوصف بالاضافة الي الغاية والغاية في كل واحد من الاشياء هو الافضل او هو الذي ساءر الاشياء من اجله فينبغي ان نقول اما الافضل واما الاخير مثال ذلك ان نقول ان الشهوة ليست للشء اللذيذ لكن للذة لانا انما نءثر اللذيذ لمكان اللذة وينظر ايضا ان كان ما وصف بالقياس اليه كونا هو او فعلا لانه ليس شء من امثال هذين غاية وذلك ان قولنا فعل او تكون اولي بان يكون غاية من قولنا يتكون او يفعل الا انا نقول ان ما يجري هذا المجري ليس هو حقا في كل شء وذلك ان اكثر الناس يحبون ان يلتذوا اكثر من ان يكونوا قد التذوا وفرغوا فيجب ان يكونوا يجعلون قولنا يفعل غاية اكثر من قولنا قد فعل وايضا ينظر ان كان في بعض الاشياء لم يلخص كم الشي واي الاشياء هو واين هو او ساءر الفصول الاخر مثال ذلك قولنا محب الكرامة هو الذي يشتهي كرامة كذا ومقدار كذا منها وذلك ان الناس كلهم يشتهون الكرامة فليس يكتفي بان يقول ان محب الكرامة هو الذي يشتهي الكرامة لكن ينبغي ان يضيف الي ذلك الفصول التي ذكرناها وعلي هذا المثال قولنا محب المال هو الذي يشتهي من المال مقدار كذا والمنهمك في اللذات هو الذي يشتهي من اللذات كذا لانه ليس من غلبت عليه اي لذة كانت يقال له منهمك في اللذات لكن الذي يغلب عليه لذات ما او كما يحدون ايضا الليل بانه مظل الارض او الزلزلة بانها حركة الارض او الغمام بانه متكاثف الهواء او الريح بانها حركة الهواء فانه ينبغي ان يزاد في هذه الحدود بمقدار كذا وحال كذا ومكان كذا وعن كذا وكذلك من ساءر الاشياء التي تجري هذا المجري لانه اذا اغفل فصلا من هذه الفصول اي فصل كان لم يصف ماهية ذلك الشء وذلك انه يجب ان يكون الاحتجاج داءما بحد الشء الناقص لانه ليس كيفما تحركت الارض او اي مقدار منها كان يتحرك تكون زلزلة وكذلك ايضا الهواء ليس كيفما تحرك او اي مقدار منه كان تحرك فهو رياح وايضا في التوقان ان لم يزد فيه علي ظاهر الامر وجميع الاسماء الاخر التي ينطبق عليها مثال ذلك قولنا ان الارادة و التوقان الي الخير والشهوة التوقان الي اللذيذ الا انه ليس الخير علي ظاهر الامر او اللذيذ علي ظاهر الامر وذلك انه قد يخفي مرارا كثيرة علي الذين يشتهون الشء الذي هو خير او لذيذ فليس من الاضطرار ان يكون خيرا او لذيذا لكنه كذلك علي ظاهر الامر فقط فقد كان يجب ان نجعل صفته كذلك فان وصفت المذكور فينبغي للمعتقد للصور ان يسوقه الي الانواع ولذلك ليس توجد صورة لشء ظاهر اصلا فاما النوع فقد يظن به انه يقال بحسب نوع مثال ذلك ان الشهوة نفسها للذيذ نفسه والارادة نفسها للخير نفسه فاما الارادة نفسها فليست تكون للخير علي الظاهر ولا للذيذ علي الظاهر لانه من المنكر ان يكون الخير نفسه او اللذيذ نفسه علي ظاهر الامر,6,8
Ἔτι ἐὰν μὲν ᾖ τῆς ἕξεως ὁ ὁρισμός σκοπεῖν ἐπὶ τοῦ ἔχοντος ἐὰν δὲ τοῦ ἔχοντος ἐπὶ τῆς ἕξεως ὁμοίως δὲ καὶ ἐπὶ τῶν ἄλλων τῶν τοιούτων Οἷον εἰ τὸ ἡδὺ ὅπερ ὠφέλιμον καὶ ὁ ἡδόμενος ὠφελούμενος Καθόλου δ᾿ εἰπεῖν ἐν τοῖς τοιούτοις ὁρισμοῖς τρόπον τινὰ πλείω ἑνὸς συμβαίνει τὸν ὁριζόμενον ὁρίζεσθαι ὁ γὰρ τὴν ἐπιστήμην ὁριζόμενος τρόπον τινὰ καὶ τὴν ἄγνοιαν ὁρίζεται ὁμοίως δὲ καὶ τὸ ἐπιστῆμον καὶ τὸ ἀνεπιστῆμον καὶ τὸ ἐπίστασθαι καὶ τὸ ἀγνοεῖν τοῦ γὰρ πρώτου δήλου γενομένου τρόπον τινὰ καὶ τὰ λοιπὰ δῆλα γίνονται Σκεπτέον οὖν ἐπὶ πάντων τῶν τοιούτων μή τι διαφωνῇ στοιχείοις χρώμενον τοῖς ἐκ τῶν ἐναντίων καὶ τῶν συστοίχων Ἔτι ἐπὶ τῶν πρός τι σκοπεῖν εἰ πρὸς ὃ τὸ γένος ἀποδίδοται τὸ εἶδος πρὸς ἐκεῖνό τι ἀποδίδοται οἷον εἰ ἡ ὑπόληψις πρὸς ὑποληπτόν ἡ τὶς ὑπόληψις πρός τι ὑποληπτόν καὶ εἰ τὸ πολλαπλάσιον πρὸς τὸ πολλοστημόριον τὸ τὶ πολλαπλάσιον πρὸς τὸ τὶ πολλοστημόριον εἰ γὰρ μὴ οὕτως ἀποδίδοται δῆλον ὅτι ἡμάρτηται Ὁρᾶν δὲ καὶ εἰ τοῦ ἀντικειμένου ὁ ἀντικείμενος λόγος οἷον τοῦ ἡμίσεος ὁ ἀντικείμενος τῷ τοῦ διπλασίου εἰ γὰρ διπλάσιον τὸ ἴσῳ ὑπερέχον ἥμισυ τὸ ἴσῳ ὑπερεχόμενον Καὶ ἐπὶ τῶν ἐναντίων δ᾿ ὡσαύτως Ὁ γὰρ ἐναντίος τοῦ ἐναντίου λόγος ἔσται κατὰ μίαν τινὰ συμπλοκὴν τῶν ἐναντίων οἷον εἰ ὠφέλιμον τὸ ποιητικὸν ἀγαθοῦ βλαβερὸν τὸ ποιητικὸν κακοῦ ἢ τὸ φθαρτικὸν ἀγαθοῦ θάτερον γὰρ τούτων ἀναγκαῖον ἐναντίον εἶναι τῷ ἐξ ἀρχῆς ῥηθέντι Εἰ οὖν μηδέτερον ἐναντίον τῷ ἐξ ἀρχῆς ῥηθέντι δῆλον ὅτι οὐδέτερος ἂν εἴη τῶν ὕστερον ἀποδοθέντων τοῦ ἐναντίου λόγος ὥστ᾿ οὐδ᾿ ὁ ἐξ ἀρχῆς ἀποδοθεὶς ὀρθῶς ἀποδέδοται Ἐπεὶ δ᾿ ἔνια τῶν ἐναντίων στερήσει θατέρου λέγεται οἷον ἡ ἀνισότης στέρησις ἰσότητος δοκεῖ εἶναι ἄνισα γὰρ τὰ μὴ ἴσα λέγεται δῆλον ὅτι τὸ μὲν κατὰ στέρησιν λεγόμενον ἐναντίον ἀναγκαῖον ὁρίζεσθαι διὰ θατέρου τὸ δὲ λοιπὸν οὐκέτι διὰ τοῦ κατὰ στέρησιν λεγομένου συμβαίνοι γὰρ ἂν ἑκάτερον δι᾿ ἑκατέρου γνωρίζεσθαι Ἐπισκεπτέον οὖν ἐν τοῖς ἐναντίοις τὴν τοιαύτην ἁμαρτίαν οἷον εἴ τις ὁρίσαιτο τὴν ἰσότητα εἶναι τὸ ἐναντίον ἀνισότητι διὰ γὰρ τοῦ κατὰ στέρησιν λεγομένου ὁρίζεται Ἔτι τὸν οὕτως ὁριζόμενον ἀναγκαῖον αὐτῷ τῷ ὁριζομένῳ χρῆσθαι Δῆλον δὲ τοῦτο ἐὰν μεταληφθῇ ἀντὶ τοῦ ὀνόματος ὁ λόγος εἰπεῖν γὰρ ἢ ἀνισότητα οὐδὲν διαφέρει ἢ στέρησιν ἰσότητος ἔσται οὖν ἡ ἰσότης τὸ ἐναντίον στερήσει ἰσότητος ὥστ᾿ αὐτῷ ἂν εἴη κεχρημένος Ἂν δὲ μηδέτερον τῶν ἐναντίων κατὰ στέρησιν λέγηται ἀποδοθῇ δ᾿ ὁ λόγος ὁμοίως οἷον ἀγαθὸν τὸ ἐναντίον κακῷ δῆλον ὅτι κακὸν τὸ ἐναντίον ἀγαθῷ ἔσται τῶν γὰρ οὕτως ἐναντίων ὁμοίως ὁ λόγος ἀποδοτέος Ὥστε πάλιν αὐτῷ τῷ ὁριζομένῳ συμβαίνει χρῆσθαι ἐνυπάρχει γὰρ ἐν τῷ τοῦ κακοῦ λόγῳ τὸ ἀγαθόν Ὥστ᾿ εἰ ἀγαθόν ἐστι τὸ κακῷ ἐναντίον τὸ δὲ κακὸν οὐδὲν διαφέρει ἢ τὸ τῷ ἀγαθῷ ἐναντίον ἔσται ἀγαθὸν τὸ ἐναντίον τῷ τοῦ ἀγαθοῦ ἐναντίῳ Δῆλον οὖν ὅτι αὐτῷ κέχρηται Ἔτι εἰ τὸ κατὰ στέρησιν λεγόμενον ἀποδιδοὺς μὴ ἀποδέδωκεν οὗ ἐστὶ στέρησις οἷον τῆς ἕξεως ἢ τοῦ ἐναντίου ἢ ὁτουοῦν ἐστὶν ἡ στέρησις καὶ εἰ μὴ ἐν ᾧ πέφυκε γίνεσθαι προσέθηκεν ἢ ἁπλῶς ἢ ἐν ᾧ πρώτῳ πέφυκε γίνεσθαι οἷον εἰ τὴν ἄγνοιαν εἰπὼν στέρησιν μὴ ἐπιστήμης στέρησιν εἶπεν ἢ μὴ προσέθηκεν ἐν ᾧ πέφυκε γίνεσθαι ἢ προσθεὶς μὴ ἐν ᾧ πρώτῳ ἀπέδωκεν οἷον ὅτι οὐκ ἐν τῷ λογιστικῷ ἀλλ᾿ ἐν ἀνθρώπῳ ἢ ψυχῇ ἐὰν γὰρ ὁτιοῦν τούτων μὴ ποιήσῃ ἡμάρτηκεν Ὁμοίως δὲ καὶ εἰ τὴν τυφλότητα μὴ ὄψεως στέρησιν ἐν ὀφθαλμῷ εἶπεν δεῖ γὰρ τὸν καλῶς ἀποδιδόντα τὸ τί ἐστι καὶ τίνος ἐστὶν ἡ στέρησις ἀποδοῦναι καὶ τί ἐστι τὸ ἐστερημένον Ὁρᾶν δὲ καὶ εἰ μὴ λεγομένου κατὰ στέρησιν στερήσει ὡρίσατο οἷον καὶ ἐπὶ τῆς ἀγνοίας δόξειεν ἂν ὑπάρχειν ἡ τοιαύτη ἁμαρτία τοῖς μὴ κατ᾿ ἀπόφασιν τὴν ἄγνοιαν λέγουσιν Τὸ γὰρ μὴ ἔχον ἐπιστήμην οὐ δοκεῖ ἀγνοεῖν ἀλλὰ μᾶλλον τὸ διηπατημένον διὸ οὔτε τὰ ἄψυχα οὔτε τὰ παιδία φαμὲν ἀγνοεῖν ὥστ᾿ οὐ κατὰ στέρησιν ἐπιστήμης ἡ ἄγνοια λέγεται,مواضع اخري وايضا ان كان التحديد للملكة فينبغي ان ينظر فيما له الملكة وان كان لما له الملكة فينبغي ان ينظر في الملكة وكذلك في ساءر الاشياء التي تجري هذا المجري مثال ذلك انه ان كان اللذيذ هو ما هو نافع فالملتذ هو ما هو منتفع وبالجملة اقول فيما يجري هذا المجري من التحديدات ان الذي يحد يلزمه بضرب من الضروب ان يحد اشياء اكثر من واحد وذلك ان الذي يحد العلم قد يحد ايضا بضرب من الضروب الجهل وكذلك الذي يحد العالم قد يحد غير العالم لان الاول اذا صار بينا فان الباقية بضرب من الضروب تكون بينة فينبغي ان ننظر في جميع ما اشبه هذه الاشياء ان كانت تختلف في موضع من المواضع اذا انت استعملت اصول الاشياء التي من المتضادات ومن النظاءر وايضا ينبغي ان ننظر في الاشياء التي من المضاف ان كان النوع وصف بالقياس الي الجنس فشء ما من ذاك يوصف بالقياس الي شء ما من هذا مثال ذلك انه ان كان الظن بالقياس الي المظنون فظن ما بالقياس الي مظنون ما وان كان الكثير الاضعاف بالقياس الي الكثير الاجزاء فشء ما كثير الاضعاف بالقياس الي شء ما كثير الاجزاء وذلك انه ان لم يوصف بهذا الوجه فمن البين انه قد غلط فيه وينظر ان كان القول المقابل للشء المقابل مثال ذلك ان يكون قول النصف مقابل الضعف وذلك ان الضعف ان كان هو الفاضل بمساو فالنصف هو المفضول بمساو وعلي هذا المثال يجري الامر في المتضادة وذلك ان القول المقابل للمقابل باءتلاف ما بين المتضادات مثال ذلك انه ان كان الفاعل للخير نافعا فالفاعل للشر ضارا والمفسد للخير وذلك انه واجب ضرورة ان يكون احد هذين ضدا لما قيل منذ اول الامر فانه ان لم يكن ولا واحد منهما ضدا لما قيل منذ اول الامر فمن البين انه ولا واحد من هذين اللذين قيلا باخرة قول الضد فيجب من ذلك الا يكون الذي وصف من اول الامر وصف علي الصحة ولان بعض المتضادات انما يقال احد الاثنين بعدم الاخر مثال ذلك ان غير التساوي يظن به انه عدم التساوي اذ كانت الانصاف يقال لها متساوية فبين ان الذي يقال بالعدم يجب ضرورة ان يحد بالاخر فاما الاخر فليس يجب ان يحد بالذي يقال بالعدم اذ ليس يمكن ان يعرف كل واحد منهما بصاحبه فينبغي ان ينظر في المتضادات في مثل هذا الخطا مثال ذلك ان حد الانسان التساوي بانه ضد غير التساوي اذ كان انما يحد بما يقال بالعدم وايضا فيجب ضرورة علي من يحد بهذا الطريق ان يستعمل المحدود نفسه ويبين هذا ان هو استعمل القول مكان الاسم وذلك انه لما كان لا فرق بين قولنا غير التساوي وقولنا عدم التساوي صار قولنا تساوي ضد قولنا عدم التساوي فقد استعمل الشء اذن نفسه اللهم الا ان يقول قاءل اني لم احد غير التساوي بانه ضد التساوي لكن بانه غير اعتدال الاجسام او غير اعتدال الكم وان كان ولا واحد من الضدين يقال بالعدم وكان القول قد وصف علي مثال واحد مثل ان ضد الشر الخير اذ كان ضد الخير شرا وذلك ان قول ما يجري هذا المجري من المتضادات موصوف علي مثال واحد فقد يلزم ايضا ان يكون قد استعمل المحدود نفسه وذلك ان الخير موجود في قول الشر فان كان الخير هو ضد الشر وقولنا شر لا فرق بينه اصلا وبين قولنا ضد الخير فيجب ان يكون الخير ضد ضد الخير فبين انه استعمل الشء نفسه وينظر ايضا ان كان لما وصف الذي يقال بالعدم لم يصف الذي له العدم مثل الملكة او ضدها ان كان لهذين عدم وان لم يكن اضاف اليه الشء الذي من شانه ان يكون فيه اما علي الاطلاق او الشء الذي فيه او لا من شانه ان يكون فيه مثال ذلك ان كان وصف الجهل بانه عدم فلم يقل انه عدم العلم وان كان لم يضف اليه الشء الذي فيه اولا من شانه ان يكون او ان كان اضافه ولم يجعله الشء الذي فيه اولا من شانه ان يكون مثل ان يقول ان النفس ليست في الجزء الفكري لكن في الانسان وذلك انه ان لم يفعل واحدا من هذه ايها كان فقد اخطا وكذلك ان هو وصف العمي فلم يقل انه عدم البصر في العين وذلك انه يجب علي من وصف ما الشء كما ينبغي ان يصف عدم ما هو ايضا وما المعدوم وينبغي ان ينظر ان كان لم يحد ما يقال علي جهة العدم بالعدم مثال ذلك ان في الجهل ايضا يظن ان هذا الخطا يوجد للذين لا يصفون الجهل علي جهة السلب وذلك ان من ليس له علم لا يظن به انه يجهل بل انما يظن به انه غلط ولذلك لسنا نقول لما لا نفس له وللصبيان انهم يجهلون فلذلك ليس يقال الجهل بعدم,6,9
Ἔτι εἰ τῶν ὁμοίων τοῦ ὀνόματος πτώσεων αἱ ὅμοιαι τοῦ λόγου πτώσεις ἐφαρμόττουσιν οἷον εἰ ὠφέλιμον τὸ ποιητικὸν ὑγιείας ὠφελίμως τὸ ποιητικῶς ὑγιείας καὶ ὠφεληκὸς τὸ πεποιηκὸς ὑγίειαν Σκοπεῖν δὲ καὶ ἐπὶ τὴν ἰδέαν εἰ ἐφαρμόσει ὁ λεχθεὶς ὅρος Ἐπ᾿ ἐνίων γὰρ οὐ συμβαίνει οἷον ὡς Πλάτων ὁρίζεται τὸ θνητὸν προσάπτων ἐν τοῖς τῶν ζῴων ὁρισμοῖς ἡ γὰρ ἰδέα οὐκ ἔσται θνητή οἷον αὐτοάνθρωπος ὥστ᾿ οὐκ ἐφαρμόσει ὁ λόγος ἐπὶ τὴν ἰδέαν Ἁπλῶς δ᾿ οἷς πρόσκειται τὸ ποιητικὸν ἢ παθητικόν ἀνάγκη διαφωνεῖν ἐπὶ τῆς ἰδέας τὸν ὅρον ἀπαθεῖς γὰρ καὶ ἀκίνητοι δοκοῦσιν αἱ ἰδέαι τοῖς λέγουσιν ἰδέας εἶναι Πρὸς δὲ τούτους καὶ οἱ τοιοῦτοι λόγοι χρήσιμοι Ἔτι εἰ τῶν καθ᾿ ὁμωνυμίαν λεγομένων ἕνα λόγον ἁπάντων κοινὸν ἀπέδωκεν Συνώνυμα γὰρ ὧν εἷς ὁ κατὰ τοὔνομα λόγος ὥστ᾿ οὐδενὸς τῶν ὑπὸ τοὔνομα ὁ ἀποδοθεὶς ὅρος εἰ δὴ ὁμοίως ἐπὶ πᾶν τὸ ὁμώνυμον ἐφαρμόττει Πέπονθε δὲ τοῦτο καὶ ὁ Διονυσίου τῆς ζωῆς ὅρος εἴπερ ἐστὶ κίνησις γένους θρεπτοῦ σύμφυτος παρακολουθοῦσα οὐδὲν γὰρ μᾶλλον τοῦτο τοῖς ζῴοις ἢ τοῖς φυτοῖς ὑπάρχει ἡ δὲ ζωὴ οὐ καθ᾿ ἓν εἶδος δοκεῖ λέγεσθαι ἀλλ᾿ ἑτέρα μὲν τοῖς ζῴοις ἑτέρα δὲ τοῖς φυτοῖς ὑπάρχειν Ἐνδέχεται μὲν οὖν καὶ κατὰ προαίρεσιν οὕτως ἀποδοῦναι τὸν ὅρον ὡς συνωνύμου καὶ καθ᾿ ἓν εἶδος πάσης τῆς ζωῆς λεγομένης οὐδὲν δὲ κωλύει καὶ συνορῶντα τὴν ὁμωνυμίαν καὶ θατέρου βουλόμενον τὸν ὁρισμὸν ἀποδοῦναι λαθεῖν μὴ ἴδιον ἀλλὰ κοινὸν ἀμφοῖν λόγον ἀποδόντα Ἀλλ᾿ οὐδὲν ἧττον εἰ ὁποτερωσοῦν πεποίηκεν ἡμάρτηκεν Ἐπεὶ δ᾿ ἔνια λανθάνει τῶν ὁμωνύμων ἐρωτῶντι μὲν ὡς συνωνύμοις χρηστέον οὐ γὰρ ἐφαρμόσει ὁ θατέρου ὅρος ἐπὶ θάτερον ὥστε δόξει οὐχ ὡρίσθαι κατὰ τρόπον δεῖ γὰρ ἐπὶ πᾶν τὸ συνώνυμον ἐφαρμόττειν αὐτῷ δ᾿ ἀποκρινομένῳ διαιρετέον Ἐπεὶ δ᾿ ἔνιοι τῶν ἀποκρινομένων τὸ μὲν συνώνυμον ὁμώνυμόν φασιν εἶναι ὅταν μὴ ἐφαρμόττῃ ἐπὶ πᾶν ὁ ἀποδοθεὶς λόγος τὸ δ᾿ ὁμώνυμον συνώνυμον ἐὰν ἐπ᾿ ἄμφω ἐφαρμόττῃ προδιομολογητέον ὑπὲρ τῶν τοιούτων ἢ προσυλλογιστέον ὅτι ὁμώνυμον ἢ συνώνυμον ὁπότερον ἂν ᾖ μᾶλλον γὰρ συγχωροῦσιν οὐ προορῶντες τὸ συμβησόμενον Ἂν δὲ μὴ γενομένης ὁμολογίας φῇ τις τὸ συνώνυμον ὁμώνυμον εἶναι διὰ τὸ μὴ ἐφαρμόττειν καὶ ἐπὶ τοῦτο τὸν ἀποδοθέντα λόγον σκοπεῖν εἰ ὁ τούτου λόγος ἐφαρμόττει καὶ ἐπὶ τὰ λοιπά δῆλον γὰρ ὅτι συνώνυμον ἂν εἴη τοῖς λοιποῖς Εἰ δὲ μή πλείους ἔσονται ὁρισμοὶ τῶν λοιπῶν δύο γὰρ οἱ κατὰ τοὔνομα λόγοι ἐφαρμόττουσιν ἐπ᾿ αὐτά ὅ τε πρότερον ἀποδοθεὶς καὶ ὁ ὕστερον Πάλιν εἴ τις ὁρισάμενος τῶν πολλαχῶς τι λεγομένων καὶ τοῦ λόγου μὴ ἐφαρμόττοντος ἐπὶ πάντα ὅτι μὲν ὁμώνυμον μὴ λέγοι τὸ δ᾿ ὄνομα μὴ φαίη ἐπὶ πάντα ἐφαρμόττειν ὅτι οὐδ᾿ ὁ λόγος ῥητέον πρὸς τὸν τοιοῦτον ὅτι τῇ μὲν ὀνομασίᾳ δεῖ χρῆσθαι τῇ παραδεδομένῃ καὶ παρεπομένῃ καὶ μὴ κινεῖν τὰ τοιαῦτα ἔνια δ᾿ οὐ λεκτέον ὁμοίως τοῖς πολλοῖς,مواضع اخري وينظر ايضا ان كانت تصاريف القول المتشابهة مطابقة لتصاريف الاسم المتشابهة مثال ذلك انه ان كان النافع هو المحدث للصحة فالذي قد يقع هو الذي قد احدث الصحة وينظر ايضا في الصورة ان كان الحد الموصوف يطابقها فانه في بعض الاشياء لا يلزم ذلك مثل ما حد فلا طن عندما وصل الماءت وزاده في تحديد الحيوانات وذلك ان الصورة لا تكون ماءتة بمنزلة ذات الانسان فلذلك ليس يطابق هذا القول للصورة وبالجملة فان الاشياء التي يزاد فيها الفاعل او المنفعل فواجب ضرورة ان يكون الحد فيها مختلفا في الصورة وذلك ان الصورة يظن بها من يعتقدها انها غير منفعلة ولا متحركة ومع هذه الاشياء ايضا فان ما يجري هذا المجري من الاقاويل نافع وينظر ايضا ان كان وصف قولا واحدا عاما لجميع ما يقال باتفاق الاسم وذلك ان المتواطءة هي التي القول بحسب الاسم لها واحد فلذلك لا يكون القول الموصوف حدا لشء مما تحت الاسم لانه علي مثال واحد يطابق كل متفق الاسم وهذا شء قد عرض لديونوسس عند تحديده الحياة بانها حركة جنس متغذ لازمة بالغريزة فان هذا شء ليس هو بان يوجد للحيوانات اولي منه بان يوجد للنبات وذلك ان الحياة ليس يظن بها انها تقال في نوع واحد لكن قد توجد للحيوانات حياة وللنبات اخري غيرها وقد يمكن الانسان ان يصف القول بارادته علي هذا الوجه علي ان تكون كل حياة تقال علي طريق التواطء او في نوع واحد وليس يمنع مانع اذا تعقد اشتراك الاسم واراد ان يصف حد احد الامرين من ان يصف وهو لا يشعر قولا عاما الامرين كليهما لا خاصا الا انه اي الامرين فعل فخطءه في احدهما ليس بدونه في الاخر ولما كان بعض المتفقة اسماءها قد يخفي حتي لا يشعر به وجب عليك اذا انت سالت ان تستعمل المتواطءة وذلك ان حد احدهما لا يطابق الاخر فيظن به لذلك انه لم يحد علي ما يجب اذ كان ينبغي ان يكون الحد يطابق كل متفق الاسم فاما اذا انت اجبت فينبغي ان تفسر ولان قوما ممن تجيب يقولون ان المتواطء متفق في الاسم اذا لم يكن القول الموصوف يطابقه كله وان المتفق في الاسم مواطء اذا كان يطابق كليهما فينبغي ان يتقدم ويعترف في امثال هذه او يتقدم فينتج افي ايهما كان منهما هو متفق في الاسم او مواطء فانهم حريون بان يسلموا ذلك اذا لم يتفقدوا ما يلزم من ذلك فان قال قاءل من قبل ان يقع الاقرار بذلك ان المواطء متفق في الاسم من قبل انه ليس ينطبق علي هذا القول الموصوف فينبغي ان ينظر ان كان قول هذا الشء ينطبق علي الاشياء الباقية وذلك انه بين انه يكون مواطءا للباقية والا صارت حدود الباقية كثيرة لان القولين اللذين بحسب الاسم ينطبق عليها القول الذي وصف اولا والاخير وايضا ان حد انسان شيءا من التي تقال علي انحاء شتي بالقول الذي لا ينطبق علي جميعها فلم يقل انه موافق في الاسم ولم يقل ان الاسم ينطبق علي جميعها لان القول ايضا لا ينطبق فينبغي ان يقول له انه ينبغي ان يستعمل التسمية التي تادت الينا ولا يحرك امثال هذه الاشياء,6,10
Ἐὰν δὲ τῶν συμπεπλεγμένων τινὸς ἀποδοθῇ ὅρος σκοπεῖν ἀφαιροῦντα τὸν θατέρου τῶν συμπεπλεγμένων λόγον εἰ καὶ ὁ λοιπὸς τοῦ λοιποῦ εἰ γὰρ μή δῆλον ὅτι οὐδ᾿ ὁ ὅλος τοῦ ὅλου Οἷον εἰ ὡρίσατο γραμμὴν πεπερασμένην εὐθεῖαν πέρας ἐπιπέδου ἔχοντος πέρατα οὗ τὸ μέσον ἐπιπροσθεῖ τοῖς πέρασιν εἰ τῆς πεπερασμένης γραμμῆς ὁ λόγος ἐστὶ πέρας ἐπιπέδου ἔχοντος πέρατα τοῦ εὐθέος δεῖ εἶναι τὸ λοιπόν οὗ τὸ μέσον ἐπιπροσθεῖ τοῖς πέρασιν Ἀλλ᾿ ἡ ἄπειρος οὔτε μέσον οὔτε πέρατα ἔχει εὐθεῖα δ᾿ ἐστίν ὥστ᾿ οὐκ ἔστιν ὁ λοιπὸς τοῦ λοιποῦ λόγος Ἔτι εἰ συνθέτου ὄντος τοῦ ὁριζομένου ἰσόκωλος ὁ λόγος ἀπεδόθη τῷ ὁριζομένῳ Ἰσόκωλος δὲ λέγεται ὁ λόγος εἶναι ὅταν ὅσαπερ ἂν ᾖ τὰ συγκείμενα τοσαῦτα καὶ ἐν τῷ λόγῳ ὀνόματα καὶ ῥήματα ᾖ Ἀνάγκη γὰρ τῶν ὀνομάτων ἐν τοῖς τοιούτοις μεταλλαγὴν γίνεσθαι ἢ πάντων ἢ τινῶν ἐπειδὴ οὐδὲν πλείω νῦν ἢ πρότερον ὀνόματα εἴρηται δεῖ δὲ τὸν ὁριζόμενον λόγον ἀντὶ τῶν ὀνομάτων ἀποδοῦναι μάλιστα μὲν πάντων εἰ δὲ μή τῶν πλείστων Οὕτω γὰρ καὶ ἐπὶ τῶν ἁπλῶν ὁ τοὔνομα μεταλαβὼν ὡρισμένος ἂν εἴη οἷον ἀντὶ λωπίου ἱμάτιον Ἔτι δὲ μείζων ἁμαρτία εἰ καὶ ἀγνωστοτέρων ὀνομάτων τὴν μετάληψιν ἐποιήσατο οἷον ἀντὶ ἀνθρώπου λευκοῦ βροτὸν ἀργόν οὔτε γὰρ ὥρισται ἧττόν τε σαφὲς οὕτω ῥηθέν Σκοπεῖν δὲ καὶ ἐν τῇ μεταλλαγῇ τῶν ὀνομάτων εἰ οὐ ταὐτὸν ἔτι σημαίνει οἷον ὁ τὴν θεωρητικὴν ἐπιστήμην ὑπόληψιν θεωρητικὴν εἰπών Ἡ γὰρ ὑπόληψις τῇ ἐπιστήμῃ οὐ ταὐτόν δεῖ δέ γε εἴπερ μέλλει καὶ τὸ ὅλον ταὐτὸν εἶναι τὸ μὲν γὰρ θεωρητικὸν κοινὸν ἐν ἀμφοτέροιν τοῖν λόγοιν ἐστί τὸ δὲ λοιπὸν διάφορον Ἔτι εἰ θατέρου τῶν ὀνομάτων τὴν μετάληψιν ποιούμενος μὴ τῆς διαφορᾶς ἀλλὰ τοῦ γένους τὴν μεταλλαγὴν ἐποιήσατο καθάπερ ἐπὶ τοῦ ἀρτίως ῥηθέντος Ἀγνωστότερον γὰρ ἡ θεωρητικὴ τῆς ἐπιστήμης τὸ μὲν γὰρ γένος τὸ δὲ διαφορά πάντων δὲ γνωριμώτατον τὸ γένος ὥστ᾿ οὐ τοῦ γένους ἀλλὰ τῆς διαφορᾶς ἔδει τὴν μετάληψιν ποιήσασθαι ἐπειδὴ ἀγνωστότερόν ἐστιν Ἢ τοῦτο μὲν γελοῖον τὸ ἐπιτίμημα οὐδὲν γὰρ κωλύει τὴν μὲν διαφορὰν τῷ γνωριμωτάτῳ ὀνόματι εἰρῆσθαι τὸ δὲ γένος μή οὕτω δ᾿ ἐχόντων δῆλον ὅτι τοῦ γένους καὶ οὐ τῆς διαφορᾶς κατὰ τοὔνομα καὶ τὴν μετάληψιν ποιητέον Εἰ δὲ μὴ ὄνομα ἀντ᾿ ὀνόματος ἀλλὰ λόγον ἀντ᾿ ὀνόματος μεταλαμβάνει δῆλον ὅτι τῆς διαφορᾶς μᾶλλον ἢ τοῦ γένους ὁρισμὸν ἀποδοτέον ἐπειδὴ τοῦ γνωρίσαι χάριν ὁ ὁρισμὸς ἀποδίδοται ἧττον γὰρ ἡ διαφορὰ τοῦ γένους γνώριμον,مواضع اخري وبعض الاشياء ليس ينبغي لنا ان نقولها كما يقولها عوام الناس فان وصف حد شء من المءتلفة فينبغي ان ينظر اذا انت رفعت قول احد المءتلفين ان كان الباقي يوجد للباقي لانه ان لم يكن كذلك فمن البين ان ولا الكل ايضا يوجد للكل مثال ذلك ان احدا ان حد الخط المستقيم المتناهي بانه نهاية البسيط لها نهايتان وسطها يسير نهايتيها فان كان قول الخط المتناهي هو انه نهاية السطح لها نهايتان فينبغي ان يكون قول المستقيم هو الباقي اعني الذي وسطه يسير طرفيه ولكن الخط غير المتناهي ليس له وسط ولا طرفان الا انه مستقيم فليسم الباقي اذا قولا للباقي وايضا ينظر ان كان المحدود اذا كان مركبا يكون القول قد وفي متساوي الاجزاء للحدود ويقال ان القول متساوي الجزاء اذا كان مقدار الاسماء والكلم التي في القول بمقدار الاشياء المركبة فانه واجب ضرورة في امثال هذه الاشياء ان يكون في الاسماء نفسها تغيير اما كلها واما بعضها لان الاسماء لم تقل اصلا في هذا الوقت اكثر منها قبل ويجب علي من يحد ان يصف القول مكان الاسماء وخاصة مكان جميعها والا مكان اكثرها وذلك ان علي هذا الوجه يجري الامر في البساءط ايضا ان الذي يغير الاسم قد حد الشء مثال ذلك ان يجعل بدل الثوب رداء وايضا فمن اعظم الخطا ان هو جعل التبديل باسماء لا تعرف مثال ذلك ان يجعل مكان حجر ابيض جندل بلجاء اذا كان ما قيل بهذا الطريق لم يحد وهو اقل بيانا وينظر ايضا ان كان انما يدل فقط علي مثل ما يدل عليه تبديل الاسماء مثل الذي يقول ان العلم النظري ظن نظري وذلك ان الظن والعلم ليسا شيءا واحدا ولو كان ذلك يكون لوجب ان يكون الكل شيءا واحدا بعينه وذلك ان النظري عام في القولين جميعا والشء الباقي مختلف وينظر ايضا ان كان بدل احد الاسمين فلم يبدل الفصل بالجنس كالحال فيما ذكرناه قبيل وذلك ان قولنا نظري اقرب الي ان يعرف من العلم لان هذا جنس وذاك فصل والجنس اعرف من كل شء فلذلك كان ينبغي ان يكون قد جعل التبديل للفصل لا للجنس لانه اقرب الي ان لا يعرف الا انا نقول ان هذا الانكار يسخر منه اذ كان ليس يمنع مانع ان يكون الفصل قد قيل باسم اعرف فاما ما الجنس فلا واذا كانت الحال فيها علي هذا فمن البين انه ينبغي ان يجعل التبديل في الاسم للجنس لا للفصل وان لم يجعل اسما مكان اسم بل جعل قولا مكان اسم فمن البين ان الاولي ان نجعل للفصل جزءا لا للجنس لان الحد انما يراد لمكان المعرفة والفصل دون الجنس في المعرفة,6,11
Εἰ δὲ τῆς διαφορᾶς τὸν ὅρον ἀποδέδωκε σκοπεῖν εἰ καὶ ἄλλου τινὸς κοινὸς ὁ ἀποδοθεὶς ὅρος οἷον ὅταν περιττὸν ἀριθμὸν ἀριθμὸν μέσον ἔχοντα εἴπῃ ἐπιδιοριστέον τὸ πῶς μέσον ἔχοντα Ὁ μὲν γὰρ ἀριθμὸς κοινὸς ἐν ἀμφοτέροις τοῖς λόγοις ὑπάρχει τοῦ δὲ περιττοῦ μετείληπται ὁ λόγος Ἔχει δὲ καὶ γραμμὴ καὶ σῶμα μέσον οὐ περιττὰ ὄντα Ὥστ᾿ οὐκ ἂν εἴη ὁρισμὸς οὗτος τοῦ περιττοῦ Εἰ δὲ πολλαχῶς λέγεται τὸ μέσον ἔχον διοριστέον τὸ πῶς μέσον ἔχον Ὥστ᾿ ἢ ἐπιτίμησις ἔσται ἢ συλλογισμὸς ὅτι οὐχ ὥρισται Πάλιν εἰ οὗ μὲν τὸν λόγον ἀποδίδωσι τῶν ὄντων ἐστί τὸ δ᾿ ὑπὸ τὸν λόγον μὴ τῶν ὄντων οἷον εἰ τὸ λευκὸν ὡρίσατο χρῶμα πυρὶ μεμιγμένον ἀδύνατον γὰρ τὸ ἀσώματον μεμῖχθαι σώματι ὥστ᾿ οὐκ ἂν εἴη χρῶμα πυρὶ μεμιγμένον λευκὸν δ᾿ ἔστιν Ἔτι ὅσοι μὴ διαιροῦσιν ἐν τοῖς πρός τι πρὸς ὃ λέγεται ἀλλ᾿ ἐν πλείοσι περιλαβόντες εἶπαν ἢ ὅλως ἢ ἐπί τι ψεύδονται οἷον εἴ τις τὴν ἰατρικὴν ἐπιστήμην ὄντος εἶπεν Εἰ μὲν γὰρ μηδενὸς τῶν ὄντων ἡ ἰατρικὴ ἐπιστήμη δῆλον ὅτι ὅλως ἔψευσται εἰ δὲ τινὸς μὲν τινὸς δὲ μή ἐπί τι ἔψευσται δεῖ γὰρ παντός εἴπερ καθ᾿ αὑτὸ καὶ μὴ κατὰ συμβεβηκὸς ὄντος εἶναι λέγεται καθάπερ ἐπὶ τῶν ἄλλων ἔχει τῶν πρός τι πᾶν γὰρ ἐπιστητὸν πρὸς ἐπιστήμην λέγεται Ὁμοίως δὲ καὶ ἐπὶ τῶν ἄλλων ἐπειδὴ ἀντιστρέφει πάντα τὰ πρός τι Ἔτι εἴπερ ὁ μὴ καθ᾿ αὑτὸ ἀλλὰ κατὰ συμβεβηκὸς τὴν ἀπόδοσιν ποιούμενος ὀρθῶς ἀποδίδωσιν οὐ πρὸς ἓν ἀλλὰ πρὸς πλείω ἕκαστον ἂν τῶν πρός τι λέγοιτο Οὐδὲν γὰρ κωλύει τὸ αὐτὸ καὶ ὂν καὶ λευκὸν καὶ ἀγαθὸν εἶναι ὥστε πρὸς ὁποιονοῦν τούτων ἀποδιδοὺς ὀρθῶς ἂν εἴη ἀποδιδούς εἴπερ ὁ κατὰ συμβεβηκὸς ἀποδιδοὺς ὀρθῶς ἀποδίδωσιν Ἔτι δ᾿ ἀδύνατον τὸν τοιοῦτον λόγον ἴδιον τοῦ ἀποδοθέντος εἶναι οὐ γὰρ μόνον ἡ ἰατρικὴ ἀλλὰ καὶ τῶν ἄλλων ἐπιστημῶν αἱ πολλαὶ πρὸς ὂν λέγονται ὥσθ᾿ ἑκάστη ὄντος ἐπιστήμη ἔσται Δῆλον οὖν ὅτι ὁ τοιοῦτος οὐδεμιᾶς ἐστὶν ἐπιστήμης ὁρισμός ἴδιον γὰρ καὶ οὐ κοινὸν δεῖ τὸν ὁρισμὸν εἶναι Ἐνίοτε δ᾿ ὁρίζονται οὐ τὸ πρᾶγμα ἀλλὰ τὸ πρᾶγμα εὖ ἔχον ἢ τετελεσμένον Τοιοῦτος δ᾿ ὁ τοῦ ῥήτορος καὶ ὁ τοῦ κλέπτου ὅρος εἴπερ ἐστὶ ῥήτωρ μὲν ὁ δυνάμενος τὸ ἐν ἑκάστῳ πιθανὸν θεωρεῖν καὶ μηδὲν παραλείπειν κλέπτης δ᾿ ὁ λάθρᾳ λαμβάνων δῆλον γὰρ ὅτι τοιοῦτος ὢν ἑκάτερος ὁ μὲν ἀγαθὸς ῥήτωρ ὁ δ᾿ ἀγαθὸς κλέπτης ἔσται οὐ γὰρ ὁ λάθρᾳ λαμβάνων ἀλλ᾿ ὁ βουλόμενος λάθρᾳ λαμβάνειν κλέπτης ἐστίν Πάλιν εἰ τὸ δι᾿ αὑτὸ αἱρετὸν ὡς ποιητικὸν ἢ πρακτικὸν ἢ ὁπωσοῦν δι᾿ ἄλλο αἱρετὸν ἀποδέδωκεν οἷον τὴν δικαιοσύνην νόμων σωστικὴν εἰπὼν ἢ τὴν σοφίαν ποιητικὴν εὐδαιμονίας τὸ γὰρ ποιητικὸν ἢ σωστικὸν τῶν δι᾿ ἄλλο αἱρετῶν Ἢ οὐδὲν μὲν κωλύει τὸ δι᾿ αὑτὸ αἱρετὸν καὶ δι᾿ ἄλλο εἶναι αἱρετόν οὐ μὴν ἀλλ᾿ οὐδὲν ἧττον ἡμάρτηκεν ὁ οὕτως ὁρισάμενος τὸ δι᾿ αὑτὸ αἱρετόν ἑκάστου γὰρ τὸ βέλτιστον ἐν τῇ οὐσίᾳ μάλιστα βέλτιον δὲ τὸ δι᾿ αὑτὸ αἱρετὸν εἶναι τοῦ δι᾿ ἕτερον ὥστε τοῦτο καὶ τὸν ὁρισμὸν ἔδει μᾶλλον σημαίνειν,مواضع اخري وان كان وصف حد الفصل فينبغي ان ينظر ان كان الحد الموصوف عاما لشء اخر مثال ذلك اذا قال ان العدد الفرد عدد له متوسط وذلك ان قوله عدد عام في القولين جميعا وانما بدل قول الفرد والخط والجسم ايضا لهما متوسط وليسا فردين فليس هذا اذا تحديد الفرد وان كان قوله ماله متوسط يقال علي انحاء شتي فينبغي ان يلخص باي نحو له متوسط فيصير الامر في انه لا يحد اما انكارا واما قياسا وينظر ايضا ان كان الشء الذي وصف قوله من الموجودات والشء الذي تحت القول ليس من الموجودات مثال ذلك ان حد الابيض بانه لون مخالط للنار فانه من المحال ان يخالط ما ليس بجسم جسما فليس هو اذن لونا مخالطا للنار وهو ابيض وايضا الذين لا يقسمون الاشياء الداخلة في باب المضاف الشء الذي بحسبه يقال لكنهم يذكرونه وقد حصروه في اشياء كثيرة اما بالكلية واما ان يكذبوا في شء مثال ذلك ان قال قاءل ان الطب العلم بموجود فان الطب ان لم يكن علما بشء من الموجودات فمن البين ان من قال هذا القول قد كذب بالكلية وان كان الطب علم بعض الموجودات وبعض لا فقد كذب في شء وذلك انه ينبغي في كل ما هو موجود بذاته لا بالعرض ان يكون يقال بالقياس الي الشء الذي بالقياس اليه وصف كالحال في ساءر الاشياء الاخر الداخلة في باب المضاف فان كل معلوم انما يقال بالقياس الي العلم وكذلك يجري الامر في الباقي لان جميع ما هو داخل في باب المضاف يرجع بالتكافء وايضا ان كان الواصف للشء لا بالذات لكن بالعرض وصفه وصفا صحيحا فان كل واحد من المضافات ليس يقال بالقياس الي واحد بل بالقياس الي كثيرين وذلك انه ليس يمنع مانع من ان يكون شء واحد بعينه موجودا وابيض وخبزا فيجب من ذلك ان يكون من وصفه بالقياس الي اي واحد من هذه علي الصحة وصفه ان كان الواصف بالعرض علي الصحة وصف وايضا فليس يمكن ان يكون مثل هذا القول خاصا للشء الموصوف وذلك انه ليس الطب فقط بل كثير من العلوم الباقية يقال بالقياس الي موجود فيصير كل واحد منها علما لموجود فمن البين ان هذا لا يكون لعلم من العلوم تحديدا لان التحديد يجب ان يكون خاصا لا عاما وربما لم يحدوا الامر لكن الذي له الامر علي ما ينبغي او الذي له الامر كامل بمنزلة حد الخطيب وحد السارق اذ كان الخطيب هو الذي يمكنه في كل واحد ان يعلم الاقناع ولا ينقصه في ذلك شء والسارق هو الذي ياخذ الشء سرا وذلك انه بين ان كل واحد من هذين اذا كان بهذه الحال فان الواحد يكون خطيبا حاذقا والاخر سارقا حاذقا وذلك انه ليس من ياخذ الشء سرا هو السارق لكن الذي يريد ان ياخذه سرا وينظر ايضا ان كان وصف ما هو ماثور لنفسه علي انه محدث او فاعل او باي حال كان مءثرا من اجل غيره بمنزلة ما يصف العدل بانه حافظ النواميس او الحكمة بانها فاعلة للسعادة وذلك ان الحافظ والفاعل انما هما ماثوران من اجل غيرهما الا انا نقول انه ليس يمنع من ان يكون الماثور من اجل نفسه ماثورا ايضا من اجل غيره الا ان من حد الماثور من اجل نفسه بهذا الوجه ليس خطءه بالدون وذلك ان الافضل لكل واحد انما هو في جوهره خاصة والماثور من اجل نفسه افضل من الماثور من اجل غيره فعلي هذا كان يجب ان يدل الحد اكثر,6,12
Σκοπεῖν δὲ καὶ εἴ τινος ὁρισμὸν ἀποδιδοὺς τάδε ἢ τὸ ἐκ τούτων ἢ τόδε μετὰ τοῦδε ὡρίσατο Εἰ μὲν γὰρ τάδε συμβήσεται ἀμφοῖν καὶ μηδετέρῳ ὑπάρχειν οἷον εἰ τὴν δικαιοσύνην σωφροσύνην καὶ ἀνδρίαν ὡρίσατο δύο γὰρ ὄντων ἐὰν ἑκάτερος θάτερον ἔχῃ ἀμφότεροι δίκαιοι ἔσονται καὶ οὐδέτερος ἐπειδὴ ἀμφότεροι μὲν ἔχουσι δικαιοσύνην ἑκάτερος δ᾿ οὐκ ἔχει Εἰ δὲ μήπω τὸ εἰρημένον σφόδρα ἄτοπον διὰ τὸ καὶ ἐπ᾿ ἄλλων συμβαίνειν τὸ τοιοῦτον οὐδὲν γὰρ κωλύει ἀμφοτέρους ἔχειν μνᾶν μηδετέρου ἔχοντος ἀλλ᾿ οὖν τό γε τἀναντία ὑπάρχειν αὐτοῖς παντελῶς ἄτοπον ἂν δόξειεν εἶναι Συμβήσεται δὲ τοῦτο ἐὰν ὁ μὲν αὐτῶν σωφροσύνην καὶ δειλίαν ἔχῃ ὁ δὲ ἀνδρίαν καὶ ἀκολασίαν ἄμφω γὰρ δικαιοσύνην καὶ ἀδικίαν ἕξουσιν Εἰ γὰρ ἡ δικαιοσύνη σωφροσύνη καὶ ἀνδρία ἐστίν ἡ ἀδικία δειλία καὶ ἀκολασία ἔσται Ὅλως τε ὅσα ἔστιν ἐπιχειρεῖν ὅτι οὐ ταὐτόν ἐστι τὰ μέρη καὶ τὸ ὅλον πάντα χρήσιμα πρὸς τὸ νῦν εἰρημένον ἔοικε γὰρ ὁ οὕτως ὁριζόμενος τὰ μέρη τῷ ὅλῳ ταὐτὰ φάσκειν εἶναι Μάλιστα δ᾿ οἰκεῖοι γίνονται οἱ λόγοι ἐφ᾿ ὅσων κατάδηλός ἐστιν ἡ τῶν μερῶν σύνθεσις καθάπερ ἐπ᾿ οἰκίας καὶ τῶν ἄλλων τῶν τοιούτων δῆλον γὰρ ὅτι τῶν μερῶν ὄντων οὐδὲν κωλύει τὸ ὅλον μὴ εἶναι ὥστ᾿ οὐ ταὐτὸν τὰ μέρη τῷ ὅλῳ Εἰ δὲ μὴ ταῦτα ἀλλὰ τὸ ἐκ τούτων ἔφησεν εἶναι τὸ ὁριζόμενον πρῶτον μὲν ἐπισκοπεῖν εἰ μὴ πέφυκεν ἓν γίνεσθαι εκ τῶν εἰρημένων ἔνια γὰρ οὕτως ἔχει πρὸς ἄλληλα ὥστε μηδὲν ἐξ αὐτῶν γίνεσθαι οἷον γραμμὴ καὶ ἀριθμός Ἔτι εἰ τὸ μὲν ὡρισμένον ἐν ἑνί τινι πέφυκε τῷ πρώτῳ γίνεσθαι ἐξ ὧν δ᾿ ἔφησεν αὐτὸ εἶναι μὴ ἐν ἑνὶ τῷ πρώτῳ ἀλλ᾿ ἑκάτερον ἐν ἑκατέρῳ δῆλον γὰρ ὅτι οὐκ ἂν εἴη ἐκ τούτων ἐκεῖνο ἐν οἷς γὰρ τὰ μέρη καὶ τὸ ὅλον ἀνάγκη ὑπάρχειν ὥστ᾿ οὐκ ἐν ἑνὶ τὸ ὅλον πρώτῳ ἀλλ᾿ ἐν πλείοσιν Εἰ δὲ καὶ τὰ μέρη καὶ τὸ ὅλον ἐν ἑνί τινι πρώτῳ σκοπεῖν εἰ μὴ ἐν τῷ αὐτῷ ἀλλ᾿ ἐν ἑτέρῳ τὸ ὅλον καὶ ἐν ἑτέρῳ τὰ μέρη Πάλιν εἰ τῷ ὅλῳ συμφθείρεται τὰ μέρη ἀνάπαλιν γὰρ δεῖ συμβαίνειν τῶν μερῶν φθαρέντων φθείρεσθαι τὸ ὅλον τοῦ δ᾿ ὅλου φθαρέντος οὐκ ἀναγκαῖον καὶ τὰ μέρη ἐφθάρθαι Ἢ εἰ τὸ μὲν ὅλον ἀγαθὸν ἢ κακόν τὰ δὲ μηδέτερα ἢ ἀνάπαλιν τὰ μὲν ἀγαθὰ ἢ κακά τὸ δ᾿ ὅλον μηδέτερον οὔτε γὰρ ἐκ μηδετέρου δυνατὸν ἢ ἀγαθόν τι ἢ κακὸν γενέσθαι οὔτ᾿ ἐκ κακῶν ἢ ἀγαθῶν μηδέτερον Ἣ εἰ μᾶλλον μὲν θάτερον ἀγαθὸν ἢ θάτερον κακόν τὸ δ᾿ ἐκ τούτων μὴ μᾶλλον ἀγαθὸν ἢ κακόν οἷον εἰ ἡ ἀναίδεια ἐξ ἀνδρίας καὶ ψευδοῦς δόξης Μᾶλλον γὰρ ἀγαθὸν ἡ ἀνδρία ἢ κακὸν ἡ ψευδὴς δόξα ἔδει οὖν καὶ τὸ ἐκ τούτων ἀκολουθεῖν τῷ μᾶλλον καὶ εἶναι ἢ ἁπλῶς ἀγαθὸν ἢ μᾶλλον ἀγαθὸν ἢ κακόν Ἢ τοῦτο μὲν οὐκ ἀναγκαῖον ἐὰν μὴ ἑκάτερον ᾖ καθ᾿ αὑτὸ ἀγαθὸν ἢ κακόν πολλὰ γὰρ τῶν ποιητικῶν καθ᾿ αὑτὰ μὲν οὐκ ἔστιν ἀγαθά μιχθέντα δέ ἢ ἀνάπαλιν ἑκάτερον μὲν ἀγαθόν μιχθέντα δὲ κακὸν ἢ οὐδέτερον Μάλιστα δὲ καταφανὲς τὸ νῦν ῥηθὲν ἐπὶ τῶν ὑγιεινῶν καὶ νοσωδῶν ἔνια γὰρ τῶν φαρμάκων οὕτως ἔχει ὥσθ᾿ ἑκάτερον μὲν εἶναι ἀγαθόν ἐὰν δ᾿ ἄμφω δοθῇ μιχθέντα κακόν Πάλιν εἰ ἐκ βελτίονος καὶ χείρονος ὂν μή ἐστι τὸ ὅλον τοῦ μὲν βελτίονος χεῖρον τοῦ δὲ χείρονος βέλτιον Ἢ οὐδὲ τοῦτ᾿ ἀναγκαῖον ἐὰν μὴ καθ᾿ αὑτὰ ᾖ τὰ ἐξ ὧν σύγκειται ἀγαθά ἀλλ᾿ οὐδὲν κωλύει τὸ ὅλον μὴ γίνεσθαι ἀγαθόν καθάπερ ἐπὶ τῶν ἀρτίως ῥηθέντων Ἔτι εἰ συνώνυμον τὸ ὅλον θατέρῳ οὐ δεῖ γάρ καθάπερ οὐδ᾿ ἐπὶ τῶν συλλαβῶν οὐδενὶ γὰρ τῶν στοιχείων ἐξ ὧν σύγκειται ἡ συλλαβὴ συνώνυμός ἐστιν Ἔτι εἰ μὴ εἴρηκε τὸν τρόπον τῆς συνθέσεως Οὐ γὰρ αὔταρκες πρὸς τὸ γνωρίσαι τὸ εἰπεῖν ἐκ τούτων οὐ γὰρ τὸ ἐκ τούτων ἀλλὰ τὸ οὕτως ἐκ τούτων ἑκάστου τῶν συνθέτων ἡ οὐσία καθάπερ ἐπ᾿ οἰκίας οὐ γὰρ ἂν ὁπωσοῦν συντεθῇ ταῦτα οἰκία ἐστίν Εἰ δὲ τόδε μετὰ τοῦδε ἀποδέδωκε πρῶτον μὲν ῥητέον ὅτι τόδε μετὰ τοῦδε ἢ τοῖσδε ταὐτὸν ἢ τῷ ἐκ τῶνδε ὁ γὰρ λέγων μέλι μεθ᾿ ὕδατος ἤτοι μέλι καὶ ὕδωρ λέγει ἢ τὸ ἐκ μέλιτος καὶ ὕδατος ὥστ᾿ ἐὰν ὁποτερῳοῦν τῶν εἰρημένων ταὐτὸν ὁμολογήσῃ εἶναι τὸ τόδε μετὰ τοῦδε ταὐτὰ ἁρμόσει λέγειν ἅπερ πρὸς ἑκάτερον τούτων ἔμπροσθεν εἴρηται Ἔτι διελόμενον ὁσαχῶς λέγεται ἕτερον μεθ᾿ ἑτέρου σκοπεῖν εἰ μηδαμῶς τόδε μετὰ τοῦδε Οἷον εἰ λέγεται ἕτερον μεθ᾿ ἑτέρου ἢ ὡς ἔν τινι ταὐτῷ δεκτικῷ καθάπερ ἡ δικαιοσύνη καὶ ἡ ἀνδρία ἐν ψυχῇ ἢ ἐν τόπῳ τῷ αὐτῷ ἐν χρόνῳ τῷ αὐτῷ μηδαμῶς δ᾿ ἀληθὲς τὸ εἰρημένον ἐπὶ τούτων δῆλον ὅτι οὐδενὸς ἂν εἴη ὁ ἀποδοθεὶς ὁρισμός ἐπειδὴ οὐδαμῶς τόδε μετὰ τοῦδέ ἐστιν Εἰ δὲ τῶν διαιρεθέντων ἀληθὲς τὸ ἐν ταὐτῷ χρόνῳ ἑκάτερον ὑπάρχειν σκοπεῖν εἰ ἐνδέχεται μὴ πρὸς ταὐτὸν λέγεσθαι ἑκάτερον Οἷον εἰ τὴν ἀνδρίαν ὡρίσατο τόλμαν μετὰ διανοίας ὀρθῆς ἐνδέχεται γὰρ τόλμαν μὲν ἔχειν τοῦ ἀποστερεῖν ὀρθὴν δὲ διάνοιαν περὶ τὰ ὑγιεινά ἀλλ᾿ οὐδέπω ἀνδρεῖος ὁ ἐν τῷ αὐτῷ χρόνῳ τόδε μετὰ τοῦδε ἔχων Ἔτι εἰ καὶ πρὸς ταὐτὸν ἄμφω λέγεται οἷον πρὸς τὰ ἰατρικά οὐδὲν γὰρ κωλύει καὶ τόλμαν καὶ ὀρθὴν διάνοιαν ἔχειν πρὸς τὰ ἰατρικά ἀλλ᾿ ὅμως οὐδ᾿ οὗτος ἀνδρεῖος ὁ τόδε μετὰ τοῦδε ἔχων Οὔτε γὰρ πρὸς ἕτερον αὐτῶν ἑκάτερον δεῖ λέγεσθαι οὔτε πρὸς ταὐτὸν τὸ τυχόν ἀλλὰ πρὸς τὸ τῆς ἀνδρίας τέλος οἷον πρὸς τοὺς πολεμικοὺς κινδύνους ἢ εἴ τι μᾶλλον τούτου τέλος Ἔνια δὲ τῶν οὕτως ἀποδιδομένων οὐδαμῶς ὑπὸ τὴν εἰρημένην πίπτει διαίρεσιν οἷον εἰ ἡ ὀργὴ λύπη μεθ᾿ ὑπολήψεως τοῦ ὀλιγωρεῖσθαι Ὅτι γὰρ διὰ τὴν ὑπόληψιν τὴν τοιαύτην ἡ λύπη γίνεται τοῦτο βούλεται δηλοῦν τὸ δὲ διὰ τόδε γίνεσθαί τι οὐκ ἔστι ταὐτὸν τῷ μετὰ τούτου τόδ᾿ εἶναι κατ᾿ οὐδένα τῶν εἰρημένων τρόπων,مواضع اخري فينظر ايضا ان كان عندما وصف حد شء من الاشياء حدد هذه او الشء الذي ركب منها او حدد هذا بعد هذا وذلك انه ان كان حدد هذه فيلزم ان يوجد لكليهما ولا لواحد منهما مثل ما لو ان انسانا حد العدل بانه عفة وشجاعة فانهما اذا كانا اثنين فان كل واحد منهما اذا كان له صاحبه صارا كلاهما عادلا ولا يكون واحد منهما عادلا لان كليهما لهما عدل وكل واحد منهما ليس له عدل وان كان الموصوف ليس هو بعد قبيحا جدا من قبل ان مثل هذا قد يعرض في اشياء اخر اذ كان ليس يمنع مانع ان يكون لكليهما من غير ان يكون لكل واحد منهما الا ان وجود الضدين لهما يظن به انه قبيح جدا وهذا يلزم اذا كان احدهما له عفة وجبن والاخر له شجاعة وقطم لان لكليهما يصير عدل وجور وذلك ان العدل ان كان عفة وشجاعة فالجور جبن وقطم وبالجملة فكل ما يمكن ان يحتج به في ان الاجزاء والكل ليست واحدا فهو نافع فيما وصفناه الان وذلك انه يشبه ان يكون الذي يحد بهذا الطريق يقول ان الاجزاء والكل شء واحد والاقاويل تكون خاصية في الاشياء التي تركيب الاجزاء منها ظاهر كالحال في البيت وما اشبهه من ساءر الاشياء لانه بين ان الاجزاء قد تكون موجودة ولا يمنع مانع من ان يكون الكل غير موجود فيجب لذلك الا يكون الكل والاجزاء شيءا واحدا فان لم يقل ان المحدود هو هذه لكن الذي منهما فينبغي الان ان ينظر ان كان ليس من شانه ان يحدث عن الاشياء الموصوفة فان بعض الاشياء قد يكون حال بعضها عند بعض حالا يكون يحدث منهما شء واحد مثل الخط والعدد وينظر ايضا ان كان المحدود من شانه ان يكون في واحد اولا والاشياء التي قال انه يكون منها ليس من شانها ان تكون في واحد اولا لكن كل واحد منهما يكون في كل واحد منهما وذلك انه من البين ان الذي من هذين ليس هو ذاك فان الاشياء التي فيها توجد الاجزاء فيها ضرورة يجب ان يوجد الكل ايضا فيجب الا يكن الكل في واحد اولا لكن في كثيرين وان كانت الاجزاء والكل في شء واحد اولا فينبغي ان ينظر ان لم تكن في شء واحد بعينه لكن يكون الكل في شء والاجزاء في شء غيره وينظر ايضا ان كانت الاجزاء تفسد بفساد الكل فان الذي ينبغي ان يلزم عكس ذلك اعني ان تكون الاجزاء اذا فسدت فسد الكل واذا فسد الكل فليس واجبا ضرورة ان تفسد الاجزاء او ان كان الكل خيرا او رديءا والاجزاء ولا واحد من هذين او ان كان الامر بالعكس حتي تكون الاجزاء جيدة او رديءة والكل ولا واحد من هذين وذلك انه ليس يمكن ان يكون شء جيد او ردء من اشياء ليست واحدا من هذين ولا يمكن ان يكون من اشياء رديءة او جيدة ما ليس هو واحدا من هذين او ان كان احد الاثنين اولي بان يكون جيدا منم الاخر بان يكون رديءا والذي من هذين ليس هو بان يكون جيدا اولي منه بان يكون رديءا مثال ذلك ان القحة ان كانت من الشجاعة والظن الكاذب فان الشجاعة اولي بان تكون شيءا جيدا من الظن الكاذب بان يكون شيءا رديءا فقد كان يجب ان يكون الذي منهما يلزم الاول حتي يكون اما علي الاطلاق جيدا او بان يكون جيدا اولي منه بان يكون رديءا الا انا نقول ان هذا ليس هو من الاضطرار ان لم يكن كل واحد من هذين جيدا او رديءا بذاته وذلك ان كثيرا من الاشياء الفاعلة كل واحد من الاثنين ليس بجيد فاذا اختلطت صارت شيءا جيدا او بعكس ذلك اعني ان كل واحد منهما شء جيد واذا اختلطت صارت شيءا رديءا او صارت ولا واحد من هذين وما قلناه في هذا الموضع يبين خاصة في الامور الفاعلة للصحة والفاعلة للمرض فان بعض الادوية يبلغ من حالها الي ان يكون كل واحد من اثنين منها علي حدته جيدا فاذا خلطا وتبودلا كانا شيءا رديءا وينظر ايضا ان كان من شء اجود وشء اردا ولم يكن الكل اردا من الاجود واجود من الاردا الا انا نقول ولا هذا ايضا من الاضطرار ان لم تكن الاشياء التي منها ركب جيدة بذاتها لان الاشياء التي ليست جيدة بذاتها ليس يمنع مانع الا يكون الكل منها جيدا كالحال فيما قلناه قبيل وينظر ايضا ان كان الكل موطنا لاحد الاثنين فان ذلك ليس يجب كما لا يجب في المقاطع فان المقطع ليس موطنا لشء من الحروف التي منها ركب وينظر ايضا ان كان لم يذكر حال التركيب اذ ليس يكتفي في التعريف بان يقال من هذه لان جوهر كل واحد من الاشياء المركبة ليس انما هو منها علي جهة كذا كالحال في البيت لان حدوثه ليس عن الاشياء التي هو منها كيفما ركبت وينظر ايضا ان كان قد وصف هذا مع هذا فينبغي ان يقول اولا ان قوله هذا مع هذا هو قوله اما هذا وهذا او هذا من هذه لان من قال عسل مع ماء فقد قال اما عسلا مع ماء او المركب مع العسل والماء فان اعترف بان قوله هذا مع هذا موافق لاحد القولين ايهما كان فيليق به ان يقول ان الاشياء التي قيلت اولا في كل واحد من هذين متفقة وايضا اذا فصلت قولك واحدا مع اخر علي كم جهة يقال فينبغي ان ينظر ان كان ليس هذا مع هذا اصلا مثل ان يقال واحد مع اخر اما علي انه قابل واحد بعينه كالعدالة والشجاعة في النفس او في مكان واحد او في زمان واحد ولم يكن ما قيل في هذه حقا اصلا فمن البين ان التحديد الموصوف ليس هو ولا لواحد اذ ليس هذا مع هذا اصلا وان كان وجود كل واحد من اللذين فصل منهما علي كم جهة يقال واحد مع اخر في زمان واحد بعينه حقا فينبغي ان ينظر ان كان يمكن الا يقال كل واحد منهما بالقياس الي شء واحد بعينه مثال ذلك ان هو حد الشجاعة بانها جراة مع فكر صحيح وذلك انه قد يمكن ان تكون له جراة علي ان يحتفظ وفكر صحيح في الامور الفاعلة للصحة الا ان الذي له هذا مع هذا في زمان واحد ليس هو بعد شجاعا وايضا ان كانا جميعا يقالان بالقياس الي شء واحد بعينه بمنزلة ما يقال بالقياس الي الاشياء الطبية فانه ليس يمنع مانع من ان تكون له جراة ما وصحة فكر بالقياس الي الاشياء الطبية الا انه علي حاله لا هذا شجاعا الذي له هذا مع هذا وذلك ان كل واحد منهما ليس ينبغي ان يقال بالقياس الي الاخر ولا اي واحد استقبلك منهما الي واحد بعينه لكن بالقياس الي الغاية التي للشجاعة اعني الي مجاهدة الحروب او ان كانت غاية هي اكبر من هذه وبعض ما يوصف بهذه الصفة لا يقع تحت هذه القسمة التي ذكرت مثل ان يكون الغيظ غما مع توهم استخفاف وذلك انه انما يريد ان يبين ان الغم انما يكون بسبب هذا الوهم فاما كون الشء بهذا السبب فليس هو مساويا لوجوده مع هذا في صنف المذكورة,6,13
Πάλιν εἰ τὴν τούτων σύνθεσιν εἴρηκε τὸ ὅλον οἷον τῆς ψυχῆς καὶ τοῦ σώματος σύνθεσιν ζῷον πρῶτον μὲν σκοπεῖν εἰ μὴ εἴρηκε ποία σύνθεσις καθάπερ εἰ σάρκα ὁριζόμενος ἢ ὀστοῦν τὴν πυρὸς καὶ γῆς καὶ ἀέρος εἶπε σύνθεσιν Οὐ γὰρ ἀπόχρη τὸ σύνθεσιν εἰπεῖν ἀλλὰ καὶ ποία τις προσδιοριστέον οὐ γὰρ ὁπωσοῦν συντεθέντων τούτων σὰρξ γίνεται ἀλλ᾿ οὑτωσὶ μὲν συντεθέντων σάρξ οὑτωσὶ δ᾿ ὀστοῦν Ἔοικε δ᾿ οὐδ᾿ εἶναι τὸ παράπαν συνθέσει ταὐτὸν οὐδέτερον τῶν εἰρημένων συνθέσει μὲν γὰρ πάσῃ διάλυσις ἐναντίον τῶν δ᾿ εἰρημένων οὐδετέρῳ οὐδέν Ἔτι εἰ ὁμοίως πιθανὸν πᾶν τὸ σύνθετον σύνθεσιν εἶναι ἢ μηδέν τῶν δὲ ζῴων ἕκαστον σύνθετον ὂν μή ἐστι σύνθεσις οὐδὲ τῶν ἄλλων οὐδὲν τῶν συνθέτων σύνθεσις ἂν εἴη Πάλιν εἰ ὁμοίως ἔν τινι πέφυκεν ὑπάρχειν τἀναντία ὥρισται δὲ διὰ θατέρου δῆλον ὅτι οὐχ ὥρισται Εἰ δὲ μή πλείους τοῦ αὐτοῦ συμβήσεται ὁρισμοὺς εἶναι τί γὰρ μᾶλλον ὁ διὰ τούτου ἢ ὁ διὰ τοῦ ἑτέρου ὁρισάμενος εἴρηκεν ἐπειδὴ ὁμοίως ἀμφότερα πέφυκε γίνεσθαι ἐν αὐτῷ τοιοῦτος δ᾿ ὁ τῆς ψυχῆς ὅρος εἰ ἔστιν οὐσία ἐπιστήμης δεκτική Ὁμοίως γὰρ καὶ ἀγνοίας ἐστὶ δεκτική Δεῖ δὲ καὶ ἐὰν μὴ πρὸς ὅλον ἔχῃ τις ἐπιχειρεῖν τὸν ὁρισμὸν διὰ τὸ μὴ γνώριμον εἶναι τὸ ὅλον πρὸς τῶν μερῶν τι ἐπιχειρεῖν ἐὰν ᾖ γνώριμον καὶ μὴ καλῶς ἀποδεδομένον φαίνηται τοῦ γὰρ μέρους ἀναιρεθέντος καὶ ὁ πᾶς ὁρισμὸς ἀναιρεῖται Ὅσοι τ᾿ ἀσαφεῖς τῶν ὁρισμῶν συνδιορθώσαντα καὶ συσχηματίσαντα πρὸς τὸ δηλοῦν τι καὶ ἔχειν ἐπιχείρημα οὕτως ἐπισκοπεῖν ἀναγκαῖον γὰρ τῷ ἀποκρινομένῳ ἢ δέχεσθαι τὸ ἐκλαμβανόμενον ὑπὸ τοῦ ἐρωτῶντος ἢ αὐτὸν διασαφῆσαι τί ποτε τυγχάνει τὸ δηλούμενον ὑπὸ τοῦ λόγου Ἔτι καθάπερ ἐν ταῖς ἐκκλησίαις νόμον εἰώθασιν ἐπεισφέρειν κἂν ᾖ βελτίων ὁ ἐπεισφερόμενος ἀναιροῦσι τὸν ἔμπροσθεν οὕτω καὶ ἐπὶ τῶν ὁρισμῶν ποιητέον καὶ αὐτὸν ὁρισμὸν ἕτερον οἰστέον ἐὰν γὰρ φαίνηται βελτίων καὶ μᾶλλον δηλῶν τὸ ὁριζόμενον δῆλον ὅτι ἀνῃρημένος ἔσται ὁ κείμενος ἐπειδὴ οὐκ εἰσὶ πλείους τοῦ αὐτοῦ ὁρισμοί Πρὸς ἅπαντας δὲ τοὺς ὁρισμοὺς οὐκ ἐλάχιστον στοιχεῖον τὸ πρὸς ἑαυτὸν εὐστόχως ὁρίσασθαι τὸ προκείμενον ἢ καλῶς εἰρημένον ὅρον ἀναλαβεῖν ἀνάγκη γάρ ὥσπερ πρὸς παράδειγμα θεώμενον τό τ᾿ ἐλλεῖπον ὧν προσῆκεν ἔχειν τὸν ὁρισμὸν καὶ τὸ προσκείμενον περιέργως καθορᾶν ὥστε μᾶλλον ἐπιχειρημάτων εὐπορεῖν Τὰ μὲν οὖν περὶ τοὺς ὁρισμοὺς ἐπὶ τοσοῦτον εἰρήσθω ΤΟΠΙΚΩΝ Η,مواضع اخري وايضا ان كان قال ان الكل هو تركيب هذه مثل ان الحيوان تركيب النفس والبدن فينبغي اولا ان ينظر ان كان لم يقل اي تركيب بمنزلة ما لو حد لحما او عظما فقال انه تركيب النار والهواء والارض والماء اذ كان ليس يكتفي بذكر التركيب حتي يلخص مع ذلك اي تركيب هو لان اللحم ليس يتكون عندما تتركب هذه كيفما كان بل انما يتكون اللحم عندما تتركب بجهة من الجهات ويتكون العظم عندما تتركب بجهة ما اخري محدودة ويشبه ان يكون لا واحد مما ذكرنا اصلا هو والتركيب سواء وذلك ان التركيب ضد التحليل فاما هذان اللذان وصفنا فليس لواحد منها ضد اصلا وايضا مما يقنع به علي مثال واحد ان كل مركب فهو تركيب او ولا واحد من المركبات تركيب وكل واحد من الحيوانات هو مركب وليس هو تركيبا ولا واحد من ساءر الاشياء المركبة هو تركيب وينظر ايضا ان كان من شان المتضادين ان يوجد الشء بواحد علي مثال واحد وكان قد حد بواحد منهما فمن البين انه لم يحد الا ولزم ان يكون لشء واحد بعينه حدود اكثر من واحد وذلك ان تحديده بهذا ليس هو اولي به من تحديده بذاك لان كليهما من شانهما ان يكونا فيه علي مثال واحد وما يجري هذا المجري حد النفس ان كان جوهرا قابلا للعلم فانه ايضا قابل للجهل علي مثال قبوله للعلم ومتي لم يتهيا للانسان ان يحتج علي الحد كله من قبل ان ليس كله معروفا فيجب ان يحتج علي شء من اجزاءه اذا كان معروفا ولم يكن يبين انه موصوف علي ما ينبغي وذلك ان جزء الحد اذا ارتفع ارتفع الحد باسره فاما ما كان من الحدود غامضا فينبغي ان يبحث عنها بان نصلحها او نشكلها تشكيلا يدلك منها علي شء ويكسبك حجة وذلك انه واجب ضرورة علي المجيبب اما ان يقبل ما ياخذه عن الساءل واما ان يبين المعني الذي يستدل عليه من القول ما هو وايضا فكما ان من عادة الناس في المحافل التي تجتمع فيها لوضع الشراءع ان ياتوا بشريعة فان كانت الشريعة التي اتي بها افضل من المتقدمة رفضوا المتقدمة كذلك ينبغي ان يفعل في الحدود ايضا اعني ان يءتي بحد اخر فان بين انه اجود من الاول وادل علي المحدود فبين ان الاول يصير مرفوضا لانه ليس يكون للشء الواحد حدود كثيرة وفي جميع الحدود ليس اصابتك في تحديد الشء الذي قصد لتحديده من نفسك او قبولك للحد اذا قيل ما ينبغي باصل حقير فانه واجب عليك ضرورة ان تجعل هذه الاشياء نصب عينك وتنظر اليها كالمثال فتتفقد باستقصاء نقصان ما كان يجب ان يكون في الحد وما زيد فيه فضلا حتي يمكنك ان تستخرج الحجج استخراجا سهلا فليكن هذا مبلغ ما نقوله في الحدود تمت المقالة السادسة من كتاب طوبيقا قوبل به,6,14
Η Πότερον δὲ ταὐτὸν ἢ ἕτερον κατὰ τὸν κυριώτατον τῶν ῥηθέντων περὶ ταὐτοῦ τρόπων ἐλέγετο δὲ κυριώτατα ταὐτὸν τὸ τῷ ἀριθμῷ ἕν σκοπεῖν ἔκ τε τῶν πτώσεων καὶ τῶν συστοίχων καὶ τῶν ἀντικειμένων Εἰ γὰρ ἡ δικαιοσύνη ταὐτὸν τῇ ἀνδρίᾳ καὶ ὁ δίκαιος τῷ ἀνδρείῳ καὶ τὸ δικαίως τῷ ἀνδρείως Ὁμοίως δὲ καὶ ἐπὶ τῶν ἀντικειμένων εἰ γὰρ τάδε ταὐτά καὶ τὰ ἀντικείμενα τούτοις ταὐτὰ καθ᾿ ὁποιανοῦν τῶν λεγομένων ἀντιθέσεων Οὐδὲν γὰρ διαφέρει τὸ τούτῳ ἢ τούτῳ ἀντικείμενον λαβεῖν ἐπειδὴ ταὐτόν ἐστιν Πάλιν ἐκ τῶν ποιητικῶν καὶ φθαρτικῶν καὶ γενέσεων καὶ φθορῶν καὶ ὅλως τῶν ὁμοίως ἐχόντων πρὸς ἑκάτερον ὅσα γὰρ ἁπλῶς ταὐτά καὶ αἱ γενέσεις αὐτῶν καὶ αἱ φθοραὶ αἱ αὐταί καὶ τὰ ποιητικὰ καὶ φθαρτικά Σκοπεῖν δὲ καὶ ὧν θάτερον μάλιστα λέγεται ὁτιοῦν εἰ καὶ θάτερον τῶν αὐτῶν τούτων κατὰ τὸ αὐτὸ μάλιστα λέγεται καθάπερ Ξενοκράτης τὸν εὐδαίμονα βίον καὶ τὸν σπουδαῖον ἀποδείκνυσι τὸν αὐτόν ἐπειδὴ πάντων τῶν βίων αἱρετώτατος ὁ σπουδαῖος καὶ ὁ εὐδαίμων ἓν γὰρ τὸ αἱρετώτατον καὶ μέγιστον Ὁμοίως δὲ καὶ ἐπὶ τῶν ἄλλων τῶν τοιούτων Δεῖ δ᾿ ἑκάτερον ἓν ἀριθμῷ εἶναι τὸ λεγόμενον μέγιστον ἢ αἱρετώτατον Εἰ δὲ μή οὐκ ἔσται δεδειγμένον ὅτι ταὐτόν οὐ γὰρ ἀναγκαῖον εἰ ἀνδρειότατοι τῶν Ἑλλήνων Πελοποννήσιοι καὶ Λακεδαιμόνιοι τοὺς αὐτοὺς εἶναι Πελοποννησίους Λακεδαιμονίοις ἐπειδὴ οὐχ εἷς ἀριθμῷ Πελοποννήσιος οὐδὲ Λακεδαιμόνιος Ἀλλὰ περιέχεσθαι μὲν τὸν ἕτερον ὑπὸ τοῦ ἑτέρου ἀναγκαῖον καθάπερ οἱ Λακεδαιμόνιοι ὑπὸ τῶν Πελοποννησίων Εἰ δὲ μή συμβήσεται ἀλλήλων εἶναι βελτίους ἐὰν μὴ περιέχωνται οἱ ἕτεροι ὑπὸ τῶν ἑτέρων Ἀναγκαῖον γὰρ τοὺς Πελοποννησίους βελτίους εἶναι τῶν Λακεδαιμονίων εἴπερ μὴ περιέχονται οἱ ἕτεροι ὑπὸ τῶν ἑτέρων πάντων γὰρ τῶν λοιπῶν εἰσὶ βελτίους Ὁμοίως δὲ καὶ τοὺς Λακεδαιμονίους ἀνάγκη βελτίους εἶναι τῶν Πελοποννησίων καὶ γὰρ καὶ οὗτοι πάντων τῶν λοιπῶν εἰσὶ βελτίους ὥστε ἀλλήλων βελτίους γίνονται Δῆλον οὖν ὅτι ἓν ἀριθμῷ δεῖ εἶναι τὸ βέλτιστον καὶ μέγιστον λεγόμενον εἰ μέλλει ὅτι ταὐτὸν ἀποδείκνυσθαι Διὸ καὶ Ξενοκράτης οὐκ ἀποδείκνυσιν οὐ γὰρ εἷς ἀριθμῷ ὁ εὐδαίμων οὐδ᾿ ὁ σπουδαῖος βίος ὥστ᾿ οὐκ ἀναγκαῖον τὸν αὐτὸν εἶναι διότι ἄμφω αἱρετώτατοι ἀλλὰ τὸν ἕτερον ὑπὸ τὸν ἕτερον Πάλιν σκοπεῖν εἰ ᾧ θάτερον ταὐτόν καὶ θάτερον εἰ γὰρ μὴ ἀμφότερα τῷ αὐτῷ ταὐτά δῆλον ὅτι οὐδ᾿ ἀλλήλοις Ἔτι ἐκ τῶν τούτοις συμβεβηκότων καὶ οἷς ταῦτα συμβέβηκεν ἐπισκοπεῖν ὅσα γὰρ θατέρῳ συμβέβηκε καὶ θατέρῳ δεῖ συμβεβηκέναι καὶ οἷς θάτερον αὐτῶν συμβέβηκε καὶ θάτερον δεῖ συμβεβηκέναι Εἰ δέ τι τούτων διαφωνεῖ δῆλον ὅτι οὐ ταὐτά Ὁρᾶν δὲ καὶ εἰ μὴ ἐν ἑνὶ γένει κατηγορίας ἀμφότερα ἀλλὰ τὸ μὲν ποιὸν τὸ δὲ ποσὸν ἢ πρός τι δηλοῖ Πάλιν εἰ τὸ γένος ἑκατέρου μὴ ταὐτόν ἀλλὰ τὸ μὲν ἀγαθὸν τὸ δὲ κακόν ἢ τὸ μὲν ἀρετὴ τὸ δ᾿ ἐπιστήμη Ἢ εἰ τὸ μὲν γένος ταὐτόν αἱ διαφοραὶ δὲ μὴ αἱ αὐταὶ ἑκατέρου κατηγοροῦνται ἀλλὰ τοῦ μὲν ὅτι θεωρητικὴ ἐπιστήμη τοῦ δ᾿ ὅτι πρακτική Ὁμοίως δὲ καὶ ἐπὶ τῶν ἄλλων Ἔτι ἐκ τοῦ μᾶλλον εἰ τὸ μὲν δέχεται τὸ μᾶλλον τὸ δὲ μή ἢ εἰ ἄμφω μὲν δέχεται μὴ ἅμα δέ καθάπερ ὁ μᾶλλον ἐρῶν οὐ μᾶλλον ἐπιθυμεῖ τῆς συνουσίας ὥστ᾿ οὐ ταὐτὸν ἔρως καὶ ἐπιθυμία συνουσίας Ἔτι ἐκ τῆς προσθέσεως εἰ τῷ αὐτῷ ἑκάτερον προστιθέμενον μὴ ποιεῖ τὸ ὅλον ταὐτόν Ἢ εἰ τοῦ αὐτοῦ ἀφ᾿ ἑκατέρου ἀφαιρεθέντος τὸ λοιπὸν ἕτερον οἷον εἰ διπλάσιον ἡμίσεος καὶ πολλαπλάσιον ἡμίσεος ταὐτὸν ἔφησεν εἶναι Ἀφαιρεθέντος γὰρ ἀφ᾿ ἑκατέρου τοῦ ἡμίσεος τὰ λοιπὰ ταὐτὸν ἔδει δηλοῦν οὐ δηλοῖ δέ τὸ γὰρ διπλάσιον καὶ πολλαπλάσιον οὐ ταὐτὸν δηλοῖ Σκοπεῖν δὲ μὴ μόνον εἰ ἤδη τι συμβαίνει ἀδύνατον διὰ τῆς θέσεως ἀλλὰ καὶ εἰ δυνατὸν ἐξ ὑποθέσεως ὑπάρξαι καθάπερ τοῖς τὸ κενὸν καὶ τὸ πλῆρες ἀέρος ταὐτὸν φάσκουσιν Δῆλον γὰρ ὅτι ἐὰν ἐξέλθῃ ὁ ἀήρ κενὸν μὲν οὐχ ἧσσον ἀλλὰ μᾶλλον ἔσται πλῆρες δ᾿ ἀέρος οὐκέτι ἔσται Ὥστε ὑποτεθέντος τινὸς εἴτε ψευδοῦς εἴτ᾿ ἀληθοῦς οὐδὲν γὰρ διαφέρει τὸ μὲν ἕτερον ἀναιρεῖται αὐτῶν τὸ δ᾿ ἕτερον οὔ Ὥστ᾿ οὐ ταὐτόν Καθόλου δ᾿ εἰπεῖν ἐκ τῶν ὁπωσοῦν ἑκατέρου κατηγορουμένων καὶ ὧν ταῦτα κατηγορεῖται σκοπεῖν εἴ που διαφωνεῖ ὅσα γὰρ θατέρου κατηγορεῖται καὶ θατέρου κατηγορεῖσθαι δεῖ καὶ ὧν θάτερον κατηγορεῖται καὶ θάτερον κατηγορεῖσθαι δεῖ Ἔτι ἐπεὶ πολλαχῶς ταὐτὸν λέγεται σκοπεῖν εἰ καὶ καθ᾿ ἕτερόν τινα τρόπον ταὐτά ἐστιν τὰ γὰρ εἴδει ἢ γένει ταὐτὰ ἢ οὐκ ἀνάγκη ἢ οὐκ ἐνδέχεται ἀριθμῷ ταὐτὰ εἶναι ἐπισκοποῦμεν δὲ πότερον οὕτω ταὐτὰ ἢ οὐχ οὕτως Ἔτι εἰ δυνατὸν θάτερον ἄνευ θατέρου εἶναι οὐ γὰρ ἂν εἴη ταὐτόν,مواضع الاشياء الواحدة ينبغي ان ننظر من التصاريف ومن النظاءر ومن المتقابلات هل الشء واحد بعينه او مختلف باحق الاصناف التي قيلت في الشء بعينه اذ كان قد قيل ان احق ما وصف بانه واحد بعينه الواحد بالعدد وذلك ان العدالة ان كانت والشجاعة شيءا واحدا فالعادل والشجاع شء واحد بعينه وما يجري علي جهة العدل وما يجري علي جهة الشجاعة شء واحد وكذلك يجري الامر في المتقابلات لان هذه الاشياء اذا كانت واحدة بعينها فمتقابلاتها شء واحد باي تقابل كان مما يوصف بالتقابل وذلك انه لا فرق اصلا بين ان ناخذ مقابل هذا او مقابل ذا ك لانهما شء واحد وننظر ايضا من الاسباب الفاعلة والمفسدة ومن الكون والفساد وبالجملة من الاشياء التي الواحد منها عند صاحبه علي مثال واحد وذلك ان الاشياء التي هي شء واحد علي الاطلاق فكونها وفسادها واسبابها الفاعلة لها والمفسدة شء واحد وينبغي ان ننظر اذا كان احد شيءين يقال انه احق بان يكون شيءا من الاشياء اي شء كان ان كان الشء الاخر منهما يقال انه احق بان يكون ذلك الشء كما يبين كسانوقراطيس ان العمر الناسك والعمر الفاضل شء واحد لان العمر الناسك والعمر الفاضل اثر من كل عمر وذلك ان الاثر والاعظم واحد وعلي هذا المثال يجري الامر في ساءر ما اشبه هذا وينبغي ان يكون كل واحد من الموصوفين بانه اثر واعظم واحدا بالعدد والا لم يكن الامر بينا في انهما شء واحد وذلك انه ليس من الاضطرار ان كان اهل فالوفونيسس واهل لاقادامونيا اشجع من اليونانيين ان يكون اهل فالوفونيسس واهل لاقادامونيا شيءا واحدا لان فالوفونيسس ولاقادامونيا ليسا هما واحدا بالعدد لكن يجب ضرورة ان يكون احدهما يحوي الاخر كما يحوي اهل فالوفونيسس لاهل لاقادامونيا والا لزم ان يكون بعضهم افضل من بعض اذا لم يكن احد الفريقين يحوي الاخر وذلك انه ليس من الواجب ضرورة ان يكون اهل فالوفونيسس افضل من اهل لاقادامونيا ان كان ليس يحوي فريق منهم الاخر لانهم افضل من الباقين كلهم وعلي ذلك المثال يجب ضرورة ان يكون اهل لاقادامونيا افضل من اهل فالوفونيسس لان هءلاء افضل من الباقين كلهم فيصير اذن بعضهم افضل من بعض فمن البين انه ينبغي ان يكون ما يوصف بانه افضل واعظم واحدا بالعدد ان عزم علي ان يبين في شء انه واحد بعينه فلذلك لم يبين قسانقراطيس ما اراد ان يبينه لان العمر الناسك والعمر الفاضل ليسا هما واحدا بالعدد فليس من الاضطرار ان يكونا واحدا بعينه لان كليهما يءثر حدا ولكن احدهما يحوي الاخر وينبغي ان ينظر ايضا ان كان الشء الذي هو واحدهما واحد بعينه شء واحد فمن البين ان ولا واحد منهما مع الاخر شء واحد وايضا ان ينظر من الاعراض التي تلزم هذه والاشياء التي اياها تلزم هذه وذلك ان جميع الاشياء التي تلزم واحدا منهما فقد ينبغي ان يكون يلزم الاخر منهما فان اختلف شء من هذه فمن البين انها ليست شيءا واحدا وينظر ان كان ليس كلاهما في جنس واحد من المقولات لكن هذا دال علي جوهر وهذا علي كيف وهذا علي كم او مضاف وينظر ايضا ان كان جنس كل واحد منهما ليس واحدا بعينه لكن هذا خير وهذا شر وهذا فضيلة وهذا علم او ان كان الجنس واحدا بعينه ولم تكن فصول واحدة باعيانها تحمل علي كل واحد منهما لكن يكون هذا يحمل عليه العلم النظري وهذا يحمل عليه العلم العملي وكذلك يجري الامر في الاخر وايضا ينظر من الامر الاكثر ان كان هذا الشء يقبل الاكثر وذاك لا يقبل او ان كان كلاهما يقبل الا انهما لا يقبلان ذلك معا بمنزلة ما ان من تعشق اكثر ليس يشتهي الجماع اكثر فليس اذن العشق وشهوة الجماع شيءا واحدا وينظر ايضا من الزيادة ان كان كل واحد من الاثنين اذا زيد علي شء واحد بعينه لا يجعل الجملة شيءا واحدا او يكون شء واحد بعينه اذا نقص من كل واحد منهما جعل الباقي مختلفا بمنزلة ما لو قال قاءل ان ضعف النصف واضعاف النصف شء واحد وذلك لو كان لوجب ان يكون النصف اذا نقص من كل منهما دل الباقيان علي شء واحد وليس يدلال علي شء واحد لان الضعف والاضعاف ليس يدلان علي شء واحد وليس انما ينبغي لنا ان نتفقد فقط ان كان يلزم شء محال بوضعنا ما نضع لكن نتفقد ان كان يمكن ان يكون الشء يوجد من ذلك الوضع مثل ما يلزم الذين يعتقدون ان الخلاء والمملوء هواءا شء واحد لانه من البين ان الهواء لو ارتفع لكان الخلاء سيكون موجودا ليس بدون ما كان لكن اكثر والمملوء هواءا لا يكون موجودا فيجب اذن وضع شء كذبا كان او صدقا فانه لا فرق بين ذلك ان يكون احدهما يرتفع والاخر لا فليس هما اذن شيءا واحدا وبالجملة اقول انه ينبغي ان ينظر من الاشياء المحمولة علي كل واحد منهما كيفما كان الحمل والاشياء التي تحمل هذه عليها ان كانت تختلف في موضع من المواضع وذلك ان كل مل حمل علي احدهما فينبغي ان يحمل علي الاخر والاشياء التي احدهما يحمل عليها فينبغي ان يحمل عليها الاخر وايضا ان كان الواحد بعينه يقال علي انحاء شتي فينبغي ان ننظر ان كانا بنحو ما اخر شيءا واحدا بعينه وذلك ان الاشياء التي هي بالنوع او بالجنس واحدة بعينها ليس يمكن ان تكون واحدة بعينها بالعدد فينظر الان هل هي واحدة بعينها علي هذا الوجه او ليس هي علي هذا الوجه و ينظر ايضا ان كان يمكن ان يكون احدهما خلوا من الاخر فان ذلك ان كان يمكن فليس هما شيءا واحدا,7,1
Οἱ μὲν οὖν πρὸς ταὐτὸν τόποι τοσοῦτοι λέγονται Δῆλον δ᾿ ἐκ τῶν εἰρημένων ὅτι ἅπαντες οἱ πρὸς ταὐτὸν ἀνασκευαστικοὶ τόποι καὶ πρὸς ὅρον χρήσιμοι καθάπερ ἔμπροσθεν εἴρηται εἰ γὰρ μὴ ταὐτὸν δηλοῖ τό τ᾿ ὄνομα καὶ ὁ λόγος δῆλον ὅτι οὐκ ἂν εἴη ὁρισμὸς ὁ ἀποδοθεὶς λόγος Τῶν δὲ κατασκευαστικῶν τόπων οὐδεὶς χρήσιμος πρὸς ὅρον οὐ γὰρ ἀπόχρη δεῖξαι ταὐτὸν τὸ ὑπὸ τὸν λόγον καὶ τοὔνομα πρὸς τὸ κατασκευάσαι ὅτι ὁρισμός ἀλλὰ καὶ τὰ ἄλλα πάντα δεῖ ἔχεῖν τὰ παρηγγελμένα τὸν ὁρισμόν,في استخدام مواضع الاشياء الواحدة في التعريف فالمواضع التي في الواحد بعينه بهذا المقدار تقال فبين مما قلنا ان المواضع الباقية التي في الواحد بعينه قد تنفع في الحد كما قلنا فانه ان لم يكن ما يدل عليه الاسم والقول شيءا واحدا فبين ان القول الموصوف ليس هو تحديدا فاما المواضع المثبتة فليس منها شء ينفع في الحد اذ كان ليس يكتفي في تثبيت القول انه تحديد بتبين ما يدل عليه الاسم والقول انه شء واحد لكنه ينبغي ان يكون الحد ايضا جميع الاشياء الاخر التي اشترطناها,7,2
Ἀναιρεῖν μὲν οὖν ὅρον οὕτως καὶ διὰ τούτων ἀεὶ πειρατέον ἐὰν δὲ κατασκευάζειν βουλώμεθα πρῶτον μὲν εἰδέναι δεῖ ὅτι οὐδεὶς ἢ ὀλίγοι τῶν διαλεγομένων ὅρον συλλογίζονται ἀλλὰ πάντες ἀρχὴν τὸ τοιοῦτον λαμβάνουσιν οἷον οἵ τε περὶ γεωμετρίαν καὶ ἀριθμοὺς καὶ τὰς ἄλλας τὰς τοιαύτας μαθήσεις εἶθ᾿ ὅτι δι᾿ ἀκριβείας μὲν ἄλλης ἐστὶ πραγματείας ἀποδοῦναι καὶ τί ἐστιν ὅρος καὶ πῶς ὁρίζεσθαι δεῖ νῦν δ᾿ ὅσον ἱκανὸν πρὸς τὴν παροῦσαν χρείαν ὥστε τοσοῦτον μόνον λεκτέον ὅτι δυνατὸν γενέσθαι ὁρισμοῦ καὶ τοῦ τί ἦν εἶναι συλλογισμόν Εἰ γάρ ἐστιν ὅρος λόγος ὁ τὸ τί ἦν εἶναι τῷ πράγματι δῆλων καὶ δεῖ τὰ ἐν τῷ ὅρῳ κατηγορούμενα καὶ ἐν τῷ τί ἐστι τοῦ πράγματος μόνα κατηγορεῖσθαι κατηγορεῖται δ᾿ ἐν τῷ τί ἐστι τὰ γένη καὶ αἱ διαφοραί φανερὸν ὡς εἴ τις λάβοι ταῦτα μόνον ἐν τῷ τί ἐστι τοῦ πράγματος κατηγορεῖσθαι ὅτι ὁ ταῦτα ἔχων λόγος ὅρος ἐξ ἀνάγκης ἂν εἴη οὐ γὰρ ἐνδέχεται ἕτερον εἶναι ὅρον ἐπειδὴ οὐδὲν ἕτερον ἐν τῷ τί ἐστι τοῦ πράγματος κατηγορεῖται Ὅτι μὲν οὖν ἐγχωρεῖ συλλογισμὸν ὅρου γενέσθαι φανερόν ἐκ τίνων δὲ δεῖ κατασκευάζειν διώρισται μὲν ἐν ἑτέροις ἀκριβέστερον πρὸς δὲ τὴν προκειμένην μέθοδον οἱ αὐτοὶ τόποι χρήσιμοι Σκεπτέον γὰρ ἐπὶ τῶν ἐναντίων καὶ τῶν ἄλλων τῶν ἀντικειμένων καὶ ὅλους τοὺς λόγους καὶ κατὰ μέρος ἐπισκοποῦντα εἰ γὰρ ὁ ἀντικείμενος τοῦ ἀντικειμένου καὶ τὸν εἰρημένον τοῦ προκειμένου ἀνάγκη εἶναι Ἐπεὶ δὲ τῶν ἐναντίων πλείους συμπλοκαί ληπτέον τῶν ἐναντίων ὁποίου ἂν μάλιστα φανῇ ὁ ἐναντίος ὁρισμός Ὅλους μὲν οὖν τοὺς λόγους καθάπερ εἴρηται σκεπτέον κατὰ μέρος δ᾿ ὧδε Πρῶτον μὲν οὖν ὅτι τὸ ἀποδοθὲν γένος ὀρθῶς ἀποδέδοται Εἰ γὰρ τὸ ἐναντίον ἐν τῷ ἐναντίῳ τὸ δὲ προκείμενον μή ἐστιν ἐν τῷ αὐτῷ δῆλον ὅτι ἐν τῷ ἐναντίῳ ἂν εἴη ἐπειδὴ ἀνάγκη τὰ ἐναντία ἐν τῷ αὐτῷ ἢ ἐν τοῖς ἐναντίοις γένεσιν εἶναι Καὶ τὰς διαφορὰς δὲ τὰς ἐναντίας τῶν ἐναντίων ἀξιοῦμεν κατηγορεῖσθαι καθάπερ λευκοῦ καὶ μέλανος τὸ μὲν γὰρ διακριτικὸν τὸ δὲ συγκριτικὸν ὄψεως Ὥστ᾿ εἰ τοῦ ἐναντίου αἱ ἐναντίαι κατηγοροῦνται τοῦ προκειμένου αἱ ἀποδοθεῖσαι κατηγοροῖντ᾿ ἄν Ὥστ᾿ ἐπεὶ καὶ τὸ γένος καὶ αἱ διαφοραὶ ὀρθῶς ἀποδέδονται δῆλον ὅτι ὁρισμὸς ἂν εἴη ὁ ἀποδοθείς Ἢ οὐκ ἀναγκαῖον τῶν ἐναντίων τὰς ἐναντίας διαφορὰς κατηγορεῖσθαι ἂν μὴ ἐν τῷ αὐτῷ γένει ᾖ τὰ ἐναντία ὧν δὲ τὰ γένη ἐναντία οὐδὲν κωλύει τὴν αὐτὴν διαφορὰν κατ᾿ ἀμφοῖν λέγεσθαι οἷον κατὰ δικαιοσύνης καὶ ἀδικίας τὸ μὲν γὰρ ἀρετὴ τὸ δὲ κακία ψυχῆς ὥστε τὸ ψυχῆς διαφορὰ ἐν ἀμφοῖν λέγεται ἐπειδὴ καὶ σώματός ἐστιν ἀρετὴ καὶ κακία Ἀλλ᾿ οὖν τοῦτό γ᾿ ἀληθές ὅτι τῶν ἐναντίων ἢ ἐναντίαι ἢ αἱ αὐταὶ διαφοραί εἰσιν Εἰ οὖν τοῦ ἐναντίου ἡ ἐναντία κατηγορεῖται τούτου δὲ μή δῆλον ὅτι ἡ εἰρημένη τούτου ἂν κατηγοροῖτο Καθόλου δ᾿ εἰπεῖν ἐπεὶ ὁ ὁρισμός ἐστιν ἐκ γένους καὶ διαφορῶν ἂν ὁ τοῦ ἐναντίου ὁρισμὸς φανερὸς ᾖ καὶ ὁ τοῦ προκειμένου ὁρισμὸς φανερὸς ἔσται Ἐπεὶ γὰρ τὸ ἐναντίον ἐν τῷ αὐτῷ γένει ἢ ἐν τῷ ἐναντίῳ ὁμοίως δὲ καὶ αἱ διαφοραὶ ἢ ἐναντίαι τῶν ἐναντίων ἢ αἱ αὐταὶ κατηγοροῦνται δῆλον ὅτι τοῦ προκειμένου ἤτοι τὸ αὐτὸ γένος ἂν κατηγοροῖτο ὅπερ καὶ τοῦ ἐναντίου αἱ δὲ διαφοραὶ ἐναντίαι ἢ ἅπασαι ἢ τινές αἱ δὲ λοιπαὶ αἱ αὐταί ἢ ἀνάπαλιν αἱ μὲν διαφοραὶ αἱ αὐταὶ τὰ δὲ γένη ἐναντία ἢ ἄμφω ἐναντία καὶ τὰ γένη καὶ αἱ διαφοραί Ἀμφότερα γὰρ ταὐτὰ εἶναι οὐκ ἐνδέχεται εἰ δὲ μή ὁ αὐτὸς ὁρισμὸς τῶν ἐναντίων ἔσται Ἔτι ἐκ τῶν πτώσεων καὶ τῶν συστοίχων ἀνάγκη γὰρ ἀκολουθεῖν τὰ γένη τοῖς γένεσι καὶ τοὺς ὅρους τοῖς ὅροις Οἷον εἰ ἡ λήθη ἐστὶν ἀποβολὴ ἐπιστήμης καὶ τὸ ἐπιλανθάνεσθαι ἀποβάλλειν ἐπιστήμην ἔσται καὶ τὸ ἐπιλελῆσθαι ἀποβεβληκέναι ἐπιστήμην Ἑνὸς οὖν ὁποιουοῦν τῶν εἰρημένων ὁμολογηθέντος ἀνάγκη καὶ τὰ λοιπὰ ὁμολογεῖσθαι Ὁμοίως δὲ καὶ εἰ ἡ φθορὰ διάλυσις οὐσίας καὶ τὸ φθείρεσθαι διαλύεσθαι οὐσίαν καὶ τὸ φθαρτικῶς διαλυτικῶς εἴ τε τὸ φθαρτικὸν διαλυτικὸν οὐσίας καὶ ἡ φθορὰ διάλυσις οὐσίας Ὁμοίως δὲ καὶ ἐπὶ τῶν ἄλλων Ὥσθ᾿ ἑνὸς ὁποιουοῦν ληφθέντος καὶ τὰ λοιπὰ πάντα ὁμολογεῖται Καὶ ἐκ τῶν ὁμοίως δ᾿ ἐχόντων πρὸς ἄλληλα Εἰ γὰρ τὸ ὑγιεινὸν ποιητικὸν ὑγιείας καὶ τὸ εὐεκτικὸν ποιητικὸν εὐεξίας ἔσται καὶ τὸ ὠφέλιμον ποιητικὸν ἀγαθοῦ Ὀμοίως γὰρ ἕκαστον τῶν εἰρημένων πρὸς τὸ οἰκεῖον τέλος ἔχει ὥστ᾿ εἰ ἑνὸς αὐτῶν ὁ ὁρισμός ἐστι τὸ ποιητικὸν εἶναι τοῦ τέλους καὶ τῶν λοιπῶν ἑκάστου οὗτος ἂν εἴη ὁρισμός Ἔτι ἐκ τοῦ μᾶλλον καὶ τοῦ ὁμοίως ὁσαχῶς ἐνδέχεται κατασκευάσαι δύο πρὸς δύο συγκρίνοντα οἷον εἰ μᾶλλον ὅδε τοῦδε ἢ ὅδε τοῦδε ὁρισμός ὁ δὲ ἧττον ὁρισμός καὶ ὁ μᾶλλον Καὶ εἰ ὁμοίως ὅδε τοῦδε καὶ ὅδε τοῦδε εἰ ὁ ἕτερος τοῦ ἑτέρου καὶ ὁ λοιπὸς τοῦ λοιποῦ Ἑνὸς δ᾿ ὁρισμοῦ πρὸς δύο συγκρινομένου ἢ δύο ὁρισμῶν πρὸς ἕνα οὐδὲν χρήσιμος ἡ ἐκ τοῦ μᾶλλον ἐπίσκεψις οὔτε γὰρ ἕνα δυοῖν οὔτε δύο τοῦ αὐτοῦ ὅρους δυνατόν ἐστιν εἶναι,تلاوة مواضع الحد فينبغي ان نلتمس داءما فسخ الحد علي هذا الوجه وبهذه الاشياء وان اردنا ان نصححه فاولا ينبغي لنا ان نعلم انه ولا واحد من الجدليين او الاقل منهم استخرج الحد بقياس لكن جميعهم ياخذه كالمابدا كما يفعل المهندسون واصحاب العدد وساءر التعاليم التي تجري هذا المجري و بعد ذلك ايضا ينبغي ان نعلم ان توفيتنا الحد علي الاستقصاء ما هو و كيف ينبغي ان يحد انما هو من صناعة غير هذه فاما في هذا الموضع فانما ينبغي ان نصف مقدار الحاجة فيما قصدنا فقط وهو انه يمكن ان يكون للحد والماهية قياس وذلك انه ان كان التحديد هو القول الدال علي ماهية الامر وكانت الاشياء التي تحمل في الحد ينبغي ان يحمل وحدها علي الامر من طريق ما هو وكانت الاجناس والفصول هي التي تحمل من طريق ما هو فظاهر ان انسانا ان اخذ هذه فقط التي تحمل علي الامر من طريق ما هو فان القول الذي تكون هذه فيه حد لا محالة اذ كان ليس يمكن ان يكون حد الامر غير هذا لانه ليس شء اخر غير هذا يحمل علي الامر من طريق ما هو فالامر ظاهر في انه يمكن ان يكون للحد قياس وقد لخصنا في مواضع اخر تلخيصا شافيا من ما ذا ينبغي ان يصحح ذلك فاما هذه الصناعة التي نحن بسبيلها فامثال هذه المواضع تنفع فيها وذلك انه ينبغي لك ان تنظر من المتضادات ومن المتقبلات الاخر من بعد تفقد اقاويلها كلها والامور الجزءية منها وذلك انه ان كان المقابل يوجد للمقابل فالموصوف يوجد للموصوف ضرورة ولان المتضادات كثيرة ينبغي ان تاخذ من المتضادات كل ما كان التحديد المضاد فيه علي اظهر ما يكون وينبغي ان نبحث عن جميع الاقاويل كما قلنا ونجعل ذلك علي التفصيل هكذا اما اولا فان الجنس الموفي قد وفي علي الصواب وذلك ان الضد ان كان في الضد ولم يكن الموضوع في واحد بعينه فمن البين انه سيكون في الجنس المضاد لان المتضادين هما بالضرورة اما في جنس واحد بعينه او في جنسين متضادين والفصول المتضادة بحق تري ان تحمل علي المتضادات بمنزلة الابيض والاسود فان هذا جامع للبصر وذاك مفڗق للبصر فيجب ان كانت الفصول المتضادة تحمل علي الضد ان تكون الفصول الموصوفة ايضا ان تحمل علي الموضوع فلان الجنس والفصول قد وفيت علي الصواب فمن البين ان القول الموفي يكون تحديدا الا انا نقول انه ليس من الاضطرار ان يكون الفصلان المتضادان يحملان علي الضدين ما لم يكن الضدان في جنس واحد بعينه والشيءان اللذان جنساهما متضادان فليس مانع ان يمنع من ان يكون يقال علي كليهما فصل واحد بعينه مثل ما يقال علي العدل والجور وذلك ان ذاك فضيلة للنفس وهذا رذيلة للنفس فللنفس فصل يقال في كليهما لان البدن ايضا له فضيلة ورذيلة الا ان هذا حق لان المتضادين اما ان يكون فصلاهما متضادين او يكونا شيءا واحدا فانه ان كان الفصل المضاد يحمل علي الضد وعلي هذا لا يحمل فمن البين ان الفصل المذكور يكون يحمل علي هذا وبالجملة اقول انه لما كان التحديد من جنس وفصول فانه تحديد الموضوع يكون بينا وذلك انه لما كان الضد في جنس واحد بعينه او في ضده كانت الفصول مثل ذلك اما متضادة تحمل علي متضادة او واحدة بعينها فمن البين ان الموضوع اما ان يكون يحمل عليه جنس واحد بعينه وهو جنس ضد وتكون الفصول متضادة اما كلها واما ان يكون بعضها كذلك والباقية واحدة بعينها او بعكس ذلك اعني ان تكون واحدة بعينها والاجناس متضادة او تكون الاجناس والفصول جميعا متضادة وذلك انه ليس يمكن ان تكون جميعا واحدة بعينها والا صار تحديد المتضادات واحدا بعينه وننظر ايضا من التصاريف والنظاءر لانه واجب ضرورة ان تتبع الاجناس للاجناس والحدود للحدود مثال ذلك ان النسيان ان كان تلف العلم فان ينسي الانسان هو ان يتلف العلم وان قد نسي الانسان هو ان قد اتلف العلم فواحد من هذه التي وصفت اي شء منها اذا اعترف به فواجب ضرورة ان يعترف بالباقية وعلي ذلك المثال ان كان الفساد هو انحلال الجوهر فان يفسد هو ان ينحل الجوهر وان ما يكون علي جهة الفساد هو ما يكون علي جهة انحلال الجوهر ان كان المفسد هو المحلل للجوهر والفساد انحلال الجوهر وكذلك يجري الامر في الباقي فيجب ان يكون اذا اخذ واحدا منها اي واحد كان ان يعترف بالباقية كلها وينبغي ان ينظر ايضا من الاشياء التي حال بعضها عند بعض حال متشابهة وذلك ان المصحح ان كان فاعلا للصحة فالذي يخصب البدن هو الفاعل للخصب والنافع هو الفاعل للخير فان كل واحد مما وصفنا حاله عند غايته التي تخصه حال متشابهة فان كان تحديد واحد منها انه فاعل لغايته فان التحديد لكل واحد من الباقية يكون واحد بعينه وينبغي ان تنظر ايضا من الاكثر ومن الذي يكون علي مثال واحد علي كم جهة يمكنك ان تصححه اذا انت قست اثنين الي اثنين مثال ذلك ان كان هذا القول تحديدا لهذا الشء اكثر من ان هذا القول تحديد لهذا الشء وظن بالاقل انه تحديد فالاكثر ايضا تحديد وان كان هذا الامر تحديدا لهذا الشء علي مثال ما هذا القول تحديد لهذا القول فان كان احدهما تحديدا للاخر فان الباقي يكون تحديدا للباقي واذن فليس تحديد واحد الي اثنين او تحديدان الي واحد فليس ينتفع اصلا بالنظر من جهة الاكثر وذلك انه ليس يمكن ان يكون حد واحد لاثنين ولا اثنان لواحد بعينه,7,3
Εἰσὶ δὲ καὶ ἐπικαιρότατοι τῶν τόπων οἵ τε νῦν εἰρημένοι καὶ οἱ ἐκ τῶν συστοίχων καὶ οἱ ἐκ τῶν πτώσεων Διὸ καὶ δεῖ μάλιστα κατέχειν καὶ προχείρους ἔχειν τούτους χρησιμώτατοι γὰρ πρὸς πλεῖστα Καὶ τῶν ἄλλων δὲ τοὺς μάλιστα κοινούς οὗτοι γὰρ ἐνεργότατοι τῶν λοιπῶν οἷον τό τ᾿ ἐπιβλέπειν ἐπὶ τὸ καθ᾿ ἕκαστα καὶ ἐπὶ τῶν εἰδῶν σκοπεῖν εἰ ἐφαρμόττει ὁ λόγος ἐπειδὴ συνώνυμον τὸ εἶδος Ἔστι δὲ χρήσιμον τὸ τοιοῦτον πρὸς τοὺς τιθεμένους ἰδέας εἶναι καθάπερ πρότερον εἴρηται Ἔτι εἰ μεταφέρων εἴρηκε τοὔνομα ἢ αὐτὸ αὑτοῦ κατηγόρηκεν ὡς ἕτερον Καὶ εἴ τις ἄλλος κοινὸς καὶ ἐνεργὸς τῶν τόπων ἐστί τούτῳ χρηστέον,المواضع الاشرف واشرف المواضع هي التي وصفناها الان والماخوذة من التصاريف ومن النظاءر ولذلك ينبغي ان يكون تمسكنا بها اكثر وان تكون لنا معدة ميسرة فانها من انفع الاشياء لنا في امور كثيرة فاما الباقية فيستعمل منها اعمها فان هذه ابلغ فعلا من الباقية مثال ذلك ان ينظر في الامور الجزءية ويتفقد في الانواع ان كان القول مطابقا اذا كان النوع يعطي اسمه وحده وهذا الموضع ينتفع به في مقابلة الذين يعتقدون وجود الصور كما قلنا انفا وتنظر ايضا ان كان قال الاسم علي جهة نقله الي اسم اخر وان كان حمله علي نفسه كانه حمل عليه شيءا اخر وان كان يوجد موضع اخر من المواضع عاما بالغ الفعل,7,4
Ὅτι δὲ χαλεπώτερον κατασκευάζειν ἢ ἀνασκευάζειν ὅρον ἐκ τῶν μετὰ ταῦτα ῥηθησομένων φανερόν Καὶ γὰρ ἰδεῖν αὐτὸν καὶ λαβεῖν παρὰ τῶν ἐρωτωμένων τὰς τοιαύτας προτάσεις οὐκ εὐπετές οἷον ὅτι τῶν ἐν τῷ ἀποδοθέντι λόγῳ τὸ μὲν γένος τὸ δὲ διαφορά καὶ ὅτι ἐν τῷ τί ἐστι τὸ γένος καὶ αἱ διαφοραὶ κατηγοροῦνται Ἄνευ δὲ τούτων ἀδύνατον ὁρισμοῦ γένεσθαι συλλογισμόν εἰ γάρ τινα καὶ ἄλλα ἐν τῷ τί ἐστι τοῦ πράγματος κατηγορεῖται ἄδηλον πότερον ὁ ῥηθεὶς ἢ ἕτερος αὐτοῦ ὁρισμός ἐστιν ἐπειδὴ ὁρισμός ἐστι λόγος ὁ τὸ τί ἦν εἶναι σημαίνων Δῆλον δὲ καὶ ἐκ τῶνδε Ῥᾷον γὰρ ἓν συμπεράνασθαι ἢ πολλά Ἀναιροῦντι μὲν οὖν ἀπόχρη πρὸς ἕνα διαλεγῆναι ἓν γὰρ ὁποιονοῦν ἀνασκευάσαντες ἀνῃρηκότες ἐσόμεθα τὸν ὅρον κατασκευάζοντι δὲ πάντα ἀνάγκη συμβιβάζειν ὅτι ὑπάρχει τὰ ἐν τῷ ὅρῳ Ἔτι κατασκευάζοντι μὲν καθόλου οἰστέον συλλογισμόν δεῖ γὰρ κατὰ παντὸς οὗ τοὔνομα κατηγορεῖσθαι τὸν ὅρον καὶ ἔτι πρὸς τούτοις ἀντιστρέφειν εἰ μέλλει ἴδιος εἶναι ὁ ἀποδοθεὶς ὅρος Ἀνασκευάζοντα δ᾿ οὐκέτι ἀνάγκη δεῖξαι τὸ καθόλου ἀπόχρη γὰρ τὸ δεῖξαι ὅτι οὐκ ἀληθεύεται περὶ τινὸς τῶν ὑπὸ τοὔνομα ὁ λόγος Εἴ τε καὶ καθόλου δέοι ἀνασκευάσαι οὐδ᾿ ὣς τὸ ἀντιστρέφειν ἀναγκαῖον ἐπὶ τοῦ ἀνασκευάζειν ἀπόχρη γὰρ ἀνασκευάζοντι καθόλου τὸ δεῖξαι ὅτι κατὰ τινὸς ὧν τοὔνομα κατηγορεῖται ὁ λόγος οὐ κατηγορεῖται Τὸ δ᾿ ἀνάπαλιν οὐκ ἀναγκαῖον πρὸς τὸ δεῖξαι ὅτι καθ᾿ ὧν ὁ λόγος μὴ κατηγορεῖται τοὔνομα κατηγορεῖται Ἔτι εἰ καὶ παντὶ ὑπάρχει τῷ ὑπὸ τοὔνομα μὴ μόνῳ δέ ἀνῃρημένος γίνεται ὁ ὁρισμός Ὁμοίως δὲ καὶ περὶ τὸ ἴδιον καὶ τὸ γένος ἔχει ἐν ἀμφοτέροις γὰρ ἀνασκευάζειν ἢ κατασκευάζειν ῥᾷον Περὶ μὲν οὖν τοῦ ἰδίου φανερὸν ἐκ τῶν εἰρημένων ὡς γὰρ ἐπὶ τὸ πολὺ ἐν συμπλοκῇ τὸ ἴδιον ἀποδίδοται ὥστ᾿ ἀνασκευάζειν μὲν ἔστιν ἓν ἀνελόντα κατασκευάζοντι δὲ ἀνάγκη πάντα συλλογίζεσθαι Σχεδὸν δὲ καὶ τὰ λοιπὰ πάντα ὅσα πρὸς τὸν ὁρισμόν καὶ πρὸς τὸ ἴδιον ἁρμόσει λέγεσθαι παντί τε γὰρ δεῖ τῷ ὑπὸ τοὔνομα τὸν κατασκευάζοντα δεικνύναι ὅτι ὑπάρχει ἀνασκευάζοντι δ᾿ ἀπόχρη ἑνὶ δεῖξαι μὴ ὑπάρχον εἴ τε καὶ παντὶ ὑπάρχει μὴ μόνῳ δέ καὶ οὕτως ἀνεσκευασμένον γίνεται καθάπερ ἐπὶ τοῦ ὁρισμοῦ λέγεται Περὶ δὲ τοῦ γένους ὅτι κατασκευάζειν μὲν ἀνάγκη μοναχῶς παντὶ δείξαντα ὑπάρχειν ἀνασκευάζοντι δὲ διχῶς καὶ γὰρ εἰ μηδενὶ καὶ εἰ τινὶ δέδεικται μὴ ὑπάρχον ἀνῄρηται τὸ ἐν ἀρχῇ Ἔτι κατασκευάζοντι μὲν οὐκ ἀπόχρη ὅτι ὑπάρχει δεῖξαι ἀλλὰ καὶ διότι ὡς γένος ὑπάρχει δεικτέον ἀνασκευάζοντι δ᾿ ἱκανὸν τὸ δεῖξαι μὴ ὑπάρχον ἢ τινὶ ἢ μὴ παντί Ἔοικε δ᾿ ὥσπερ καὶ ἐν τοῖς ἄλλοις τὸ διαφθεῖραι τοῦ ποιῆσαι ῥᾷον οὕτω καὶ ἐπὶ τούτων τὸ ἀνασκευάσαι τοῦ κατασκευάσαι Ἐπὶ δὲ τοῦ συμβεβηκότος τὸ μὲν καθόλου ῥᾷον ἀνασκευάζειν ἢ κατασκευάζειν κατασκευάζοντι μὲν γὰρ δεικτέον ὅτι παντί ἀνασκευάζοντι δ᾿ ἀπόχρη ἑνὶ δεῖξαι μὴ ὑπάρχον Τὸ δ᾿ ἐπὶ μέρους ἀνάπαλιν ῥᾷον κατασκευάσαι ἢ ἀνασκευάσαι κατασκευάζοντι μὲν γὰρ ἀπόχρη δεῖξαι τινὶ ὑπάρχον ἀνασκευάζοντι δὲ δεικτέον ὅτι οὐδενὶ ὑπάρχει Φανερὸν δὲ καὶ διότι πάντων ῥᾷστον ὅρον ἀνασκευάσαι πλεῖστα γὰρ ἐν αὐτῷ τὰ δεδομένα πολλῶν εἰρημένων ἐκ δὲ τῶν πλειόνων θᾶττον γίνεται συλλογισμός εἰκὸς γὰρ ἐν τοῖς πολλοῖς μᾶλλον ἢ ἐν τοῖς ὀλίγοις ἁμάρτημα γίνεσθαι Ἔτι πρὸς μὲν ὅρον ἐνδέχεται καὶ διὰ τῶν ἄλλων ἐπιχειρεῖν εἴτε γὰρ μὴ ἴδιος ὁ λόγος εἴτε μὴ γένος τὸ ἀποδοθέν εἴτε μὴ ὑπάρχει τι τῶν ἐν τῷ λόγῳ ἀνῃρημένος γίνεται ὁ ὁρισμός πρὸς δὲ τἆλλα οὔτε τὰ ἐκ τῶν ὅρων οὔτε τἆλλα ἐνδέχεται πάντ᾿ ἐπιχειρεῖν μόνα γὰρ τὰ πρὸς τὸ συμβεβηκὸς κοινὰ πάντων τῶν εἰρημένων ἐστίν Ὑπάρχειν μὲν γὰρ δεῖ ἕκαστον τῶν εἰρημένων εἰ δὲ μὴ ὡς ἴδιον ὑπάρχει τὸ γένος οὐδέπω ἀνῄρηται τὸ γένος Ὁμοίως δὲ καὶ τὸ ἴδιον οὐκ ἀναγκαῖον ὡς γένος οὐδὲ τὸ συμβεβηκὸς ὡς γένος ἢ ἴδιον ἀλλ᾿ ὑπάρχειν μόνον Ὥστ᾿ οὐ δυνατὸν ἐκ τῶν ἑτέρων πρὸς τὰ ἕτερα ἐπιχειρεῖν ἀλλ᾿ ἢ ἐπὶ τοῦ ὁρισμοῦ Δῆλον οὖν ὅτι ῥᾷστον πάντων ὅρον ἀναιρεῖν κατασκευάζειν δὲ χαλεπώτατον ἐκεῖνά τε γὰρ δεῖ πάντα συλλογίσασθαι καὶ γὰρ ὅτι ὑπάρχει τὰ εἰρημένα καὶ ὅτι γένος τὸ ἀποδοθὲν καὶ ὅτι ἴδιος ὁ λόγος καὶ ἔτι παρὰ ταῦτα ὅτι δηλοὶ τὸ τί ἦν εἶναι ὁ λόγος καὶ τοῦτο καλῶς δεῖ πεποιηκέναι Τῶν δ᾿ ἄλλων τὸ ἴδιον μάλιστα τοιοῦτον ἀναιρεῖν μὲν γὰρ ῥᾷον διὰ τὸ ἐκ πολλῶν ὡς ἐπὶ τὸ πολύ κατασκευάζειν δὲ χαλεπώτατον ὅτι τε πολλὰ δεῖ συμβιβάσαι καὶ πρὸς τούτῳ ὅτι μονῳ ὑπάρχει καὶ ἀντικατηγορεῖται τοῦ πράγματος Ῥᾷστον δὲ πάντων κατασκευάσαι τὸ συμβεβηκός ἐν μὲν γὰρ τοῖς ἄλλοις οὐ μόνον ὑπάρχον ἀλλὰ καὶ ὅτι οὕτως ὑπάρχει δεικτέον ἐπὶ δὲ τοῦ συμβεβηκότος ὅτι ὑπάρχει μόνον ἱκανὸν δεῖξαι Ἀνασκευάζειν δὲ χαλεπώτατον τὸ συμβεβηκός ὅτι ἐλάχιστα ἐν αὐτῷ δέδοται οὐ γὰρ προσσημαίνει ἐν τῷ συμβεβηκότι πῶς ὑπάρχει ὥστ᾿ ἐπὶ μὲν τῶν ἄλλων διχῶς ἔστιν ἀνελεῖν ἢ δείξαντα ὅτι οὐχ ὑπάρχει ἢ ὅτι οὐχ οὕτως ὑπάρχει ἐπὶ δὲ τοῦ συμβεβηκότος οὐκ ἔστιν ἀνελεῖν ἀλλ᾿ ἢ δείξαντα ὅτι οὐχ ὑπάρχει Οἱ μὲν οὖν τόποι δι᾿ ὧν εὐπορήσομεν πρὸς ἕκαστα τῶν προβλημάτων ἐπιχειρεῖν σχεδὸν ἱκανῶς ἐξηρίθμηνται ΤΟΠΙΚΩΝ Θ,سهولة او صعوبة فسخ او تصحيح المساءل وظاهر مما سنقوله بعد هذا ان من اصعب الاشياء ان نصحح او نفسخ حدا وذلك ان بينة واحدة من الذين يسالون عن امثال هذه المقدمات ليس بالسهل مثل ان الاشياء التي في القول الموفي منها هو جنس ومنها هو فصل وان الجنس والفصول فقط تحمل من طريق ما هو ومن دون هذه الاشياء لا يمكن ان يكون للحد قياس وذلك انه ان كانت اشياء اخر غير هذه تحمل مع الامر من طريق ما هو فمن الغامض هل القول الموصوف هو التحديد ام غيره ان كان الحد هو القول الدال علي ماهية الشء وذلك بين من هذه الاشياء وذلك ان تنتج شء واحد اسهل من تنتج اشياء كثيرة فالذي يريد ان يفسخ ويبطل قد يكفيه ان يقاوم في شء واحد اي شء كان وذلك انه اذا رددنا شيءا واحدا اي شء كان نكون قد ابطلنا الحد فاما الذي يريد ان يصحح ويثبٮ فيجب عليه ضرورة ان يرشد الي ان جميع ما في الحد يوجد له ايضا وايضا فان الذي يريد ان يثبت ينبغي له ان ياتي بقياس كلي وذلك انه يجب ان يحمل الحد علي كل ما يحمل عليه الاسم ومع هذه الاشياء ايضا عكس ذلك وهو ان يكون الاسم يحمل علي ما يحمل عليه الحد اذ كان من شان الحد الموفي ان يكون خاصيا للشء المحدود فاما من يريد ان يفسخ ويبطل فليس يجب ضرورة ان يبين بيانا كليا لانه قد يكتفي بان يبين ان القول ليس يصدق في شء مما تحت الاسم وايضا قد يحتاج ان يكون الفسخ والابطال كليا الا انه ليس يجب ضرورة في الفسخ ما وجب في الاثبات مع الكلي وذلك انه قد يكتفي من يريد ان يفسخ ان يبين بيانا كليا ان القول ولا علي واحد مما يحمل عليه الاسم يحمل فاما عكس ذلك فليس يجب عليه في السير علي ان ما لا يحمل عليه القول لا يحمل عليه ايضا الاسم وايضا ان كان ما تحت الحد يوجد لكل الشء وليس يوجد له وحده ارتفع الحد وعلي هذا امثال الحال في الجنس وفي الخاصة فان في كليهما الفسخ والابطال اسهل من التصحيح والاثبات اما في الخاصة فان ذلك ظاهر مما قلنا فان الخاصة في اكثر الامر انما توفي بتاليف حتي انها تفسخ برفع شء واحد ويلزم من يريد اثباتها تنتيج كل ما فيها وجميع الاشياء الباقية التي يجوز ان تقال في الحد الا اليسير قد يجوز ان تقال في الخاصة ايضا لانه يجب علي المصحح ان يبين انها توجد لكل ما تحت الاسم فاما المبطل فيكفيه ان يبين انها لا توجد لواحد وانها ان كانت توجد لكله فانها ليست توجد له وحده فانها الوجه تبطل كما قلنا في الحد فاما الجنس فان المصحح له يجب عليه ضرورة ان يبين انه موجود لكل الشء علي جهة واحدة فاما المبطل فعلي جهتين وذلك انه ان تبين انه ولا لواحد يوجد او لواحد لا يوجد رجع الامر الي الاول وايضا فان من يصححه ليس يكتفي بان يبين انه يوجد لكنه ينبغي له ان يبين انه موجود كالجنس فاما من اراد ان يفسخه ويبطله فقد يكفيه ان يبين انه لا يوجد لواحد ولا يوجد للكل ويشبه ان يكون كما ان الافساد في الامور الاخر اسهل من الفعل كذلك وفي هذه الاشياء الابطال اسهل من التثبيت فاما العرض فان الكلي منه ابطاله اسهل من تصحيحه وذلك ان من يريد تصحيحه يحتاج ان يبين انه للكل فاما من يريد ابطاله فيكفيه ان يبين انه لا يوجد لواحد فاما الجزءي فالامر فيه بالعكس وهو ان تصحيحه اسهل من ابطاله لان من اراد تصحيحه اكتفي بان يبين انه يوجد لواحد ومن اراد ابطاله احتاج ان يبين انه لا يوجد ولا لواحد وظاهر ان ابطال الحد اسهل من جميعها وذلك ان الاشياء التي توفي فيه كثيرة اذ كانت تقال فيه اشياء كثيرة والقياس يكون اسهل واسرع من الاشياء الكثيرة وذلك ان الخطا اخلق به ان يكون في الاشياء الكثيرة اكثر منه في القليلة وايضا فان الحد قد يمكننا ان نحتج فيما يبطل به من الاشياء الاخر وذلك ان القول ان لم يكن خاصيا او لم يكن الموصوف جنسا ولم يكن شء مما في القول موجودا ارتفع الحد فاما الاشياء الاخر فليس يمكننا ان نحتج في ردها من الحدود ولا من الاشياء الاخر كلها وذلك ان الاشياء التي يحتج بها في رد العرض هي وحدها عامية لجميع ما ذكرنا لان كل واحد مما ذكرنا ينبغي ان يوجد وان لم يكن الجنس يوجد كالخاصة فلم يرتفع بعد وكذلك الخاصة ايضا ليس يجب ضرورة ان توجد كالجنس ولا العرض مثل الجنس او الخاصة بل انما ينبغي ان يوجد لا غير فليس يمكن اذن ان يحتج في رد اشياء من اشياء اخر غيرها الا في الحد فمن البين اذن ان ابطال الحد اسهل منها كلها وتصحيحه من اصعب الاشياء لان تلك كلها ينبغي ان تنتج بقياس اعني كل ما وصفنا يوجد وان الموفي جنس وان القول خاص ومما هو خارج عن هذه ايضا ان القول يدل علي ماهية الشء فينبغي ان يكون قد فعل هذا علي الصواب ومن تلك الاشياء الاخر الخاصة احري بان تكون تجري هذا المجري وذلك ان ابطالها اسهل ما يكون من قبل انها في اكثر الامر من اشياء كثيرة وتصحيحها من اصعب الامور لانه ينبغي ان يجمع فيها اشياء كثيرة ومع هذا انها توجد لشء واحد وانها ترجع بالتكافء في الحمل علي الامر الذي هي له خاصة وتصحيح العرض اسهلها كلها لان في تلك الاخر ليس انما يقتصر علي ان يبين في الشء انه موجود فقط لكن يحتاج ان يبين انه موجود مجال كذا فاما العرض فيكتفي بان يبين انه موجود فقط ومن اصعب الاشياء ابطال العرض لان ما يوفي فيه اقل ما يكون لانه ليس يحتاج ان يدل في العرض مع ما يدل علي اي جهة يوجد فقد وجب ان يكون الابطال في تلك الاخر علي وجهين اما ان يبين انها ليست موجودة او انها موجودة ليست علي هذه الجهة فاما العرض فليس يمكن ان يبطله الا بان يبين انه لا يوجد فقد عددنا المواضع التي يمكننا ان نحتج بها في رد كل واحد من المساءل تعديدا كافيا تمت المقالة السابعة من كتاب طوپيقا نقل ابي عثمان سعيد ابن يعقوب الدمشقي وهي اخر ما وجدت من نقله لهذا الكتاب قوبل به النسخة المنقولة من الدستور الاصلي المصححة عليه,7,5
Θ Μετὰ δὲ ταῦτα περὶ τάξεως καὶ πῶς δεῖ ἐρωτᾶν λεκτέον Δεῖ δὲ πρῶτον μὲν ἐρωτηματίζειν μέλλοντα τὸν τόπον εὑρεῖν ὅθεν ἐπιχειρητέον δεύτερον δὲ ἐρωτηματίσαι καὶ τάξαι καθ᾿ ἕκαστα πρὸς ἑαυτόν τὸ δὲ λοιπὸν καὶ τρίτον εἰπεῖν ταῦτα ἤδη πρὸς ἕτερον Μέχρι μὲν οὖν τοῦ εὑρεῖν τὸν τόπον ὁμοίως τοῦ φιλοσόφου καὶ τοῦ διαλεκτικοῦ ἡ σκέψις τὸ δ᾿ ἤδη ταῦτα τάττειν καὶ ἐρωτηματίζειν ἴδιον τοῦ διαλεκτικοῦ πρὸς ἕτερον γὰρ πᾶν τὸ τοιοῦτον τῷ δὲ φιλοσόφῳ καὶ ζητοῦντι καθ᾿ ἑαυτὸν οὐδὲν μέλει ἐὰν ἀληθῆ μὲν ᾖ καὶ γνώριμα δι᾿ ὧν ὁ συλλογισμός μὴ θῇ δ᾿ αὐτὰ ὁ ἀποκρινόμενος διὰ τὸ σύνεγγυς εἶναι τοῦ ἐξ ἀρχῆς καὶ προορᾶν τὸ συμβησόμενον ἀλλ᾿ ἴσως κἂν σπουδάσειεν ὅτι μάλιστα γνώριμα καὶ σύνεγγυς εἶναι τὰ ἀξιώματα ἐκ τούτων γὰρ οἱ ἐπιστημονικοὶ συλλογισμοί Τοὺς μὲν οὖν τόπου ὅθεν δεῖ λαμβάνειν εἴρηται πρότερον περὶ τάξεως δὲ καὶ τοῦ ἐρωτηματίσαι λεκτέον διελόμενον τὰς προτάσεις ὅσαι ληπτέαι παρὰ τὰς ἀναγκαίας Ἀναγκαῖαι δὲ λέγονται δι᾿ ὧν ὁ συλλογισμὸς γένεται Αἱ δὲ παρὰ ταύτας λαμβανόμεναι τέτταρές εἰσιν ἢ γὰρ ἐπαγωγῆς χάριν τοῦ δοθῆναι τὸ καθόλου ἢ εἰς ὄγκον τοῦ λόγου ἢ πρὸς κρύψιν τοῦ συμπεράσματος ἢ πρὸς τὸ σαφέστερον εἶναι τὸν λόγον Παρὰ δὲ ταύτας οὐδεμίαν ληπτέον πρότασιν ἀλλὰ διὰ τούτων αὔξειν καὶ ἐρωτηματίζειν πειρατέον Εἰσὶ δ᾿ αἱ πρὸς κρύψειν ἀγῶνος χάριν ἀλλ᾿ ἐπειδὴ πᾶσα ἡ τοιαύτη πραγματεία πρὸς ἕτερόν ἐστιν ἀνάγκη καὶ ταύταις χρῆσθαι Τὰς μὲν οὖν ἀναγκαίας δι᾿ ὧν ὁ συλλογισμός οὐκ εὐθὺς προτατέον ἀλλ᾿ ἀποστατέον ὅτι ἀνωτάτω οἷον μὴ τῶν ἐναντίων ἀξιοῦντα τὴν αὐτὴν ἐπιστήμην ἂν τοῦτο βούληται λαβεῖν ἀλλὰ τῶν ἀντικειμένων τεθέντος γὰρ τούτου καὶ ὅτι τῶν ἐναντίων ἡ αὐτὴ συλλογιεῖται ἐπειδὴ ἀντικείμενα τὰ ἐναντία Ἃν δὲ μὴ τιθῇ δι᾿ ἐπαγωγῆς ληπτέον προτείνοντα ἐπὶ τῶν κατὰ μέρος ἐναντίων Ἣ γὰρ διὰ συλλογισμοῦ ἢ δι᾿ ἐπαγωγῆς τὰς ἀναγκαίας ληπτέον ἢ τὰς μὲν ἐπαγωγῇ τὰς δὲ συλλογισμῷ ὅσαι δὲ λίαν προφανεῖς εἰσί καὶ αὐτὰς προτείνοντα ἀδηλότερόν τε γὰρ ἀεὶ ἐν τῇ ἀποστάσει καὶ τῇ ἐπαγωγῇ τὸ συμβησόμενον καὶ ἅμα τὸ αὐτὰς τὰς χρησίμους προτεῖναι καὶ μὴ δυνάμενον ἐκείνως λαβεῖν ἕτοιμον Τὰς δὲ παρὰ ταύτας εἰρημένας ληπτέον μὲν τούτων χάριν ἑκάστῃ δ᾿ ὧδε χρηστέον ἐπάγοντα μὲν ἀπὸ τῶν καθ᾿ ἕκαστον ἐπὶ τὸ καθόλου καὶ τῶν γνωρίμων ἐπὶ τὰ ἄγνωστα γνώριμα δὲ μᾶλλον τὰ κατὰ τὴν αἴσθησιν ἢ ἁπλῶς ἢ τοῖς πολλοῖς Κρύπτοντα δὲ προσυλλογίζεσθαι δι᾿ ὧν ὁ συλλογισμὸς τοῦ ἐξ ἀρχῆς μέλλει γίνεσθαι καὶ ταῦτα ὡς πλεῖστα Εἴη δ᾿ ἂν τοῦτο εἴ τις μὴ μόνον τὰς ἀναγκαίας ἀλλὰ καὶ τῶν πρὸς ταύτας χρησίμων τινὰ συλλογίζοιτο Ἔτι τὰ συμπεράσματα μὴ λέγειν ἀλλ᾿ ὕστερον ἀθρόα συλλογίζεσθαι οὕτω γὰρ ἂν πορρωτάτω ἀποστήσειε τῆς ἐξ ἀρχῆς θέσεως Καθόλου δ᾿ εἰπεῖν οὕτω δεῖ ἐρωτᾶν τὸν κρυπτικῶς πυνθανόμενον ὥστ᾿ ἠρωτημένου τοῦ παντὸς λόγου καὶ εἰπόντος τὸ συμπέρασμα ζητεῖσθαι τὸ διὰ τί Τοῦτο δ᾿ ἔσται μάλιστα διὰ τοῦ λεχθέντος ἔμπροσθεν τρόπου μόνου γὰρ τοῦ ἐσχάτου ῥηθέντος συμπεράσματος ἄδηλον πῶς συμβαίνει διὰ τὸ μὴ προορᾶν τὸν ἀποκρινόμενον ἐκ τίνων συμβαίνει μὴ διαρθρωθέντων τῶν πρότερον συλλογισμῶν Ἥκιστα δ᾿ ἂν διαρθροῖτο ὁ συλλογισμὸς τοῦ συμπεράσματος μὴ τὰ τούτου λήμματα ἡμῶν τιθέντων ἀλλ᾿ ἐκεῖνα ὑφ᾿ ὧν ὁ συλλογισμὸς γίνεται Χρήσιμον δὲ καὶ τὸ μὴ συνεχῆ τὰ ἀξιώματα λαμβάνειν ἐξ ὧν οἱ συλλογισμοί ἀλλ᾿ ἐναλλὰξ τὸ πρὸς ἕτερον καὶ ἕτερον συμπέρασμα τιθεμένων γὰρ τῶν οἰκείων παρ᾿ ἄλληλα μᾶλλον τὸ συμβησόμενον ἐξ αὐτῶν προφανές Χρὴ δὲ καὶ ὁρισμῷ λαμβάνειν ἐφ᾿ ὧν ἐνδέχεται τὴν καθόλου πρότασιν μὴ ἐπ᾿ αὐτῶν ἀλλ᾿ ἐπὶ τῶν συστοίχων παραλογίζονται γὰρ ἑαυτούς ὅταν ἐπὶ συστοίχου ληφθῇ ὁ ὁρισμός ὡς οὐ τὸ καθόλου συγχωροῦντες οἷον εἰ δέοι λαβεῖν ὅτι ὁ ὀργιζόμενος ὀρέγεται τιμωρίας διὰ φαινομένην ὀλιγωρίαν ληφθείη δ᾿ ἡ ὀργὴ ὄρεξις εἶναι τιμωρίας διὰ φαινομένην ὀλιγωρίαν δῆλον γὰρ ὅτι τούτου ληφθέντος ἔχοιμεν ἂν καθόλου ὃ προαιρούμεθα Τοῖς δ᾿ ἐπ᾿ αὐτῶν προτείνουσι πολλάκις ἀνανεύειν συμβαίνει τὸν ἀποκρινόμενον διὰ τὸ μᾶλλον ἔχειν ἐπ᾿ αὐτοῦ τὴν ἔνστασιν οἷον ὅτι ὁ ὀργιζόμενος οὐκ ὀρέγεται τιμωρίας τοῖς γὰρ γονεῦσιν ὀργιζόμεθα μέν οὐκ ὀρεγόμεθα δὲ τιμωρίας Ἴσως μὲν οὖν οὐκ ἀληθὴς ἡ ἔνστασις παρ᾿ ἐνίων γὰρ ἱκανὴ τιμωρία τὸ λυπῆσαι μόνον καὶ ποιῆσαι μεταμέλεσθαι οὐ μὴν ἀλλ᾿ ἔχει τι πιθανὸν πρὸς τὸ μὴ δοκεῖν ἀλόγως ἀρνεῖσθαι τὸ προτεινόμενον Ἐπὶ δὲ τοῦ τῆς ὀργῆς ὁρισμοῦ οὐχ ὁμοίως ῥᾴδιόν ἐστιν εὑρεῖν ἔνστασιν Ἔτι τὸ προτείνειν μὴ ὡς δι᾿ αὐτὸ ἀλλ᾿ ἄλλου χάριν προτείνοντα εὐλαβοῦνται γὰρ τὰ πρὸς τὴν θέσιν χρήσιμα Ἁπλῶς δ᾿ εἰπεῖν ὅτι μάλιστα ποιεῖν ἄδηλον πότερον τὸ προτεινόμενον ἢ τὸ ἀντικείμενον βούλεται λαβεῖν ἀδήλου γὰρ ὄντος τοῦ πρὸς τὸν λόγον χρησίμου μᾶλλον τὸ δοκοῦν αὑτοῖς τιθέασιν Ἔτι διὰ τῆς ὁμοιότητος πυνθάνεσθαι καὶ γὰρ πιθανὸν καὶ λανθάνει μᾶλλον τὸ καθόλου Οἷον ὅτι ὥσπερ ἐπιστήμη καὶ ἄγνοια τῶν ἐναντίων ἡ αὐτή οὕτω καὶ αἴσθησις τῶν ἐναντίων ἡ αὐτή ἢ ἀνάπαλιν ἐπειδὴ αἴσθησις ἡ αὐτή καὶ ἐπιστήμη Τοῦτο δ᾿ ἐστὶν ὅμοιον ἐπαγωγῇ οὐ μὴν ταὐτόν γε ἐκεῖ μὲν γὰρ ἀπὸ τῶν καθ᾿ ἕκαστα τὸ καθόλου λαμβάνεται ἐπὶ δὲ τῶν ὁμοίων οὐκ ἔστι τὸ λαμβανόμενον τὸ καθόλου ὑφ᾿ ὃ πάντα τὰ ὅμοιά ἐστιν Δεῖ δὲ καὶ αὐτόν ποτε αὑτῷ ἔνστασιν φέρειν ἀνυπόπτως γὰρ ἔχουσιν οἱ ἀποκρινόμενοι πρὸς τοὺς δοκοῦντας δικαίως ἐπιχειρεῖν Χρήσιμον δὲ καὶ τὸ ἐπιλέγειν ὅτι σύνηθες καὶ λεγόμενον τὸ τοιοῦτον ὀκνοῦσι γὰρ κινεῖν τὸ εἰωθὸς ἔνστασιν μὴ ἔχοντες Ἅμα δὲ καὶ τῷ χρῆσθαι καὶ αὐτοὶ τοῖς τοιούτοις φυλάττονται κινεῖν αὐτά Ἔτι τὸ μὴ σπουδάζειν κἂν ὅλως χρήσιμον ᾖ πρὸς γὰρ τοὺς σπουδάζοντας μᾶλλον ἀντιτείνουσιν Καὶ τὸ ὡς ἐν παραβολῇ προτείνειν τὸ γὰρ δι᾿ ἄλλο προτεινόμενον καὶ μὴ δι᾿ αὑτὸ χρήσιμον τιθέασι μᾶλλον Ἔτι μὴ αὐτὸ προτείνειν ὃ δεῖ ληφθῆναι ἀλλ᾿ ᾧ τοῦτο ἕπεται ἐξ ἀνάγκης μᾶλλόν τε γὰρ συγχωροῦσι διὰ τὸ μὴ ὁμοίως ἐκ τούτου φανερὸν εἶναι τὸ συμβησόμενον καὶ ληφθέντος τούτου εἴληπται κἀκεῖνο Καὶ τὸ ἐπ᾿ ἐσχάτῳ ἐρωτᾶν ὃ μάλιστα βούλεται λαβεῖν μάλιστα γὰρ τὰ πρῶτα ἀνανεύουσι διὰ τὸ τοὺς πλείστους τῶν ἐρωτώντων πρῶτα λέγειν περὶ ἃ μάλιστα σπουδάζουσιν Πρὸς ἐνίους δὲ πρῶτα τὰ τοιαῦτα προτείνειν οἱ γὰρ δύσκολοι τὰ πρῶτα μάλιστα συγχωροῦσιν ἂν μὴ παντελῶς φανερὸν ᾖ τὸ συμβησόμενον ἐπὶ τελευτῆς δὲ δυσκολαίνουσιν Ὁμοίως δὲ καὶ ὅσοι οἴονται δριμεῖς εἶναι ἐν τῷ ἀποκρίνεσθαι θέντες γὰρ τὰ πλεῖστα ἐπὶ τέλους τερθρεύονται ὡς οὐ συμβαίνοντος ἐκ τῶν κειμένων τιθέασι δὲ προχείρως πιστεύοντες τῇ ἕξει καὶ ὑπολαμβάνοντες οὐδὲν πείσεσθαι Ἔτι τὸ μηκύνειν καὶ παρεμβάλλειν τὰ μηδὲν χρήσιμα πρὸς τὸν λόγον καθάπερ οἱ ψευδογραφοῦντες πολλῶν γὰρ ὄντων ἄδηλον ἐν ὁποίῳ τὸ ψεῦδος Διὸ καὶ λανθάνουσιν ἐνίοτε οἱ ἐρωτῶντες ἐν παραβύστῳ προστιθέντες ἃ καθ᾿ αὑτὰ προτεινόμενα οὐκ ἂν τεθείη Εἰς μὲν οὖν κρύψιν τοῖς εἰρημένοις χρηστέον εἰς δὲ κόσμον ἐπαγωγῇ καὶ διαιρέσει τῶν συγγενῶν Ἡ μὲν οὖν ἐπαγωγὴ ὁποῖον τί ἐστι δῆλον τὸ δὲ διαιρεῖσθαι τοιοῦτον οἷον ὅτι ἐπιστήμη ἐπιστήμης βελτίων ἢ τῷ ἀκριβεστέρα εἶναι ἢ τῷ βελτιόνων καὶ ὅτι τῶν ἐπιστημῶν αἱ μὲν θεωρητικαὶ αἱ δὲ πρακτικαὶ αἱ δὲ ποιητικαί Τῶν γὰρ τοιούτων ἕκαστον συνεπικοσμεῖ μὲν τὸν λόγον οὐκ ἀναγκαῖα δὲ ῥηθῆναι πρὸς τὸ συμπέρασμα Εἰς δὲ σαφήνειαν παραδείγματα καὶ παραβολὰς οἰστέον παραδείγματα δὲ οἰκεῖα καὶ ἐξ ὧν ἴσμεν οἷα Ὅμηρος μὴ οἷα Χοιρίλος οὕτω γὰρ ἂν σαφέστερον εἴη τὸ προτεινόμενον,قواعد السءال وقد ينبغي لنا بعد ذلك ان نتكلم في الترتيب وكيف يجب ان يكون السءال فيجب اولا اذا كنت معتزما علي السءال ان تستنبط الموضع الجدلي الذي منه ينبغي ان تاتي بالحجة وثانيا ان تعد السءال وترتب كل شء بحسب الموضع الجدلي وثالثا وهو الباقي ان تخاطب بذلك غيرك والفيلسوف والجدلي مشتركان في الفحص الي ان يتهيا استنباط الموضع الجدلي فاما الترتيب والمسالة فهما يخصان الجدلي من قبل ان جميع ما يجري هذا المجري انما يستعمل في حال المحاورة واما الفيلسوف ومن يتفرد بالفحص لنقسه فليس يبالي اذا كانت المقدمات التي عنها يحدث القياس صادقة معروفة الا يقبلها المجيب ان كانت في غاية القرب من المطلوب الاول وكان قد تقدم فلحظ ما يتبعها ويلزم عنها وعساه قد يجتهد بمبلغ الطاقة ان تكون القضايا الواجب قبولها اشد قربا واعرف اذ كانت القياسات العلمية انما تحدث وتاتلف من امثال هذه المقدمات وقد وصفنا انفا المواضع الجدلية ومن اين ينبغي ان تءخذ وينبغي الان ان نتكلم في الترتيب والسءال بان نقسم المقدمات التي يجب اخذها وهي المقدمات الخارجة عن المقدمات الضرورية واعني بقولي ضرورية المقدمات التي عنها يحدث القياس قاما المقدمات الخارجة عنها فهي اربع وذاك انها اما ان توجد بسبب الاستقراء لكي تسلم المقدمة الكلية او في الاستكثار من الكلام الاتساع فيه او في اخفاء النتيجة او في ان يكون الكلام اوضح واظهر وما سوي ذلك من المقدمات فليس ينبغي ان يستعمل شء منه ولكن بتلك المقدمات التي وصفناها ينبغي ان نروم السءال والاستكثار من القول وها هنا مقدمات تستعمل في اخفاء النتيجة وينتفع بها في المجاهدة ولما كانت هذه الصناعة باسرها انما تصلح لان يستعملها الانسان مع غيره وجب ضرورة ان يستعمل فيها امثال هذه الاشياء فاما المقدمات الضرورية التي عنها يحدث القياس فليس ينبغي ان تاتي بها في اول وهلة بل ينبغي ان ترتقي ما استطعت الي ما هو اعلي منها مثال ذلك انك ان اردت ان تبين ان العلم بالاضداد واحد فليس ينبغي ان تذكر الاضداد اولا بل تجعل مكان الاضداد المتقابلات فان الامر اذا جري علي ذلك نتج ان العلم بالاضداد واحد اذ كانت الاضداد هي ايضا متقابلات فان لم تضع الكلية فقد ينبغي ان تءخذ من الاستقراء بان تتعاطي احضار جميع المقدمات التي في غاية الظهور من قبل ان الامر الذي يلزم ويتبع يكون اشد غموضا بالارتقاء الي ما هو اعلي وابعد وبالاستقراء وان تتكلف مع ذلك احضار المقدمات النافعة متي لم يمكنك استعمال المقدمات علي الجهة الاخري وما كان خارجا عما ذكرناه فانما ينبغي ان يقتضب من اجل ما وصفناه وان يكون استعمالنا اياه علي هذا النحو اما في حال استعمالك الاستقراء فانك تتدرج من الاشياء الجزءية الي القضية الكلية ومن الاشياء المعروفة الي التي هي غير معروفة والاشياء التي هي اعرف هي المدركة بالحس اما علي الاطلاق واما عند الجمهور فاما اذا قصدت لاخفاء النتيجة فقد ينبغي ان تتقدم فتحصل بالقياس المقدمات التي بها يتهيا ان يعمل قياس علي المطلوب الاول وان يكون بحسب ما يمكن في غاية الكبر وذلك يكون ليس بان تحصل المقدمات الضرورية فقط بل تحصل بالقياس ايضا غيرها مما يصح استعماله معها وقد ينبغي ايضا الا يصرح بالنتاءج بل ياتي بها علي طريق الاجمال جملة في اخر الامر فان بهذا الوجه يتهيا لك ان تتباعد في الغاية من المطلوب الاول وفي الجملة من القول فعلي هذا الوجه ينبغي ان يكون سءال من يقصد في سءاله الي الاغماض حتي يكون اذا استوفي السءال الي اخره وذكرت النتيجة كانت المطالبة ب لم تعد واقعة وهذا انما يكون خاصة بالوجه الذي تقدم ذكره وذلك انك اذا ذكرت النتيجة الاخيرة وحدها فقط لم يصح كيف لزمت اذ كان المجيب لم يتقدم فيعلم الاشياء التي عنها لزمت لانه لم يتقدم فيحصل القياسات التي هي اقدم وقد يكون القياس علي النتيجة اقل تحصيلا متي لم نات بالمقدمات التي عنها يحدث واتينا بالمقدمات التي ينتج عنها القياس وقد ينتفع ايضا في ذلك بالا تستعمل القضايا الواجب قبولها التي عنها تحدث المقاييس علي الاتساق والاتصال بل يبدل ترتيبها لتجب عنها نتاءج مختلفة وذلك انه متي وضعت القضايا المتناسبة علي ترتيب كان الامر الذي يلزم عنها اشد ظهورا وقد ينبغي ان نلتمس الحد ايضا في الاشياء التي يمكن فيها اخذ المقدمة الكلية ولكن لا نجعل التماسنا ذلك فيها باعيانها بل في نظاءرها فان الشبهة تدخل عليهم متي اخذ احد الحد من النظاءر ولا يشعرون بانهم قد سلموا المقدمات الكلية مثال ذلك انك ان احتجت الي ان تاخذ ان الغضبان هو الذي يتشوق الي الانتقام فقد ينبغي ان تاخذ ان الغضب هو الشوق الي الانتقام لما يقع في الوهم من الامتهان فانا متي فعلنا هذا حصل لنا لا محالة ما اردناه فاما الذين يلتمسون ذلك في الامور باعيانها فقد يعرض احيانا بان يايي المجيب قبول ما ياتون به لانه يجد فيه موضعا للمناقضة اذ كان له ان يقول ليس كل من يغضب يتشوق الي الانتقام لا محالة وذلك انا اذا نغضب علي اصدقاءنا الا انا لا نتشوق الي الانتقام منهم وعسي ان تكون هذه المعارضة غير صحيحة اذ كان قد يجري ان ينتقم من بعض الناس بان يغموا يجعلوا نادمين علي ما فعلوا الا ان في تلك المناقضة اقناعا ما يبقي عنها ما يتوهم من ان دفع ما احتج به في هذا المعني كان بغير واجب واما في تحديد الغضب فليس يسهل وجود المناقضة علي ذلك المثال وايضا فقد ينبغي ان يءتي بالحجة من حيث لا يوقف علي انها من اجل الشء المطلوب بعينه لكن علي انها تكلفت من اجل غيره وذلك انهم يتهيبون الاشياء التي يصلح استعمالها في الامر الموضوع وفي الجملة من القول فقد ينبغي ان تجتهد ما امكنك في ان يكون ما تاتي به غير بين حتي لا تدري هل قصدت باخذك اياه نحو الشء الذي تريده او نحو الامر المقابل له وذلك انه اذا كان الامر المنتفع به في القول غير واضح ولا بين كانوا اشد انقيادا لوضع الامر الذي يرونه وقد ينبغي ان يكون سءالك ايضا من الاشياء المتشابهة وذلك ان فيها اقناعا ويخفي معها الامر الكلي خفاءا شديدا ولا يشعر به مثال ذلك ان العلم بالاضداد وغير العلم بها هي شء واحد بعينه وكذلك ايضا الحس بالاضداد واحد بعينه وبعكس ذلك من قبل ان الحس بالاضداد واحد بعينه فالعلم بها ايضا كذلك وهذا الماخذ يشبه طريق الاستقراء غير انه ليس هو بعينه لان هناك انما يءخذ الامر الكلي من الجزءيات فاما في المتشابهة فليس الامر الماخوذ فيه هو الكلي الذي تحته جميع المتشابه وقد ينبغي لك ان تعارض نفسك احيانا وذلك ان المجيبين قد يجرون عندهم مجري من لا يستفاد به لا سيما متي ظهر لهم من امرهم انهم قد تحروا الانصاف في القول ومن الاشياء المنتفع بها ايضا ان تقول في احتجاجاتك ان العادة قد جرت بهذا وامثاله وانه من الاشياء المقبولة وذاك انهم قد يتثاقلون عن دفع ما قد جرت به العادة ولا سيما متي لم تحضرهم معارضة له ومع ذلك فانهم لما كانوا قد يستعملون امثال هذه الاشياء صاروا يتوقون دفعها وايضا فلا ينبغي ان يظهر منك حرص علي شء ما بعينه وان كان الانتفاع به كثيرا فتشتد مقاومتهم لما يرونك حريصا عليه ومعاندتهم اياه وقد ينبغي ايضا ان تاتي بالشء الذي يقال علي طريق المثل لانهم اشد قبولا ووضعا لما يءتي به من اجل غيره منهم لما ينتفع به من اجل ذاته وايضا فلا ينبغي ان تاتي بالشء الذي تريد اخذه بعينه بل تاتي بما ذلك الشء تابع له ضرورة فانك اذا فعلت ذلك كانوا اشد موافقة لك من قبل ان ذكرك الشء الذي ما تحاول اخذه تابع له ليس يجري في الظهور مجراه واذا اخذ هذا فقد اخذ ايضا ذاك وقد ينبغي ان يءخذ السءال عن الشء الذي يريد اخذه خاصة اذ كان من عادتهم ان تشتد مقاومتهم ومعاندتهم للاشياء التي يتقدم السءال عنها من قبل ان اكثر من يسال انما يقدم ذكر الاشياء التي هو شديد العناية بها وقد ينبغي في محاورة بعض الناس ان يجعل امثال هذه الاشياء من اول ما يتكلف احضاره وذلك ان المعتاصين من الناس يوافقون خاصة علي الاشياء المتقدمة متي لم يكن الامر اللازم عنها مع ذكرها في غاية الظهور والبيان غير انهم في اخر الامر يعتاصون وكذلك يجري امر القوم الذين يظنون انهم يسرعون في الجواب ان كنا في حال الجواب وذلك انهم اذا وضعوا اكثر الاشياء يقع السءال عنها اعتاصوا فيما يءتي به اخيرا من قبل انه لا يلزم عندهم من الاشياء الموضوعة واما يضعون ما يضعون اعتمادا علي اقتدارهم وظنا بانه لا يتهيا ان تثبت حجة عليهم وايضا فليعتمد الاسهاب في القول وان يحشي بالاشياء التي لا ينتفع بها اصلا في القول المقصود كما يفعل الذين يرسمون رسوما كاذبة فانه اذا كثرت هذه الاشياء كان الكذب اخفي واغمض ولذلك صار الذين يسالون يغالطون احيانا بادخالهم في اضعاف القول الاشياء التي لو اتي بها مفردة مجردة لم تقبل ولم توضع فهذه الاشياء وما جانسها يجب ان تستعمل في اخفاء ما يحاول اخفاءه فاما في تنميق القول وتحسينه فقد ينبغي ان نستعمل الاستقراء وقسمة الاشياء المتجانسة وقد تقدم العلم بالاستقراء ما هو واي الاشياء هو فاما التقسيم فهو علي ما اصف قد يقال ان علما افضل من علم اما لانه اصح واما لان معلوماته افضل وان العلوم منها نظرية ومنها فعلية ومنها عملية فان هذه الاشياء وما يجري مجراها انما تحسن القول وتنمقه فقط وليس فيها شء يحتاج اليه ضرورة في اظهار النتيجة واما في باب ايضاح القول وتلخيصه فقد يجب ان يءتي بمثالات والغاز وان تكون المثالات خاصية وما نستفيد به علما بمنزلة ما هو منها ساءر في شعر اوميروس دون شعر خوريلس وذلك ان ما يوفي به علي هذه الجهة يكون اشد وضوحا,8,1
Χρηστέον δ᾿ ἐν τῷ διαλέγεσθαι τῷ μὲν συλλογισμῷ πρὸς τοὺς διαλεκτικοὺς μᾶλλον ἢ πρὸς τοὺς πολλούς τῇ δ᾿ ἐπαγωγῇ τοὐναντίον πρὸς τοὺς πολλοὺς μᾶλλον εἴρηται δ᾿ ὑπὲρ τούτων καὶ πρότερον Ἔστι δὲ ἐπ᾿ ἐνίων μὲν ἐπάγοντα δυνατὸν ἐρωτῆσαι τὸ καθόλου ἐπ᾿ ἐνίων δ᾿ οὐ ῥᾴδιον διὰ τὸ μὴ κεῖσθαι ταῖς ὁμοιότησιν ὄνομα πάσαις κοινόν ἀλλ᾿ ὅταν δέῃ τὸ καθόλου λαβεῖν οὕτως ἐπὶ πάντων τῶν τοιούτων φασίν τοῦτο δὲ διορίσαι τῶν χαλεπωτάτων ὁποῖα τῶν προφερομένων τοιαῦτα καὶ ποῖα οὔ Καὶ παρὰ τοῦτο πολλάκις ἀλλήλους παρακρούονται κατὰ τοὺς λόγους οἱ μὲν φάσκοντες ὅμοια εἶναι τὰ μὴ ὄντα ὅμοια οἱ δ᾿ ἀμφισβητοῦντες τὰ ὅμοια μὴ εἶναι ὅμοια Διὸ πειρατέον ἐπὶ πάντων τῶν τοιούτων ὀνοματοποιεῖν αὐτόν ὅπως μήτε τῷ ἀποκρινομένῳ ἐξῇ ἀμφισβητεῖν ὡς οὐχ ὁμοίως τὸ ἐπιφερόμενον λέγεται μήτε τῷ ἐρωτῶντι συκοφαντεῖν ὡς ὁμοίως λεγομένου ἐπειδὴ πολλὰ τῶν οὐχ ὁμοίως λεγομένων ὁμοίως φαίνεται λέγεσθαι Ὅταν δ᾿ ἐπάγοντος ἐπὶ πολλῶν μὴ διδῷ τὸ καθόλου τότε δίκαιον ἀπαιτεῖν ἔνστασιν Μὴ εἰπόντα δ᾿ αὐτὸν ἐπὶ τίνων οὕτως οὐ δίκαιον ἀπαιτεῖν ἐπὶ τίνων οὐχ οὕτως δεῖ γὰρ ἐπάγοντα πρότερον οὕτω τὴν ἔνστασιν ἀπαιτεῖν Ἀξιωτέον τε τὰς ἐνστάσεις μὴ ἐπ᾿ αὐτοῦ τοῦ προτεινομένου φέρειν ἐὰν μὴ ἓν μόνον ᾖ τὸ τοιοῦτον καθάπερ ἡ δυὰς τῶν ἀρτίων μόνος ἀριθμὸς πρῶτος δεῖ γὰρ τὸν ἐνιστάμενον ἐφ᾿ ἑτέρου τὴν ἔνστασιν φέρειν ἢ λέγειν ὅτι τοῦτο μόνον τοιοῦτο Πρὸς δὲ τοὺς ἐνισταμένους τῷ καθόλου μὴ ἐν αὐτῷ δὲ τὴν ἔνστασιν φέροντας ἀλλ᾿ ἐν τῷ ὁμωνύμῳ οἷον ὅτι ἔχοι ἄν τις τὸ μὴ αὑτοῦ χρῶμα ἢ πόδα ἢ χεῖρα ἔχοι γὰρ ἂν ὁ ζωγράφος χρῶμα καὶ ὁ μάγειρος πόδα τὸν μὴ αὑτοῦ διελόμενον οὖν ἐπὶ τῶν τοιούτων ἐρωτητέον λανθανούσης γὰρ τῆς ὁμωνυμίας εὖ δόξει ἐνστῆναι τῇ προτάσει Ἐὰν δὲ μὴ ἐν τῷ ὁμωνύμῳ ἀλλ᾿ ἐν αὐτῷ ἐνιστάμενος κωλύῃ τὴν ἐρώτησιν ἀφαιροῦντα δεῖ ἐν ᾧ ἡ ἔνστασις προτείνειν τὸ λοιπὸν καθόλου ποιοῦντα ἕως ἂν λάβῃ τὸ χρήσιμον Οἷον ἐπὶ τῆς λήθης καὶ τοῦ ἐπιλελῆσθαι οὐ γὰρ συγχωροῦσι τὸν ἀποβεβληκότα ἐπιστήμην ἐπιλελῆσθαι διότι μεταπεσόντος τοῦ πράγματος ἀποβέβληκε μὲν τὴν ἐπιστήμην ἐπιλέλησται δ᾿ οὔ Ῥητέον οὖν ἀφελόντα ἐν ᾧ ἡ ἔνστασις τὸ λοιπόν οἷον εἰ διαμένοντος τοῦ πράγματος ἀποβέβληκε τὴν ἐπιστήμην διότι ἐπιλέλησται Ὁμοίως δὲ καὶ πρὸς τοὺς ἐνισταμένους διότι τῷ μείζονι ἀγαθῷ μεῖζον ἀντίκειται κακόν προφέρουσι γὰρ ὅτι τῇ ὑγιείᾳ ἐλάττονι ὄντι ἀγαθῷ τῆς εὐεξίας μεῖζον κακὸν ἀντίκειται τὴν γὰρ νόσον μεῖζον κακὸν εἶναι τῆς καχεξίας Ἀφαιρετέον οὖν καὶ ἐπὶ τούτου ἐν ᾧ ἡ ἔνστασις ἀφαιρεθέντος γὰρ μᾶλλον ἂν θείη οἷον ὅτι τῷ μείζονι ἀγαθῷ μεῖζον κακὸν ἀντίκειται ἐὰν μὴ συνεπιφέρῃ θάτερον θάτερον καθάπερ ἡ εὐεξία τὴν ὑγίειαν Οὐ μόνον δ᾿ ἐνισταμένου τοῦτο ποιητέον ἀλλὰ κἂν ἄνευ ἐνστάσεως ἀρνῆται διὰ τὸ προορᾶν τι τῶν τοιούτων ἀφαιρεθέντος γὰρ ἐν ᾧ ἡ ἔνστασις ἀναγκασθήσεται τιθέναι διὰ τὸ μὴ προορᾶν ἐν τῷ λοιπῷ ἐπὶ τίνος οὐχ οὕτως ἐὰν δὲ μὴ τιθῇ ἀπαιτούμενος ἔνστασιν οὐ μὴ ἔχῃ ἀποδοῦναι Εἰσὶ δὲ τοιαῦται τῶν προτάσεων αἱ ἐπὶ τὶ μὲν ψευδεῖς ἐπὶ τὶ δ᾿ ἀληθεῖς ἐπὶ τούτων γὰρ ἔστιν ἀφελόντα τὸ λοιπὸν ἀληθὲς καταλιπεῖν Ἐὰν δ᾿ ἐπὶ πολλῶν προτείνοντος μὴ φέρῃ ἔνστασιν ἀξιωτέον τιθέναι διαλεκτικὴ γάρ ἐστι πρότασις πρὸς ἣν οὕτως ἐπὶ πολλῶν ἔχουσαν μὴ ἔστιν ἔνστασις Ὅταν δ᾿ ἐνδέχηται τὸ αὐτὸ ἄνευ τε τοῦ ἀδυνάτου καὶ διὰ τοῦ ἀδυνάτου συλλογίσασθαι ἀποδεικνύντι μὲν καὶ μὴ διαλεγομένῳ οὐδὲν διαφέρει οὕτως ἢ ἐκείνως συλλογίσασθαι διαλεγομένῳ δὲ πρὸς ἄλλον οὐ χρηστέον τῷ διὰ τοῦ ἀδυνάτου συλλογισμῷ Ἄνευ μὲν γὰρ τοῦ ἀδυνάτου συλλογισαμένῳ οὐκ ἔστιν ἀμφισβητεῖν ὅταν δὲ τὸ ἀδύνατον συλλογίσηται ἂν μὴ λίαν ᾖ περιφανὲς ψεῦδος ὄν οὐκ ἀδύνατόν φασιν εἶναι ὥστ᾿ οὐ γίνεται τοῖς ἐρωτῶσιν ὃ βούλονται Δεῖ δὲ προτείνειν ὅσα ἐπὶ πολλῶν μὲν οὕτως ἔχει ἔνστασις δὲ ἢ ὅλως μὴ ἔστιν ἢ μὴ ἐπιπολῆς τὸ συνιδεῖν μὴ δυνάμενοι γὰρ συνορᾶν ἐφ᾿ ὧν οὐχ οὕτως ὡς ἀληθὲς ὂν τιθέασιν Οὐ δεῖ δὲ τὸ συμπέρασμα ἐρώτημα ποιεῖν εἰ δὲ μή ἀνανεύσαντος οὐ δοκεῖ γεγονέναι συλλογισμός Πολλάκις γὰρ καὶ μὴ ἐρωτῶντος ἀλλ᾿ ὡς συμβαῖνον ἐπιφέροντος ἀρνοῦνται καὶ τοῦτο ποιοῦντες οὐ δοκοῦσιν ἐλέγχεσθαι τοῖς μὴ συνορῶσιν ὅ τι συμβαίνει ἐκ τῶν τεθέντων Ὅταν οὖν μηδὲ φήσας συμβαίνειν ἐρωτήσῃ ὁ δ᾿ ἀρνηθῇ παντελῶς οὐ δοκεῖ γεγονέναι συλλογισμός Οὐ δοκεῖ δὲ πᾶν τὸ καθόλου διαλεκτικὴ πρότασις εἶναι οἷον τί ἐστιν ἄνθρωπος ἢ ποσαχῶς λέγεται τἀγαθόν ἔστι γὰρ πρότασις διαλεκτικὴ πρὸς ἣν ἔστιν ἀποκρίνασθαι ναί ἢ οὔ πρὸς δὲ τὰς εἰρημένας οὐκ ἔστιν Διὸ οὐ διαλεκτικά ἐστι τὰ τοιαῦτα τῶν ἐρωτημάτων ἂν μὴ αὐτὸς διορίσας ἢ διελόμενος εἴπῃ οἷον ἆρά γε τἀγαθὸν οὕτως ἢ οὕτως λέγεται πρὸς γὰρ τὰ τοιαῦτα ῥᾳδία ἡ ἀπόκρισις ἢ καταφήσαντι ἢ ἀποφήσαντι Διὸ πειρατέον οὕτω προτείνειν τὰς τοιαύτας τῶν προτάσεων Ἅμα δὲ καὶ δίκαιον ἴσως παρ᾿ ἐκείνου ζητεῖν ποσαχῶς λέγεται τἀγαθόν ὅταν αὐτοῦ διαιρουμένου καὶ προτείνοντος μηδαμῶς συγχωρῇ Ὅστις δ᾿ ἕνα λόγον πολὺν χρόνον ἐρωτᾷ κακῶς πυνθάνεται Εἰ μὲν γὰρ ἀποκρινομένου τοῦ ἐρωτωμένου τὸ ἐρωτώμενον δῆλον ὅτι πολλὰ ἐρωτήματα ἐρωτᾷ ἢ πολλάκις ταὐτά ὥστε ἢ ἀδολεσχεῖ ἢ οὐκ ἔχει συλλογισμόν ἐξ ὀλίγων γὰρ πᾶς συλλογισμός εἰ δὲ μὴ ἀποκρινομένου ὅτι οὐκ ἐπιτιμᾷ ἢ ἀφίσταται,قواعد السءال تتمة وقد ينبغي ان نستعمل في الجدل اما علي الجدليين فنستعمل القياس اكثر من استعمالنا اياه مع العوام من الناس ويجري الامر في الاستقراء بالعكس بان نستعمله في اكثر الاحوال مع العوام وقد تقدم القول في هذه الاشياء فيما سلف وقد يمكنك عند استعمالك الاستقراء ان تاتي بالقضية الكلية وفي بعضها لا يسهل ذاك من قبل انه لم يوضع لجميع المتشابهات اسم عام يضمها الا انه متي دعت الحاجة الي تناول الكلي قالوا وكذلك يجري الامر في جميع ما هذه سبيله ومن الامور التي في غاية الصعوبة تمييز هذا الامر اعني اي هذه الاشياء الموصوفة التي اتي بها هو بهذه الحال وايها ليس كذلك ولذلك صار بعضهم يغالط بعضا في الاقاويل حتي ان منهم من يجعل ما ليس متشابها ما ليس كذلك ومنهم من يتشكك في الاشياء المتشابهة ويري انها ليست متشابهة وقد يجب لذلك ان يروم اختراع اسم لجميع ما هذه حالة لكيلا يعرض للمجيب الشك في ان الامر الذي اوجب انه علي طريق التشابه ليس كذلك ويلحق الساءل ايضا العتب من قبل ايجابه اياه علي طريق التشابه اذ كان كثير من الاشياء التي ليست احوالها واحدة قد يظن بها ان احوالها واحدة ومتي ما وقع التسليم لكثير من الاشياء بطريق الاستقراء الا انه لم يسلم ان ذلك كلي فمن العدل ان يطالب بالمناقضة ومتي لم يقل ان الامر كذلك في بعض الاشياء فليس يجب ان يطالب في اي الاشياء كذلك وذاك انه انما يجب ان نطالب بالمناقضة علي هذه الجهة متي كان قد انقاد اولا للاستقراء والاولي الا يطالب بان يجعل مناقضته للحجة التي كان اتي بها بعينها اللهم الا ان يكون ما هذه حاله هو واحدا فقط كما ان الاثنين من بين ساءر الاعداد الزوجية هي فقط عدد اول وذلك انه ينبغي للمعاند ان يجعل معاندته في عدد اخر او يقول ان هذا وحده هذه حاله فاما الذين يعاندون الامر الكلي ولا يجعلون عنادهم في الحجة بعينها بل فيما هو مشارك لها في الاسم كقول القاءل انه قد يكون للانسان لون ليس هو له او يد او رجل وذاك انه قد يكون للمصور لون ليس هو له وللطباخ رجل ليست له فقد ينبغي ان يكون سءالك اياهم عن امثال هذه الاشياء بعد استعمالك القسمة وذاك انه اذا وقعت الخدعة بسبب الاشتراك في الاسم ولم يشعر به ظن ان المقدمة قد عوندت فان كان دفعه السءال ليس هو من جهة الاشتراك في الاسم بل بمعاندة الامر بعينه فقد ينبغي لك اذا انت ابطلت ذلك الامر الذي فيه العناد بعينه ان تاتي بالامر الباقي وتجعله كليا ليتقرر علي الواجب كالحال في الغلط والنسيان وذاك انهم لا يوافقون ولا يسلمون ان المفارق للعلم ناس من قبل ان الامر اذا انتقل بعينه فقد انسلخ من المعرفة ولا يقال فيه انه نسيها فقد ينبغي اذا انت ابطلت الامر الذي فيه العناد ان تاتي بالامر الباقي مثال ذلك ان الامر ما دام ثابتا باقيا بحاله الا انه قد فارق المعرفة يقال فيه انه ناس وكذلك ينبغي ان تحتج علي من يعاند ان المقابل للخير الاعظم هو الشر الاعظم وذاك انهم يحتجون ان الصحة لما كانت في الجودة اقل كثيرا من جودة الهيءة كان المضاد لها هو الشر الذي في غاية العظم اذ كان المرض اردا كثيرا من رداءة الهيءة ولذلك قد ينبغي ان نفعل في ذلك كما فعلنا في غيره وهو ان نرفع الامر الذي وقعت فيه المعاندة فانا برفعنا اياه نكون قد وضعنا ما يلزم وضعه لا محالة مثال ذلك ان الخير الاعظم مقابله الشر الاعظم ان لم يحز معا احد هذين لذلك الشء الاخر بمنزلة جودة الهيءة للصحة وليس انما ينبغي ان يفعل ذلك عند معاندة الخصم فقط بل قد ينبغي ان يفعله في حال جحوده وان لم يعاند من قبل انه قد تقدم فروي في بعض هذه الاشياء وذلك انه اذا ارتفع الامر الذي فيه المعاندة اضطر الي ان يضع ما يريده اذ كان لم يتقدم فيتامل الامر الباقي لم صار ليست هذه حاله فاما متي لم يضع المراد فانه اذا طولب بالمعاندة لم يات في ذلك بشء والمقدمات التي هذه حالها هي الكاذبة في بعض الاشياء الصادقة في بعضها الاخر وذلك انه قد يتهيا لك في امثال هذه المقدمات اذا رفعت منها ما يجب رفعه وجدت السبيل الي ان تجعل ما يحصل بعد ذلك صادقا وان كنت اذا اتيت بالحجة في اشياء كثيرة لم تات لها بنقض فقد وجب عليك ان تعترف بالمواد وذلك ان المقدمة الجدلية هي التي متي كانت حالها في اكثر الامر حالا واحدة لم يوجد لها مقابل يعاندها واذا امكن ان ينتج شء واحد بعينه اشياء ممكنة وغير ممكنة فانك اذا سلكت في تبيينه طريق البرهان لم يكن فرق فيما تنتجه عن ذلك واذا كان القول جاريا علي طريق الجدل فانك اذا انتجت شيءا علي طريق الخلف فلا وجه للتشكك واذا جعلته علي طريق الخلف فانه ان لم يكن الكذب فيه في غاية الظهور كان لهم ان يقولوا ان ذلك ليس محالا فلا يحصل للساءل الامر الذي يقصده وقد ينبغي ان ناتي من الحجج بجميع ما كانت حاله في كثير من الاشياء حالا واحدة والمناقضة فيه اما ان تكون معدومة البتة او تكون غير ظاهرة لانه اذا لم يمكنهم ان يتاملوا الاشياء التي ليست بهذه الحال وضعوا المطلوب علي انه صادق وليس ينبغي ان تجعل النتيجة سءالا فانك ان لم تفعل ذلك ثم عاندك الخصم وقاومك لم يتهيا ان يحدث قياس علي انهم احيانا قد يدفعون النتيجة وان لم تات بها علي طريق السءال بل اتيت بها علي انها قد لزمت عن غيرها واذا فعلوا ذلك ظن من لم يتامل ما يلزم عن الاشياء الموضوعة انه ليس يلحقهم توبيخ ولذلك وجب وان لم تقل انها تلزم علي طريق النتيجة بل جعلتها سءالا فجحدت الا يحدث قياس اصلا وليس يرون ان كل ما كان كليا فهي مقدمة جدلية مثال ذلك قولنا ما هو الانسان او علي كم نحو يقال الخير فان المقدمة الجدلية هي التي للمجيب ان يجيب عنها بنعم او لا فاما الاشياء التي تقدم ذكرها فليس الامر فيها كذلك ولذلك صارت امثال هذه المساءل غير جدلية اللهم الا ان يكون الساءل ياتي بها اما عند تحديده او تقسيمه مثال ذلك اتري الخير كذا يقال ام كذا وذلك ان الجواب عن امثال هذه المساءل يسهل اذ لا بد في الجواب عنها اما ب نعم او ب لا ولذلك قد يجب ان يكون ما تاتي به من امثال هذه المقدمات علي هذه السبيل ومع ذلك فلعله من الانصاف ان يطالب المجيب بان يخبر بكم نحو يقال الخير متي كنت انت اذا قسمت واتيت بالحجة لم تساعد ولم يسلم لك والذي يسال عن شء واحد سءالا داءما فهو غير مصيب من قبل ان المجيب ان اجاب الساءل عما يسال عنه فقد علم انه اما ان يكون قد سال مساءل كثيرة او كرر السءال عن شء واحد بعينه مرارا كثيرة ولذلك اما ان يكون يهذر في القول او ليس يتاتي له قياس وذلك ان كل قياس انما يتالف من مقدمات يسيرة فان لم يجبه عما يسال عنه فذلك اما لانه لا يتهيا له توبيخ واما لانه يروغ,8,2
Ἔστι δ᾿ ἐπιχειρεῖν τε χαλεπὸν καὶ ὑπέχειν ῥᾴδιον τὰς αὐτὰς ὑποθέσεις Ἔστι δὲ τοιαῦτα τά τε φύσει πρῶτα καὶ τὰ ἔσχατα Τὰ μὲν γὰρ πρῶτα ὅρου δεῖται τὰ δ᾿ ἔσχατα διὰ πολλῶν περαίνεται βουλομένῳ τὸ συνεχὲς λαμβάνειν ἀπὸ τῶν πρώτων ἢ σοφισματώδη φαίνεται τὰ ἐπιχειρήματα ἀδύνατον γὰρ ἀποδεῖξαί τι μὴ ἀρξάμενον ἀπὸ τῶν οἰκείων ἀρχῶν καὶ συνείραντα μέχρι τῶν ἐσχάτων Ὁρίζεσθαι μὲν οὖν οὔτ᾿ ἀξιοῦσιν οἱ ἀποκρινόμενοι οὔτ᾿ ἂν ὁ ἐρωτῶν ὁρίζηται προσέχουσιν μὴ γενομένου δὲ φανεροῦ τί ποτ᾿ ἐστὶ τὸ προκείμενον οὐ ῥᾴδιον ἐπιχειρεῖν Μάλιστα δὲ τὸ τοιοῦτον περὶ τὰς ἀρχὰς συμβαίνει τὰ μὲν γὰρ ἄλλα διὰ τούτων δείκνυται ταῦτα δ᾿ οὐκ ἐνδέχεται δι᾿ ἑτέρων ἀλλ᾿ ἀναγκαῖον ὁρισμῷ τῶν τοιούτων ἕκαστον γνωρίζειν Ἔστι δὲ δυσεπιχείρητα καὶ τὰ λίαν ἐγγὺς τῆς ἀρχῆς οὐ γὰρ ἐνδέχεται πολλοὺς πρὸς αὐτὰ λόγους πορίσασθαι ὀλίγων ὄντων τῶν ἀνὰ μέσον αὐτοῦ τε καὶ τῆς ἀρχῆς δι᾿ ὧν ἀνάγκη δείκνυσθαι τὰ μετὰ ταῦτα Τῶν δὲ ὅρων δυσεπιχειρητότατοι πάντων εἰσὶν ὅσοι κέχρηνται τοιούτοις ὀνόμασιν ἃ πρῶτον μὲν ἄδηλά ἐστιν εἴτε ἁπλῶς εἴτε πολλαχῶς λέγεται πρὸς δὲ τούτοις μηδὲ γνώριμα πότερον κυρίως ἢ κατὰ μεταφορὰν ὑπὸ τοῦ ὁρισαμένου λέγεται Διὰ μὲν γὰρ τὸ ἀσαφῆ εἶναι οὐκ ἔχει ἐπιχειρήματα διὰ δὲ τὸ ἀγνοεῖσθαι εἰ παρὰ τὸ κατὰ μεταφορὰν λέγεσθαι τοιαῦτ᾿ ἐστίν οὐκ ἔχει ἐπιτίμησιν Ὅλως δὲ πᾶν πρόβλημα ὅταν ᾖ δυσεπιχείρητον ἢ ὅρου δεῖσθαι ὑποληπτέον ἢ τῶν πολλαχῶς ἢ τῶν κατὰ μεταφορὰν εἶναι λεγομένων ἢ οὐ πόρρω τῶν ἀρχῶν ἢ διὰ τὸ μὴ φανερὸν εἶναι πρῶτον ἡμῖν τοῦτ᾿ αὐτό κατὰ τίνα ποτὲ τῶν εἰρημένων τρόπον ἐστὶν ὃ τὴν ἀπορίαν παρέχεται φανεροῦ γὰρ ὄντος τοῦ τρόπου δῆλον ὅτι ἢ ὁρίζεσθαι ἂν δέοι ἢ διαιρεῖσθαι ἢ τὰς ἀνὰ μέσον προτάσεις πορίζεσθαι διὰ τούτων γὰρ δείκνυται τὰ ἔσχατα Πολλαῖς τε τῶν θέσεων μὴ καλῶς ἀποδιδομένου τοῦ ὁρισμοῦ οὐ ῥᾴδιον διαλέγεσθαι καὶ ἐπιχειρεῖν οἷον πότερον ἓν ἑνὶ ἐναντίον ἢ πλείω ὁρισθέντων δὲ τῶν ἐναντίων κατὰ τρόπον ῥᾴδιον συμβιβάσαι πότερον ἐνδέχεται πλείω τῷ αὐτῷ εἶναι ἐναντία ἢ οὔ Τὸν αὐτὸν δὲ τρόπον καὶ ἐπὶ τῶν ἄλλων τῶν ὁρισμοῦ δεομένων Ἔοικε δὲ καὶ ἐν τοῖς μαθήμασιν ἔνια δι᾿ ὁρισμοῦ ἔλλειψιν οὐ ῥᾳδίως γράφεσθαι οἷον καὶ ὅτι ἡ παρὰ τὴν πλευρὰν τέμνουσα τὸ ἐπίπεδον ὁμοίως διαιρεῖ τήν τε γραμμὴν καὶ τὸ χωρίον Τοῦ δὲ ὁρισμοῦ ῥηθέντος εὐθέως φανερὸν τὸ λεγόμενον τὴν γὰρ αὐτὴν ἀνταναίρεσιν ἔχει τὰ χωρία καὶ αἱ γραμμαί ἔστι δ᾿ ὁρισμὸς τοῦ αὐτοῦ λόγου οὗτος Ἁπλῶς δὲ τὰ πρῶτα τῶν στοιχείων τιθεμένων μὲν τῶν ὁρισμῶν οἷον τί γραμμὴ καὶ τί κύκλος ῥᾷστα δεῖξαι πλὴν οὐ πολλά γε πρὸς ἕκαστον ἔστι τούτων ἐπιχειρεῖν διὰ τὸ μὴ πολλὰ τὰ ἀνὰ μέσον εἶναι ἂν δὲ μὴ τιθῶνται οἱ τῶν ἀρχῶν ὁρισμοί χαλεπόν τάχα δ᾿ ὅλως ἀδύνατον Ὁμοίως δὲ τούτοις καὶ ἐπὶ τῶν κατὰ τοὺς λόγους ἔχει Οὔκουν δεῖ λανθάνειν ὅταν δυσεπιχείρητος ᾖ ἡ θέσις ὅτι πέπονθέ τι τῶν εἰρημένων Ὅταν δ᾿ ᾖ πρὸς τὸ ἀξίωμα καὶ τὴν πρότασιν μεῖζον ἔργον διαλεγῆναι ἢ τὴν θέσιν διαπορήσειεν ἄν τις πότερον θετέον τὰ τοιαῦτα ἢ οὔ Εἰ γὰρ μὴ θήσει ἀλλ᾿ ἀξιώσει καὶ πρὸς τοῦτο διαλέγεσθαι μεῖζον προστάξει τοῦ ἐν ἀρχῇ κειμένου εἰ δὲ θήσει πιστεύσει ἐξ ἧττον πιστῶν Εἰ μὲν οὖν δεῖ μὴ χαλεπώτερον τὸ πρόβλημα ποιεῖν θετέον εἰ δὲ διὰ γνωριμωτέρων συλλογίζεσθαι οὐ θετέον ἢ τῷ μὲν μανθάνοντι οὐ θετέον ἂν μὴ γνωριμώτερον ᾖ τῷ δὲ γυμναζομένῳ θετέον ἂν ἀληθὲς μόνον φαίνηται Ὥστε φανερὸν ὅτι οὐχ ὁμοίως ἐρωτῶντί τε καὶ διδάσκοντι ἀξιωτέον τιθέναι,صعوبة الحجج الجدلية وقد يتهيا في اصول باعيانها ان يءتي بحجج صعبة وان يناقض والاشياء التي هذه حالها هي الاشياء المتقدمة في الطبيعة والاشياء المتاخرة وذلك ان المتقدمة محتاجة الي التحديد فاما المتاخرة فانها تنتج من اشياء كثيرة لمن اراد ان يثبت من الاقاويل علي ترتيب واتصال فان الامر ان لم يكن كذلك ظهر ان الحجج مراءية وذلك انه لا يتهيا لمن لم يبتدء من المبادء الذاتية وينتهي منها علي طريق التتنيج الي الاواخر ان يبرهن علي شء من الاشياء فاما التحديد فان المجيب لا يطلقه ولا ياذن فيه ولا ان فعل الساءل ذلك نصتوا له وقبلوه واذا لم يظهر من الامر الموضوع ما هو لم يسهل ان يءتي بالحجج فيه واكثر ما يعرض ذلك في الاواءل خاصة وذلك ان الاشياء الاواخر انما تبين بها واما تلك فغير ممكن ان تبين لغيرها بل الضرورة تدعو الي ان يعلم كل واحد منها بالتحديد ومما يصعب اختباره ايضا الاشياء القريبة من المبدا وذلك انه لا يتهيا ان نجد في تبيينها اقاويل كثيرة لقلة الاشياء التي بينها وبين المبدا التي بها ضرورة يتبين ما بعدها ومما يصعب اختباره من الحدود ما استعمل فيه ما هذه حاله من الاسماء اما ما كان منها اولا لا يظهر من امره هل هو مما يقال علي الاطلاق او علي جهات كثيرة وكان لا يعلم مع ذلك هل هو مما يقال علي التحقيق او مما اتي به المحدد علي طريق الاستعارة وذاك انها لما كانت غير بينة لم يكن فيها احتجاج ولما كان لا يعلم من امرها هل صارت بهذه الحال لانها تقال علي طريق الاستعارة لم يكن فيها توبيخ وبالجملة فان كل مسءلة يستصعب اختبارها فقد ينبغي ان ينظر من امرها في احدي هذه الجهات اما ان تكون تحتاج الي تحديد او تكون فيما يقال علي انحاء كثيرة او مما يقال علي طريق الاستعارة او تكون غير بعيدة من المبادء ولما كان ذلك غير ظاهر لنا فقد ينبغي اولا ان ننظر من قبل اي نحو من هذه الانحاء التي ذكرت اعترض هذا الشك فانه اذا ظهر لنا ذلك كان ذلك معلوما ان الحاجة تكون اما الي التحديد واما الي التقسيم واما الي ان يءتي بالمقدمة التي في الوسط وذلك ان بهذه الاشياء تتبين الاواخر وفي كثير من الاوضاع اذا لم تكن توفية الحدود خارجة علي الصواب فان المحاورة والاحتجاج يكونان غير سهلين ولا ميسرين بمنزلة قول القاءل اتري للضدضد واحد ام اضداد كثيرة فانه اذا جري تحديد المتضادات علي الصواب سهل علينا ان ننتج هل يمكن ان يكون لشء واحد بعينه اضداد كثيرة ام لا وكذلك يجري الامر في غير هذا من الامور التي تحتاج الي التحديد ويشبه ان يكون قد توجد في التعاليم ايضا اشياء لا يسهل ان ترسم لنقصان التحديد بمنزلة الخط الذي يقسم السطح علي موازاة الضلع في متوازي الاضلاع فانه يقسم الخط الخط والمكان علي مثال واحد واذا ذكر التحديد ظهر علي المكان الامر الموصوف وذلك ان الاماكن والخطوط يرتفع كل واحد منهما بارتفاع صاحبه علي التكافء وهذا التحديد بعينه هو لهذا المعني بعينه وفي الجملة من القول فانه اذا وضعت للاسطقسات الاول الحدود مثل ان يوضع ما هو الخط وما هي الداءرة كان التبيين في غاية السهولة الا انه ليس يتهيا ان ياتي في تبيين كل واحد منهما باشياء كثيرة من قبل ان الوساءط ليست كثيرة وان لم يوضع للمبادء حدود صعب الامر في التبيين ولعل ذلك ان يكون غير ممكن وهذه نفسها حال مافي الاقاويل الجدلية وليس ينبغي ان يذهب عليك متي دار الامر الموضوع مما يتعذر اختباره انه قد شابه شء من الاشياء التي قلت انفا فاما متي كان صرف القول نحو القضية والمقدمة اولي وابلغ من صرفه الي الامر الموضوع فقد يجد الانسان السبيل الي التشكك هل ينبغي ان توضع امثال هذه الاشياء ام لا وذلك انه ان لم يضع لكن اوجب ان يتكلم في هذه الاشياء فقد رام من ذلك ما هو اعظم مما وضع في بدء الامر وان هو وضع وضعا فسيترك امره الي ان يصدق بما يصدق به من اشياء هي اقل صدقا فاما ان كان ينبغي الا يجعل المسءلة مستصعبة جدا فقد يجب ان يوضع وضعا واما ان كان الاولي ان ياتي بالقياس من اشياء هي اعرف فليس ينبغي ان يوضع لكنا نقول ان من كان يقصد للتعلم فليس ينبغي ان يضع اللهم الا ان يكون ما يضعه اشد ظهورا واما من كان قصده للتخرج والارتياض فقد ينبغي ان يضع ما يظهر من امره انه م صد ق فقط فقد بان اذا انه ليس ينبغي ان يكون حال من يسلم او يعلم الايجاب للوضع حالا واحدة,8,3
Πῶς μὲν οὖν ἐρωτηματίζειν καὶ τάττειν δεῖ σχεδὸν ἱκανὰ τὰ εἰρημένα περὶ δ᾿ ἀποκρίσεως πρῶτον μὲν διοριστέον τί ἐστιν ἔργον τοῦ καλῶς ἀποκρινομένου καθάπερ τοῦ καλῶς ἐρωτῶντος Ἔστι δὲ τοῦ μὲν ἐρωτῶντος τὸ οὕτως ἐπαγαγεῖν τὸν λόγον ὥστε ποιῆσαι τὸν ἀποκρινόμενον τὰ ἀδοξότατα λέγειν τῶν διὰ τὴν θέσιν ἀναγκαίων τοῦ δ᾿ ἀποκρινομένου τὸ μὴ δι᾿ αὐτὸν φαίνεσθαι συμβαίνειν τὸ ἀδύνατον ἢ τὸ παράδοξον ἀλλὰ διὰ τὴν θέσιν ἑτέρα γὰρ ἴσως ἁμαρτία τὸ θέσθαι πρῶτον ὃ μὴ δεῖ καὶ τὸ θέμενον μὴ φυλάξαι κατὰ τρόπον,دور الساءل ودور المجيب اما كيف ينبغي ان يكون السءال والترتيب فعسي ان يكون ما قيل في ذلك كافيا فاما القول في الجواب فقد ينبغي ان يلخص ما فعل الحاذق بالجواب كما يلخص فعل الحاذق بالسءال المجيد فيه فاما ما يفعله المجيد للسءال فهو ان يهيء الكلام تهيءة يقود بها المجيب الي القول بالاشياء التي ليست محمودة اصلا من الاشياء التي هي ضرورية للامر الموضوع واما ما يفعله الذي يجيد الجواب فان يكون ما يظهر انه يلزم من المحال والشناعة لم يات من جهته في نفسه وانما من قبل الوضع وذاك ان الخطا في ان يوضع اولا ما لا ينبغي ان يوضع هو غير الخطا في ان يضع واضع شيءا ما ولا يحفظه كما ينبغي,8,4
Ἐπεὶ δ᾿ ἐστὶν ἀδιόριστα τοῖς γυμνασίας καὶ πείρας ἕνεκα τοὺς λόγους ποιουμένοις οὐ γὰρ οἱ αὐτοὶ σκοποὶ τοῖς διδάσκουσιν ἢ μανθάνουσι καὶ τοῖς ἀγωνιζομένοις οὐδὲ τούτοις τε καὶ τοῖς διατρίβουσι μετ᾿ ἀλλήλων σκέψεως χάριν Τῷ μὲν γὰρ μανθάνοντι θετέον ἀεὶ τὰ δοκοῦντα καὶ γὰρ οὐδ᾿ ἐπιχειρεῖ ψεῦδος οὐδεὶς διδάσκειν τῶν δ᾿ ἀγνωνιζομένων τὸν μὲν ἐρωτῶντα φαίνεσθαί τι δεῖ ποιεῖν πάντως τὸν δ᾿ ἀποκρινόμενον μηδὲν φαίνεσθαι πάσχειν Ἐν δὲ ταῖς διαλεκτικαῖς συνόδοις τοῖς μὴ ἀγῶνος χάριν ἀλλὰ πείρας καὶ σκέψεως τοὺς λόγους ποιουμένοις οὐ διήρθρωταί πω τίνος δεῖ στοχάζεσθαι τὸν ἀποκρινόμενον καὶ ὁποῖα διδόναι καὶ ποῖα μὴ πρὸς τὸ καλῶς ἢ μὴ καλῶς φυλάττειν τὴν θέσιν Ἐπεὶ οὖν οὐδὲν ἔχομεν παραδεδομένον ὑπ᾿ ἄλλων αὐτοί τι πειραθῶμεν εἰπεῖν Ἀνάγκη δὴ τὸν ἀποκρινόμενον ὑπέχειν λόγον θέμενον ἤτοι ἔνδοξον ἢ ἄδοξον θέσιν ἢ μηδέτερον καὶ ἤτοι ἁπλῶς ἔνδοξον ἢ ἄδοξον ἢ ὡρισμένως οἷον τῷδί τινι ἢ αὐτῷ ἢ ἄλλῳ Διαφέρει δ᾿ οὐδὲν ὁπωσοῦν ἐνδόξου ἢ ἀδόξου οὔσης ὁ γὰρ αὐτὸς τρόπος ἔσται τοῦ καλῶς ἀποκρίνεσθαι καὶ δοῦναι ἢ μὴ δοῦναι τὸ ἐρωτηθέν Ἀδόξου μὲν οὖν οὔσης τῆς θέσεως ἔνδοξον ἀνάγκη τὸ συμπέρασμα γίνεσθαι ἐνδόξου δ᾿ ἄδοξον τὸ γὰρ ἀντικείμενον ἀεὶ τῇ θέσει ὁ ἐρωτῶν συμπεραίνεται Εἰ δὲ μήτ᾿ ἄδοξον μήτ᾿ ἔνδοξον τὸ κείμενον καὶ τὸ συμπέρασμα ἔσται τοιοῦτον Ἐπεὶ δ᾿ ὁ καλῶς συλλογιζόμενος ἐξ ἐνδοξοτέρων καὶ γνωριμωτέρων τὸ προβληθὲν ἀποδείκνυσι φανερὸν ὡς ἀδόξου μὲν ὄντος ἁπλῶς τοῦ κειμένου οὐ δοτέον τῷ ἀποκρινομένῳ οὔθ᾿ ὃ μὴ δοκεῖ ἁπλῶς οὔθ᾿ ὃ δοκεῖ μὲν ἧττον δὲ τοῦ συμπεράσματος δοκεῖ Ἀδόξου γὰρ οὔσης τῆς θέσεως ἔνδοξον τὸ συμπέρασμα ὥστε δεῖ τὰ λαμβανόμενα ἔνδοξα πάντ᾿ εἶναι καὶ μᾶλλον ἔνδοξα τοῦ προκειμένου εἰ μέλλει διὰ τῶν γνωριμωτέρων τὸ ἧττον γνώριμον περαίνεσθαι Ὥστ᾿ εἴ τι μὴ τοιοῦτόν ἐστι τῶν ἐρωτωμένων οὐ θετέον τῷ ἀποκρινομένῳ Εἰ δ᾿ ἔνδοξος ἁπλῶς ἡ θέσις δῆλον ὅτι τὸ συμπέρασμα ἁπλῶς ἄδοξον Θετέον οὖν τά τε δοκοῦντα πάντα καὶ τῶν μὴ δοκούντων ὅσα ἧττόν ἐστιν ἄδοξα τοῦ συμπεράσματος ἱκανῶς γὰρ ἂν δόξειε διειλέχθαι Ὁμοίως δὲ εἰ μήτ᾿ ἄδοξος μήτ᾿ ἔνδοξός ἐστιν ἡ θέσις καὶ γὰρ οὕτως τά τε φαινόμενα ἅπαντα δοτέον καὶ τῶν μὴ δοκούντων ὅσα μᾶλλον ἔνδοξα τοῦ συμπεράσματος οὕτω γὰρ ἐνδοξοτέρους συμβήσεται τοὺς λόγους γίνεσθαι Εἰ μὲν οὖν ἁπλῶς ἔνδοξον ἢ ἄδοξον τὸ κείμενον πρὸς τὰ δοκοῦντα ἁπλῶς τὴν σύγκρισιν ποιητέον εἰ δὲ μὴ ἁπλῶς ἔνδοξον ἢ ἄδοξον τὸ κείμενον ἀλλὰ τῷ ἀποκρινομένῳ πρὸς αὐτὸν τὸ δοκοῦν καὶ μὴ δοκοῦν κρίνοντα θετέον ἢ οὐ θετέον Ἂν δ᾿ ἑτέρου δόξαν διαφυλάττῃ ὁ ἀποκρινόμενος δῆλον ὅτι πρὸς τὴν ἐκείνου διάνοιαν ἀποβλέποντα θετέον ἕκαστα καὶ ἀρνητέον Διὸ καὶ οἱ κομίζοντες ἀλλοτρίας δόξας οἷον ἀγαθὸν καὶ κακὸν εἶναι ταὐτόν καθάπερ Ἡράκλειτός φησιν οὐ διδόασι μὴ παρεῖναι ἅμα τῷ αὐτῷ τἀναντία οὐχ ὡς οὐ δοκοῦν αὐτοῖς τοῦτο ἀλλ᾿ ὅτι καθ᾿ Ἡράκλειτον οὕτω λεκτέον Ποιοῦσι δὲ τοῦτο καὶ οἱ παρ᾿ ἀλλήλων δεχόμενοι τὰς θέσεις στοχάζονται γὰρ ὡς ἂν εἴπειεν ὁ θέμενος,نظرية جديدة في الارتياض الجدلي دور المجيب ولما كان ذاك عند الذين يريغون القول نحو التخرج والارتياض غير مميز ولا محصل وذلك ان اغراض الذين يعلمون ويتعلمون والذين يقصدون للمحاورة والذين يصرفون النظر والفكر بعضهم مع بعض علي طريق الفحص لما كانت ليست واحدة باعيانها لان الذي يتعلم قد ينبغي ان يضع الاشياء التي يظهر من امرها انها مقبولة اذ ليس احد من الناس يقصد لتعليم الكذب واما من كان شانه المحاورة فان الساءل من جماعتهم قد ينبغي ان يظهر من امره انه يفعل شيءا والمجيب قد ينبغي ان يظهر من امره انه لم ينفعل شيءا واما في المفاوضات الجدلية التي ليست علي طريق المجاهدة وانما يقصد بها اختبار المعاني والفحص عنها ولم يلخص بعد فيعلم ما ينبغي للمجيب ان يقصد نحوه وما يجب ان يسلمه من الامور او يمنعه ليكون حافظا للاصل الموضوع وكان ليس عندنا في ذلك شء استفدناه من غيرنا وجب ان نتكلف القول فيه فنقول انه قد يضطر المجيب الي ان يقبل من الاوضاع اما ما هو مشهور او غير مشهور وما كان محمودا بمنزلة قولنا لهذا المشار اليه اوله في ذاته او لغيره فانه علي اي الجهات كان مشهورا فلا فرق في ذلك لان المذهب في جودة الجواب وان يعطي ما سءل عنه او يمنعه هو مذهب واحد بعينه واذا كان الوضع غير مشهور فقد يجب ضرورة ان تكون النتيجة غير مشهورة لان الساءل انما ينتج داءما ما هو مقابل للوضع ومتي كان الامر الموضوع لا مشهورا او لا غير مشهور فان حال النتيجة ايضا يكون كذلك ولما كان الذي يجيد القياس انما يبين الامر المطلوب من مقدمات هي اعرف واشهر فمن البين انه اذا لم يكن الموضوع مشهورا علي الاطلاق فليس ينبغي للمجيب ان يعطي لا ما هو مشهور علي الاطلاق ولا ما هو مشهور وان كان دون النتيجة في ذلك فانه اذا كان الوضع غير مشهور فان النتيجة تكون مشهورة ولذلك قد ينبغي ان تكون الاشياء التي تقتضب بامرها مشهورة وتكون اكثر شهرة من الموضوع ان كان القصد ان ينتج من اشياء هي اعرف مما دونها في العرفان فيجب اذن متي كان شء من الاشياء التي وقعت عليها المصادرة ليست هذه حالها الا يضعه المجيب وان كان الوضع مشهورا علي الاطلاق فظاهر ان النتيجة تكون غير مشهورة فينبغي ان نعطي جميع الاشياء المشهورة ونعطي مما ليس مشهورا ما كان دون النتيجة في ذلك وقد يظهر من امر الفاعل لذلك انه قد وفي الجدل حقه وكذلك ايضا ان لم يكن الوضع مشهورا ولا غير مشهور فانه يجب ايضا علي هذا الوجه ان نعطي جميع الاشياء المشهورة ونعطي مما ليس مشهورا جميع الاشياء التي هي في الشهرة اكثر من النتيجة فانه يلزم علي هذا الوجه ان تكون الاقاويل اشهر فاما ان كان الموضوع مشهورا علي الاطلاق او غير مشهور فقد ينبغي ان نجعل الجواب بحسب الاشياء المشهورة علي الاطلاق واما ان لم يكن الموضوع مشهورا علي الاطلاق او غير مشهور بل انما هو كذلك عند المجيب فقد ينبغي ان يكون ما يوضع اولا يوضع بحسب ما يراه ويعتقده في الامر المشهور وان كان المجيب انما يعتقد في ذلك راي غيره فمن البين انه ينبغي ان يكون وضعه لجميع ما يضعه او نفيه لما ينفيه بحسب ما يعتقده من ذلك الراي ولذلك صار الذين يعتقدون الاراء البديعة بمنزلة راي ايرقليطس في ان الشر والخير هما شء واحد بعينه لا يسلمون ان الاضداد لا تجتمع في شء بعينه ليس علي انهم لا يرون ذلك ولكن لان ايرقليطس كان يراه كانوا يقولون به وقد يفعل ايضا مثل ذلك القوم الذين يقبلون الاوضاع من غيرهم وذلك انهم يرومون ان يقولوا مثل ما يقول الواضع,8,5
Φανερὸν οὖν τίνων στοχαστέον τῷ ἀποκρινομένῳ εἴτε ἁπλῶς ἔνδοξον εἴτε τινὶ τὸ κείμενόν ἐστιν Ἐπεὶ δ᾿ ἀνάγκη πᾶν τὸ ἐρωτώμενον ἢ ἔνδοξον εἶναι ἢ ἄδοξον ἢ μηδέτερον καὶ ἢ πρὸς τὸν λόγον ἢ μὴ πρὸς τὸν λόγον εἶναι τὸ ἐρωτώμενον ἐὰν μὲν ᾖ δοκοῦν καὶ μὴ πρὸς τὸν λόγον δοτέον φήσαντα δοκεῖν ἐὰν δὲ μὴ δοκοῦν καὶ μὴ πρὸς τὸν λόγον δοτέον μέν ἐπισημαντέον δὲ τὸ μὴ δοκοῦν πρὸς εὐλάβειαν εὐηθείας Ὄντος δὲ πρὸς τὸν λόγον καὶ δοκοῦντος λεκτέον ὅτι δοκεῖ μέν ἀλλὰ λίαν σύνεγγυς τοῦ ἐν ἀρχῇ ἐστὶ καὶ ἀναιρεῖται τούτου τεθέντος τὸ κείμενον Εἰ δὲ πρὸς τὸν λόγον λίαν δ᾿ ἄδοξον τὸ ἀξίωμα συμβαίνειν μὲν φατέον τούτου τεθέντος ἀλλὰ λίαν εὔηθες εἶναι τὸ προτεινόμενον Εἰ δὲ μήτ᾿ ἄδοξον μήτ᾿ ἔνδοξον εἰ μὲν μηδὲν πρὸς τὸν λόγον δοτέον μηδὲν διορίσαντι εἰ δὲ πρὸς τὸν λόγον ἐπισημαντέον ὅτι ἀναιρεῖται τεθέντος τὸ ἐν ἀρχῇ Οὕτω γὰρ ὅ τ᾿ ἀποκρινόμενος οὐδὲν δόξει δι᾿ αὑτὸν πάσχειν ἐὰν προορῶν ἕκαστα τιθῇ ὅ τ᾿ ἐρωτῶν τεύξεται συλλογισμοῦ τιθεμένων αὐτῷ πάντων τῶν ἐνδοξοτέρων τοῦ συμπεράσματος Ὅσοι δ᾿ ἐξ ἀδοξοτέρων τοῦ συμπεράσματος ἐπιχειροῦσι συλλογίζεσθαι δῆλον ὡς οὐ καλῶς συλλογίζονται διὸ τοῖς ἐρωτῶσιν οὐ θετέον,دور المجيب يتوقف علي طريقة السءال فقد ظهر ما الاشياء التي ينبغي للمجيب ان يقصد قصدها سواء كان الموضوع مشهورا علي الاطلاق او كان مشهورا عند بعض الناس ولما كان كل ما يسال عنه ضرورة اما ان يكون مشهورا او غير مشهور اولا واحد منهما او مما ينتفع به في القول او مما لا ينتفع به فانه ان كان مشهورا وليس مما ينتقع به في القول فقد ينبغي لك ان تعطيه وتعترف انه مشهور وان كان غير مشهور ولا مما ينتفع به في القول فقد ينبغي ان تعطيه بعد ان تنبه علي انه غير مشهور لتحترص بذلك مما يسبق الي الظن السارح وان كان مما ينتفع به في القول وكان ذلك مشهورا فقد ينبغي ان نقول انه مشهور الا انه في غاية القرب من الامر المطلوب في البدء وانه اذا وضع ارتفع الامر الموضوع وان كان مما ينتفع به في القول وكانت القضية في غاية البعد من الشهرة فقد ينبغي ان يترك انه متي وضع لزمت عنه النتيجة الا ان الحجة التي اتي بها في غاية الخساسة وان لم تكن غير مشهورة ولا هي ايضا مشهورة وكانت مع ذلك مما لا ينتفع به في القول البتة فقد ينبغي ان تعطيها من غير ان نلخص شيءا وان كانت مما ينتفع به في القول فقد ينبغي ان ينبه علي ان الوضع يرتفع اذا وضع المطلوب الاول وبهذا الوحه يكون المجيب في الحال من لا يتوهم عليه انه قد لزمه شء هو كان سكته متي كان وضعه لواحد واحد من الاشياء التي يضعها بعد تقديمه النظر فيه والتامل له ويكون الساءل قد استتب له القياس اذ كان جميع الاشياء الموضوعة له اكبر في الشهرة من النتيجة واما الذين يرومون ان يءلقوا القياس من اشياء هي اقل في الشهرة من النتيجة فمعلوم من امرهم انهم غير مصيبين في تاليف القياس ومن كانت حاله فيما يسال عنه هذه الحال فليس ينبغي له ان يوضع,8,6
Ὁμοίως δὲ καὶ ἐπὶ τῶν ἀσαφῶς καὶ πλεοναχῶς λεγομένων ἀπαντητέον Ἐπεὶ γὰρ δέδοται τῷ ἀποκρινομένῳ μὴ μανθάνοντι εἰπεῖν ὅτι οὐ μανθάνω καὶ πλεοναχῶς λεγομένου μὴ ἐξ ἀνάγκης ὁμολογῆσαι ἢ ἀρνήσασθαι δῆλον ὡς πρῶτον μέν ἂν μὴ σαφὲς ᾖ τὸ ῥηθέν οὐκ ἀποκνητέον τὸ φάναι μὴ συνιέναι πολλάκις γὰρ ἐκ τοῦ μὴ σαφῶς ἐρωτηθέντας διδόναι ἀπαντᾷ τι δυσχερές Ἂν δὲ γνώριμον μὲν ᾖ πλεοναχῶς δὲ λεγόμενον ἐὰν μὲν ἐπὶ πάντων ἀληθὲς ἢ ψεῦδος ᾖ τὸ λεγόμενον δοτέον ἁπλῶς ἢ ἀρνητέον ἐὰν δ᾿ ἐπὶ τὶ μὲν ψεῦδος ᾖ ἐπὶ τὶ δ᾿ ἀληθές ἐπισημαντέον ὅτι πλεοναχῶς λέγεται καὶ διότι τὸ μὲν ψεῦδος τὸ δ᾿ ἀληθές ὕστερον γὰρ διαιρουμένου ἄδηλον εἰ καὶ ἐν ἀρχῇ συνεώρα τὸ ἀμφίβολον Ἐὰν δὲ μὴ προΐδῃ τὸ ἀμφίβολον ἀλλ᾿ εἰς θάτερον βλέψας θῇ ῥητέον πρὸς τὸν ἐπὶ θάτερον ἄγοντα ὅτι οὐκ εἰς τοῦτο βλέπων ἔδωκα ἀλλ᾿ εἰς θάτερον αὐτῶν Πλειόνων γὰρ ὄντων τῶν ὑπὸ ταὐτὸν ὄνομα ἢ λόγον ῥᾳδία ἡ ἀμφισβήτησις Ἐὰν δὲ καὶ σαφὲς ᾖ καὶ ἁπλοῦν τὸ ἐρωτώμενον ἢ ναί ἢ οὔ ἀποκριτέον,طريقة السءال وكذلك فقد ينبغي له ان يعاند ويقاوم بالاشياء التي ليست واضحة وهي مع ذلك تقال علي انحاء كثيرة ولما كان مطلقا للمجيب ان يقول فيما لا يعلمه انه لا يعلمه وفيما يقال علي وجوه شتي الا يعترف به ضرورة او يجحده فمن البين انه ان كان اولا الشء الذي قيل واضح فقد ينبغي له الا يتثاقل عن ان يقول اني لا افهم وذاك ان تكلف مناقضة ما يرد عليه احيانا من المساءل الغامضة بسبب غموضها من الامور المستصعبة وان كان واضحا الا انه مما يقال علي انحاء شتي فانه ان كان في جميع الاحوال صادقا او كاذبا فقد ينبغي اما ان يقر به علي الاطلاق او يجحده فان كان كاذبا في حال وصادقا في اخري فقد ينبغي ان ينبه علي انه مما يقال علي انحاء كثيرة وان كان هذا النحو منها كاذبا وهذا صادقا وذلك انه ان قسمه باخرة لم يعلم انه قد كان منذ اول الامر يعلم ان الشء يميل الي الجهتين وان كان لم يتقدم له العلم الي الجهتين فقد يجب عليه ان يعرف المضطر له الي ذلك انه لم يعط ما اعطاه وهو يقصد هذا الوجه بعينه وانما اعطاه وهو يريد الوجه الاخر وذلك انه اذا كانت المعاني التي تحت الاسم الواحد بعينه او القول كثيرة كان التشكك سهلا وان كان ما يسال عنه واضحا وكان ايضا مما يقال علي الاطلاق فقد ينبغي ان يكون الجواب عنه اما نعم او لا,8,7
Ἐπεὶ δὲ πᾶσα πρότασις συλλογιστικὴ ἢ τούτων τίς ἐστιν ἐξ ὧν ὁ συλλογισμὸς ἤ τινος τούτων ἕνεκα δῆλον δ᾿ ὅταν ἑτέρου χάριν λαμβάνηται τῷ πλείω τὰ ὅμοια ἐρωτᾶν ἢ γὰρ δι᾿ ἐπαγωγῆς ἢ δι᾿ ὁμοιότητος ὡς ἐπὶ τὸ πολὺ τὸ καθόλου λαμβάνουσιν τὰ μὲν οὖν καθ᾿ ἕκαστα πάντα θετέον ἂν ᾖ ἀληθῆ καὶ ἔνδοξα πρὸς δὲ τὸ καθόλου πειρατέον ἔνστασιν φέρειν τὸ γὰρ ἄνευ ἐνστάσεως ἢ οὔσης ἢ δοκούσης κωλύειν τὸν λόγον δυσκολαίνειν ἐστίν Εἰ οὖν ἐπὶ πολλῶν φαινομένων μὴ δίδωσι τὸ καθόλου μὴ ἔχων ἔνστασιν φανερὸν ὅτι δυσκολαίνει Ἔτι εἰ μηδ᾿ ἀντεπιχειρεῖν ἔχει ὅτι οὐκ ἀληθές πολλῷ μᾶλλον ἂν δόξειε δυσκολαίνειν Καίτοι οὐδὲ τοῦθ᾿ ἱκανόν πολλοὺς γὰρ λόγους ἔχομεν ἐναντίους ταῖς δόξαις οὓς χαλεπὸν λύειν καθάπερ Ζήνωνος ὅτι οὐκ ἐνδέχεται κινεῖσθαι οὐδὲ τὸ στάδιον διελθεῖν ἀλλ᾿ οὐ διὰ τοῦτο τἀντικείμενα τούτοις οὐ θετέον Εἰ οὖν μήτ᾿ ἐνίστασθαι μήτ᾿ ἀντεπιχειρεῖν ἔχων μὴ τίθησι δῆλον ὅτι δυσκολαίνει ἔστι γὰρ ἡ ἐν λόγοις δυσκολία ἀπόκρισις παρὰ τοὺς εἰρημένους τρόπους συλλογισμοῦ φθαρτική,من الجواب الي الاستقراء ولما كان كل مقدمة قياسية فاما ان تكون واحدة من المقدمات التي يكون عنها القياس او تكون من المقدمات التي تستعمل في تبيين واحدة منها كان بينا انها اذا اخذت من اجل مقدمة ما اخري لان السءال وقع عن اشياء متشابهة في غاية الكثرة وذاك ان الكلي انما يتصيدونه علي اكثر الامر اما بالاستقراء واما بطريق التشبيه فقد ينبغي ان نضع جميع الجزءيات ان كانت صادقة مشهورة ونتكلف رد الامر الكلي فان ملقي القول بالرد من غير مناقضة اما موجودة واما مظنونة هو ضرب من التعسف فانه ان كان المعني ظاهرا في اشياء كثيرة ولم يسلم الكلي ظهر من امره انه يمحك وايضا فان لم يجد مساغا الي ان يخالف وياتي بالحجة علي طريق المناقضة في ان ذلك ليس بحق توهم عليه انه اشد مما حكة وعلي ان ما يفعله من ذلك ايضا غير كاف وذاك انا قد نجد اقاويل كثيرة تضاد الاراء العامية يصعب حلها بمنزلة قول زينن انه لا يمكن ان يتحرك ولا ان يقطع ايضا مسافة مقدارها اسطاديون الا انه ليس يجب لذلك الا نضع الاشياء المقابلة له فان كان لا لم يتهيا له ان يخالف وياتي بحجة هي ضد حجة الخصم ولا ان يعانده و لا ينقاد للوضع فقد بان من امره انه محك والمحك في الاقاويل هو جواب مفسد للقياس من خارج عن الانحاء التي قيلت انفا,8,8
Ὑπέχειν δὲ καὶ θέσιν καὶ ὁρισμὸν αὐτὸν αὑτῷ δεῖ προεγχειρήσαντα ἐξ ὧν γὰρ ἀναιροῦσιν οἱ πυνθανόμενοι τὸ κείμενον δῆλον ὅτι τούτοις ἐναντιωτέον Ἄδοξον δ᾿ ὑπόθεσιν εὐλαβητέον ὑπέχειν Εἴη δ᾿ ἂν ἄδοξος διχως καὶ γὰρ ἐξ ἧς ἄτοπα συμβαίνει λέγειν οἷον εἰ πάντα φαίη τις κινεῖσθαι ἢ μηδέν καὶ ὅσα χείρονος ἤθους ἑλέσθαι καὶ ὑπεναντία ταῖς βουλήσεσιν οἷον ὅτι ἡδονὴ τἀγαθὸν καὶ τὸ ἀδικεῖν βέλτιον τοῦ ἀδικεῖσθαι Οὐ γὰρ ὡς λόγου χάριν ὑπέχοντα ἀλλ᾿ ὡς τὰ δοκοῦντα λέγοντα μισοῦσιν,الارتياض والموضوعات غير المشهورة وقد ينبغي ان تقبل من الاوضاع والتحديدات ما قد تقدمت من اولك اياه وارتياضك فيه ومن البين ان الاشياء التي يبطل بها اصحاب السءال الامر الموضوع هي التي ينبغي ان تعاند وقد يجب ان يتحفظ من قبول اصل موضوع غير مشهور علي ضربين اما احدهما فما يلزم عنه القول باشياء شنعة بمنزلة قول القاءل ان كل شء يتحرك والاخر اختيار الاشياء التي من شان العادة الرذلة ان تختارها وهي مضادة للاعتقادات بمنزلة قولنا ان اللذة خير وان يجور الانسان افضل من ان يجار عليه وذلك انه ليس انما يشنا القاءل بهذه الاشياء من اجل ان القول قاده اليها لكن من قبل انه يراها ويعتقدها,8,9
Ὅσοι δὲ τῶν λόγων ψεῦδος συλλογίζονται λυτέον ἀναιροῦντα παρ᾿ ὃ γίνεται τὸ ψεῦδος Οὐ γὰρ ὁτιοῦν ἀνελὼν λέλυκεν οὐδ᾿ εἰ ψεῦδός ἐστι τὸ ἀναιρούμενον Ἔχοι γὰρ ἂν πλείω ψεύδη ὁ λόγος οἷον ἐάν τις λάβῃ τὸν καθήμενον γράφειν Σωκράτη δὲ καθῆσθαι συμβαίνει γὰρ ἐκ τούτων Σωκράτη γράφειν Ἀναιρεθέντος οὖν τοῦ Σωκράτη καθῆσθαι οὐδὲν μᾶλλον λέλυται ὁ λόγος καίτοι ψεῦδος τὸ ἀξίωμα Ἀλλ᾿ οὐ παρὰ τοῦτο ὁ λόγος ψευδής ἂν γάρ τις τύχῃ καθήμενος μὲν μὴ γράφων δέ οὐκέτι ἐπὶ τοῦ τοιούτου ἡ αὐτὴ λύσις ἁρμόσει Ὥστε οὐ τοῦτο ἀναιρετέον ἀλλὰ τὸ τὸν καθήμενον γράφειν οὐ γὰρ πᾶς ὁ καθήμενος γράφει Λέλυκε μὲν οὖν πάντως ὁ ἀνελὼν παρ᾿ ὃ γίνεται τὸ ψεῦδος οἶδε δὲ τὴν λύσιν ὁ εἰδὼς ὅτι παρὰ τοῦτο ὁ λόγος καθάπερ ἐπὶ τῶν ψευδογραφουμένων οὐ γὰρ ἀπόχρη τὸ ἐνστῆναι οὐδ᾿ ἂν ψεῦδος ᾖ τὸ ἀναιρούμενον ἀλλὰ καὶ διότι ψεῦδος ἀποδεικτέον οὕτω γὰρ ἂν εἴη φανερὸν πότερον προορῶν τι ἢ οὔ ποιεῖται τὴν ἔνστασιν Ἔστι δὲ λόγον κωλῦσαι συμπεράνασθαι τετραχῶς Ἢ γὰρ ἀνελόντα παρ᾿ ὃ γίνεται τὸ ψεῦδος ἢ πρὸς τὸν ἐρωτῶντα ἔνστασιν εἰπόντα πολλάκις γὰρ οὐδὲ λέλυκεν ὁ μέντοι πυνθανόμενος οὐ δύναται πορρωτέρω προαγαγεῖν Τρίτον δὲ πρὸς τὰ ἠρωτημένα συμβαίη γὰρ ἂν ἐκ μὲν τῶν ἠρωτημένων μὴ γίνεσθαι ὃ βούλεται διὰ τὸ κακῶς ἠρωτῆσθαι προστεθέντος δέ τινος γίνεσθαι τὸ συμπέρασμα Εἰ μὲν οὖν μηκέτι δύναται προάγειν ὁ ἐρωτῶν πρὸς τὸν ἐρωτῶντα εἴη ἂν ἔνστασις εἰ δὲ δύναται πρὸς τὰ ἠρωτημένα Τετάρτη δὲ καὶ χειρίστη τῶν ἐνστάσεων ἡ πρὸς τὸν χρόνον ἔνιοι γὰρ τοιαῦτα ἐνίστανται πρὸς ἃ διαλεχθῆναι πλείονός ἐστι χρόνου ἢ τῆς παρούσης διατριβῆς Αἱ μὲν οὖν ἐνστάσεις καθάπερ εἴπαμεν τετραχῶς γίνονται λύσις δ᾿ ἐστὶ τῶν εἰρημένων ἡ πρώτη μόνον αἱ δὲ λοιπαὶ κωλύσεις τινὲς καὶ ἐμποδισμοὶ τῶν συμπερασμάτων,حل الحجج الفاسدة وما كان من الاقاويل منتجا للكذب فقد ينبغي ان ننقضه بابطال ما عنه ينتج الكذب وذلك انه ليس بابطالك اي شء اتفق تكون قد نقضت ما يجب نقضه ولا ان كان مما تبطله كذبا لانه قد يمكن ان يكون في القول اشياء كثيرة كاذبة مثال ذلك ان يقول قاءل ان الجالس يكتب وسقراط جالس فانه يلزم من هذا ان سقراط يكتب واذا رفع ان سقراط جالس لم ينتفع بذلك في نقض القول وان كانت القضية كاذبة الا انه ليس من اجل ذلك جاء الكذب في القول فانه ان اتفق لانسان ما ان يكون جالسا الا انه لا يكتب لم يكن هذا الحد بعينه ملاءما في هذا الوضع فليس يجب اذن ان نقصد لابطال هذا لكن لابطال القول بان الجالس يكتب لانه ليس كل جالس يكتب وذلك ان الناقض لا محالة انما هو المبطل للشء الذي عنه لزم الكذب والعالم بالنقض هو الذي معه خبرة بالشء الذي من اجله كذب القول كالاشياء التي ترسم علي خلاف ما ينبغي وذلك انه ليس يكتفي فيها ان يناقض ولا ان يكون الشء الذي يبطل ايضا كاذبا بل قد ينبغي ان يبين مع ذلك ما سبب كذبه ان كان بهذا النحو يتبين هل اتي بالمعاندة بعد التامل وتقدمة النظر ام لا وقد يتهيا ان يمنع من التنتيج من وجوه اربعة اما بان يبطل ذلك الشء الذي عنه يحدث الكذب واما بان يقصد لمقاومة الساءل فانك وان لم تات في كثير من الاوقت في النقض بطاءل الا ان الساءل لا يمكنه الامعان في القول والاتساع فيه والثالث ان يوجه المقاومة نحو الامر الذي كان السءال عنه وذلك انه قد يعرض الا يحصل له ما يريده من الاشياء المسءول عنها لان السءال عنها جري علي غير صواب ومتي زيد ادني زيادة حدثت النتيجة فان كان الساءل غير ممكن له الامعان الي ما بين يديه فالمناقضة يجب ان تكون موجهة نحوه وان كان الامعان ممكنا له فالمعاندة تكون نحو الاشياء المسءول عنها والنحو الرابع من المناقضة وهو اخس الانحاء وادونها هو الذي يكون نحو الزما وذلك ان بعض الناس الذين يعاندون بامثال هذه الاشياء التي تجري المحاورة فيها قد يحتاجون في ذلك الي زمان اطول من زمان المفاوضة الحاضرة فالمعاندات تكون كما قلنا علي اربعة انحاء والحل انما يكون بالنحو الاول فقط واما الانحاء الباقية فانما هي موانع وعواءق عن النتاءج,8,10
Ἐπιτίμησις δὲ λόγου κατ᾿ αὐτόν τε τὸν λόγον καὶ ὅταν ἐρωτᾶται οὐχ ἡ αὐτή πολλάκις γὰρ τοῦ μὴ καλῶς διειλέχθαι τὸν λόγον ὁ ἐρωτώμενος αἴτιος διὰ τὸ μὴ συγχωρεῖν ἐξ ὧν ἦν διαλεχθῆναι καλῶς πρὸς τὴν θέσιν οὐ γὰρ ἔστιν ἐπὶ θατέρῳ μόνον τὸ καλῶς ἐπιτελεσθῆναι τὸ κοινὸν ἔργον Ἀναγκαῖον οὖν ἐνίοτε πρὸς τὸν λέγοντα καὶ μὴ πρὸς τὴν θέσιν ἐπιχειρεῖν ὅταν ὁ ἀποκρινόμενος τἀναντία τῷ ἐρωτῶντι παρατηρῇ προσεπηρεάζων Δυσκολαίνοντες οὖν ἀγωνιστικὰς καὶ οὐ διαλεκτικὰς ποιοῦνται τὰς διατριβάς Ἔτι δ᾿ ἐπεὶ γυμνασίας καὶ πείρας χάριν ἀλλ᾿ οὐ διδασκαλίας οἱ τοιοῦτοι τῶν λόγων δῆλον ὡς οὐ μόνον τἀληθῆ συλλογιστέον ἀλλὰ καὶ ψεῦδος οὐδὲ δι᾿ ἀληθῶν ἀεὶ ἀλλ᾿ ἐνίοτε καὶ ψευδῶν Πολλάκις γὰρ ἀληθοῦς τεθέντος ἀναιρεῖν ἀνάγκη τὸν διαλεγόμενον ὥστε προτατέον τὰ ψευδῆ Ἐνίοτε δὲ καὶ ψεύδους τεθέντος ἀναιρετέον διὰ ψευδῶν οὐδὲν γὰρ κωλύει τινὶ δοκεῖν τὰ μὴ ὄντα μᾶλλον τῶν ἀληθῶν ὥστ᾿ ἐκ τῶν ἐκείνῳ δοκούντων τοῦ λόγου γινομένου μᾶλλον ἔσται πεπεισμένος ἢ ὠφελημένος Δεῖ δὲ τὸν καλῶς μεταβιβάζοντα διαλεκτικῶς καὶ μὴ ἐριστικῶς μεταβιβάζειν καθάπερ τὸν γεωμέτρην γεωμετρικῶς ἄν τε ψεῦδος ἄν τ᾿ ἀληθὲς ᾖ τὸ συμπεραινόμενον ποῖοι δὲ διαλεκτικοὶ συλλογισμοί πρότερον εἴρηται Ἐπεὶ δὲ φαῦλος κοινωνὸς ὁ ἐμποδίζων τὸ κοινὸν ἔργον δῆλον ὅτι καὶ ἐν λόγῳ Κοινὸν γάρ τι καὶ ἐν τούτοις προκείμενόν ἐστι πλὴν τῶν ἀγωνιζομένων Τούτοις δ᾿ οὐκ ἔστιν ἀμφοτέροις τυχεῖν τοῦ αὐτοῦ τέλους πλείους γὰρ ἑνὸς ἀδύνατον νικᾶν Διαφέρει δ᾿ οὐδὲν ἄν τε διὰ τοῦ ἀποκρίνεσθαι ἄν τε διὰ τοῦ ἐρωτᾶν ποιῇ τοῦτο ὅ τε γὰρ ἐριστικῶς ἐρωτῶν φαύλως διαλέγεται ὅ τ᾿ ἐν τῷ ἀποκρίνεσθαι μὴ διδοὺς τὸ φαινόμενον μηδ᾿ ἐκδεχόμενος ὅ τί ποτε βούλεται ὁ ἐρωτῶν πυθέσθαι Δῆλον οὖν ἐκ τῶν εἰρημένων ὅτι οὑχ ὁμοίως ἐπιτιμητέον καθ᾿ αὑτόν τε τῷ λόγῳ καὶ τῷ ἐρωτῶντι οὐδὲν γὰρ κωλύει τὸν μὲν λόγον φαῦλον εἶναι τὸν δ᾿ ἐρωτῶντα ὡς ἐνδέχεται βέλτιστα πρὸς τὸν ἀποκρινόμενον διειλέχθαι Πρὸς γὰρ τοὺς δυσκολαίνοντας οὐ δυνατὸν ἴσως εὐθὺς οἵους τις βούλεται ἀλλ᾿ οἵους ἐνδέχεται ποιεῖσθαι τοὺς συλλογισμούς Ἐπεὶ δ᾿ ἐστὶν ἀδιόριστον πότε τἀναντία καὶ πότε τὰ ἐν ἀρχῇ λαμβάνουσιν οἱ ἄνθρωποι πολλάκις γὰρ καθ᾿ αὑτοὺς λέγοντες τὰ ἐναντία λέγουσι καὶ ἀνανεύσαντες πρότερον διδόασιν ὕστερον διόπερ ἐρωτώμενοι τἀναντία καὶ τὸ ἐν ἀρχῇ πολλάκις ὑπακούουσιν ἀνάγκη φαύλους γίνεσθαι τοὺς λόγους Αἴτιος δ᾿ ὁ ἀποκρινόμενος τὰ μὲν οὐ διδούς τὰ δὲ τοιαῦτα διδούς Φανερὸν οὖν ὡς οὐχ ὁμοίως ἐπιτιμητέον τοῖς ἐρωτῶσι καὶ τοῖς λόγοις Καθ᾿ αὑτὸν δὲ τῷ λόγῳ πέντ᾿ εἰσὶν ἐπιτιμήσεις πρώτη μὲν ὅταν ἐκ τῶν ἐρωτωμένων μὴ συμπεραίνηται μήτε τὸ προτεθὲν μήτε ὅλως μηδὲν ὄντων ψευδῶν ἢ ἀδόξων ἢ ἁπάντων ἢ τῶν πλείστων ἐν οἷς τὸ συμπέρασμα καὶ μήτ᾿ ἀφαιρεθέντων τινῶν μήτε προστεθέντων μηδὲ τῶν μὲν ἀφαιρεθέντων τῶν δὲ προστεθέντων γίνηται τὸ συμπέρασμα Δευτέρα δὲ εἰ πρὸς τὴν θέσιν μὴ γίνοιτο ὁ συλλογισμὸς ἐκ τοιούτων τε καὶ οὕτως ὡς εἴρηται πρότερον Τρίτη δ᾿ εἰ προστεθέντων τινῶν γίνοιτο συλλογισμός ταῦτα δ᾿ εἴη χείρω τῶν ἐρωτηθέντων καὶ ἧττον ἔνδοξα τοῦ συμπεράσματος Πάλιν εἰ ἀφαιρεθέντων τινῶν ἐνίοτε γὰρ πλείω λαμβάνουσι τῶν ἀναγκαίων ὥστε οὐ τῷ ταῦτ᾿ εἶναι γίνεται ὁ συλλογισμός Ἔτι εἰ ἐξ ἀδοξοτέρων καὶ ἧττον πιστῶν τοῦ συμπεράσματος ἢ εἰ ἐξ ἀληθῶν ἀλλὰ πλείονος ἔργου δεομένων ἀποδεῖξαι τοῦ προβλήματος Οὐ δεῖ δὲ πάντων τῶν προβλημάτων ὁμοίως ἀξιοῦν τοὺς συλλογισμοὺς ἐνδόξους εἶναι καὶ πιθανούς φύσει γὰρ εὐθὺς ὑπάρχει τὰ μὲν ῥᾴω τὰ δὲ χαλεπώτερα τῶν ζητουμένων ὥστε ἂν ἐξ ὧν ἐνδέχεται μάλιστα ἐνδόξων συμβιβάσῃ διείλεκται καλῶς Φανερὸν οὖν ὅτι οὐδὲ λόγῳ ἡ αὐτὴ ἐπιτίμησις πρός τε τὸ προβληθὲν καὶ καθ᾿ αὑτόν Οὐδὲν γὰρ κωλύει καθ᾿ αὑτὸν μὲν εἶναι τὸν λόγον ψεκτόν πρὸς δὲ τὸ πρόβλημα ἐπαινετόν καὶ πάλιν ἀντεστραμμένως καθ᾿ αὑτὸν μὲν ἐπαινετόν πρὸς δὲ τὸ πρόβλημα ψεκτόν ὅταν ἐκ πολλῶν ᾖ ῥᾴδιον ἐνδόξων συμπεράνασθαι καὶ ἀληθῶν Εἴη δ᾿ ἄν ποτε λόγος καὶ συμπεπερασμένος μὴ συμπεπερασμένου χείρων ὅταν ὁ μὲν ἐξ εὐηθῶν συμπεραίνηται μὴ τοιούτου τοῦ προβλήματος ὄντος ὁ δὲ προσδέηται τοιούτων ἅ ἐστιν ἔνδοξα καὶ ἀληθῆ καὶ μὴ ἐν τοῖς προσλαμβανομένοις ᾖ ὁ λόγος Τοῖς δὲ διὰ ψευδῶν ἀληθὲς συμπεραινομένοις οὐ δίκαιον ἐπιτιμᾶν ψεῦδος μὲν γὰρ ἀεὶ ἀνάγκη διὰ ψεύδους συλλογίζεσθαι τὸ δ᾿ ἀληθὲς ἔστι καὶ διὰ ψευδῶν ποτὲ συλλογίζεσθαι Φανερὸν δ᾿ ἐκ τῶν ἀναλυτικῶν Ὅταν δ᾿ ἀπόδειξις ᾖ τινὸς ὁ εἰρημένος λόγος εἰ τί ἐστιν ἄλλο πρὸς τὸ συμπέρασμα μηδαμῶς ἔχον οὐκ ἔσται παρὰ ἐκείνου συλλογισμός ἂν δὲ φαίνηται σόφισμα ἔσται οὐκ ἀπόδειξις Ἔστι δὲ φιλοσόφημα μὲν συλλογισμὸς ἀποδεικτικός ἐπιχείρημα δὲ συλλογισμὸς διαλεκτικός σόφισμα δὲ συλλογισμὸς ἐριστικός ἀπόρημα δὲ συλλογισμὸς διαλεκτικὸς ἀντιφάσεως Εἰ δ᾿ ἐξ ἀμφοτέρων τι δοκούντων δειχθείη μὴ ὁμοίως δὲ δοκούντων οὐδὲν κωλύει τὸ δειχθὲν μᾶλλον ἑκατέρου δοκεῖν Ἀλλ᾿ εἰ τὸ μὲν δοκοίη τὸ δὲ μηδετέρως ἢ εἰ τὸ μὲν δοκοίη τὸ δὲ μὴ δοκοίη εἰ μὲν ὁμοίως ὁμοίως ἂν εἴη καὶ μή εἰ δὲ μᾶλλον θάτερον ἀκολουθήσει τῷ μᾶλλον Ἔστι δέ τις ἁμαρτία καὶ αὕτη περὶ τοὺς συλλογισμούς ὅταν δείξῃ διὰ μακροτέρων ἐνὸν δι᾿ ἐλαττόνων καὶ ἐν τῷ λόγῳ ὑπαρχόντων οἷον ὅτι ἐστὶ δόξα μᾶλλον ἑτέρα ἑτέρας εἴ τις αἰτήσαιτο αὐτοέκαστον μάλιστ᾿ εἶναι εἶναι δὲ δοξαστὸν ἀληθῶς αὐτό ὥστε τῶν τινῶν μᾶλλον εἶναι αὐτό πρὸς δὲ τὸ μᾶλλον μᾶλλον τὸ λεγόμενον εἶναι εἶναι δὲ καὶ αὐτοδόξαν ἀληθῆ ἣ ἔσται μᾶλλον ἀκριβὴς τῶν τινῶν ᾔτηται δὲ καὶ αὐτοδόξαν ἀληθῆ εἶναι καὶ αὐτοέκαστον μάλιστ᾿ εἶναι ὥστε αὕτη ἡ δόξα ἡ μάλιστα ἀληθὴς ἀκριβεστέρα ἐστίν Τίς δὲ ἡ μοχθηρία ἢ ὅτι ποιεῖ παρ᾿ ὃ ὁ λόγος λανθάνειν τὸ αἴτιον,تبكيت الحجة وتبكيت الخصم فاما تبكيت القول في نفسه وتبكيته اذا كان علي طريق السءال فليس هو واحدا بعينه وذلك ان كثيرا ما يكون سبب فساد القول من قبل الساءل لتركه التسليم والانقياد للاشياء التي عنها الاصابة فيه تلقاء الوضع وذلك ان العمل المشترك لا يكمل افضل كما له من قبل احد الاثنين فقط ولذلك قد تدعو الحاجة في بعض الاوقات الي ان يجعل الحجة موجهة نحو القاءل دون الوضع متي كان المجيب مستعدا لما ياتي به الساءل من المتضادات التي تقدر ان تقوده اليها قسرا واذا انتهيا الي هذه الحال من المشاكسة فانهما يجعلان الجدل احيانا مجاهدة لا مجادلة ولما كان ما يجري هذا المجري من الاقاويل انما ينتفع به في الارتياض والتدرب دون التعليم كان من البين انه ليس انما ينبغي ان تنتج الاشياء الصادقة فقط بل قد ينبغي ان تنتج الاشياء الكاذبة ايضا وذاك ان الساءل قد يضع احيانا اشياء هي حق فيضطر الذي يكون القول معه الي فسخه ولذلك قد ينبغي ان يتقدم فيضع الاشياء الكاذبة وربما وضع شء كاذب وكان الوجه يفسخ بكذب مثله لانه لا شء يمنع ان تكون الاشياء الكاذبة تسبق الي ظن بعض الناس اكثر من الصادقة حتي يكون القول متي الف من تلك الاشياء التي يظنها كان اشد اقناعا وادني بالقبول وقد ينبغي لمن احب ان يكون مصيبا في الانتقال ان يجعل انتقاله علي طريق الجدل لا علي طريق المراءي بمنزلة المنتقل علي طريق الهندسة كان ما ينتج كاذبا اوصادقا فاما اي القياسات هي القياسات الجدلية فقد قصصنا ذلك فيما سلف ولما كان الوضيع من الشركاء هو الذي يقصد للعوق عن العمل المشترك كان معلوما ان الامر في الاقاويل يجري هذا المجري وذلك ان الامر الموضوع فيها هو الشء المشترك الا فيما كان يجري من المجادلة علي طريق المجاهدة فانه غير ممكن ان يقبل كل واحد من الفريقين شيءا واحدا يعينه لانه غير ممكن ان تكون الغلبة لاكثر من واحد ولا فرق اصلا في ان بفعل ذلك في حال الجواب او في حال السءال وذاك ان الذي يسال علي طريق المراء طريقته في الجدل طريقة خسيسة وكذلك حاله اذا تعاطي الجواب فانه لا يعطي الشء الذي يظهر ولا ياتي ليعلم ما الشء الذي يريد الساءل ان يعلمه فقد علم اذن من الاشياء التي قيلت انه ليس يجب ان يكون التبكيت للقول في نفسه علي الانفراد وللساءل علي مثال واحد وذاك انه لا شء يمنع ان يكون القول خسيسا وان يكون الساءل يخاطب المجيب بافضل ما يتهيا له مخاطبته به فاما في محاورة الذين يعتاصون فخليق الا يمكن الانسان في اول وهلة ان يءلف القياسات بحسب ما يريده ويختار وانما يءلفها بحسب ما يمكن ويتهيا ولما كان بعض الناس قد يستعمل المتضادات في حال والاشياء التي في بدء الامر في اخري استعمالا غير محصل ولا مميز ولما كانوا اذا انفردوا بالقول مع انفسهم احيانا قالوا اشياء متضادة واذا انكروا اولا اوجبوا اخيرا ولذلك صاروا اذا سءلوا استجابوا وانقادوا للاشياء المتضادة والتي في بدء الامر وجب صرورة ان تكون هذه الاوقاويل رذلة خسيسة والسبب في ذلك هو المجيب لانه لم يعط هذه الاشياء واعطي ما يجري من الامور هذا المجري فقد استبان اذن انه ليس ينبغي ان يكون التبكيت للساءل وللاقاويل علي مثال واحد والتبكيت بالقول بعينه علي الانفراد يكون علي خمسة اوجه فالاول منها اذا كان لا تلزم من الاشياء المسءول عنها نتيجة لا نحو الامر الموضوع ولا نحو شء من الاشياء اصلا كانت الاشياء التي عنها تحدث النتيجة كاذلة او غير محمودة اما جميعها او جمهورها ولا ان زيدت اشياء او نقصت ولا ان حذف بعض هذه الاشياء او اضيف بعضها تحدث نتيجة والثاني الا يكون القياس المءلف من امثال هذه الاشياء ومن هذه حاله بحسب ما قلنا فيما سلف موجها نحو الامر الموضوع والثالث متي كان حدوث القياس باشياء ما تزاد او تنقص الا انها تكون اخس من الاشياء التي يسال عنها ودون النتيجة في الاحماد وذاك انهم احيانا يستعملون في القياس اشياء تزيد علي ما يحتاج اليه فيه لءلا يحدث عن وجودها قياس وايضا فاذا كان القياس من اشياء هي اقل احمادا وصدقا من النتيجة او كان من اشياء صادقة الا انه يحتاج في تبيينها من العمل الي اكثر ما يحتاج اليه في الامر المطلوب وليس ينبغي ان يلتمس في جميع المساءل ان تكون حال المقاييس التي يءتي بها في تبيينها حالا واحدة في الاحماد والاقناع وذاك انا قد نجد في الطبع في اول وهلة ان من الاشياء المطلوبة ما هو سهل جدا ومنها ما هو صعب جدا ولذلك صار متي امكن ان يكون ما ينتجه من الاشياء التي هي احمد كان قوله افضل واصوب فقد وضح اذا وبان التبكيت للقول في نفسه والتبكيت له من حيث هو سءال ليس واحدا بعينه اذ كان لا شء يمنع ان يكون القول في نفسه وعلي انفراده مذموما واذا جعل سءالا كان محمودا او يكون محمودا فاذا جعل سءالا كان مذموما لا سيما متي كان تنتجه من اشياء كثيرة محمودة صادقة تنتجا سهلا وقد يكون القول المنتج في حال اخسن كثيرا من القول غير المنتج متي كان المنتج قد ينتج من اشياء اخس وكان المطلوب ليست هذه حاله وكان غير المنتج محتاجا الي ان يزاد عليه من الاشياء ما كان محمودا صادقا وان كان القول غير موجود في الاشياء المزيدة وما كان من المقاييس ينتج الصدق من مقدمات كاذبة فمن العدل ان يبكت وذاك ان الكذب انما ينتج لا محالة من الاشياء الكاذبة فاما الصدق فربما ينتج من الاشياء الكاذبة وهذا يتبين من كتاب انالوطيقا فاما ان كان القول برهانا علي شء من الاشياء وكان لا يناسب النتيجة في حال من الاحوال فذلك القول ليس قياسا علي تلك النتيجة وان كان يخيل انه بهذه الحال فانما ذلك تضليل لا برهان فاما الفلسفي فهو قياس مبرهن فاما الاحتجاجي فهو قياس جدلي واما المغالط فهو قياس مرايي واما المشكك فهو قياس جدلي بالنقيض فان برهن شء كم شيءين هما جميعا مظنون الا انه ليست حالهما في ذلك حالا واحدة فلا شء يمنع ان يكون الامر المبرهن عليه مظنونا اكثر من كل واحد من ذينك الشيءين وان كان احدهما مظنونا وكان الاخر لا يجري نجراه في ذلك المعني او كان احدهما مظنونا والاخر غير مظنون فان الامر ايضا في النتيجة يكون في انه موجود او غير موجود بتلك الحال وان كان احدهما اكبر من الاخر في ذلك فان النتيجة تتبع الامر الاكثر وقد نجد في القياسات ايضا هذا الضرب من الغلط وهو ان يبين باشياء اكثر ما يتهيا تبيينه باشياء اقل وهي مع ذلك موجودة في القول بمنزلة قولنا انه قد يكون ظن افضل من ظن فانه متي سال ساءل فقال ان كل واحد من الامور هو افضل في الوجود من غيره لانه مظنون علي الحقيقة فيجب اذن ان يكون افضل مما ليس كذلك من الاشياء اذ كان انما يقال افضل بالاضافة الي ما هو افضل منه وقد يوجد ظن ما صادقا وهو الذي يكون اصح من غيره من الظنون وقد كنا اعطينا انه قد يكون ظن ما صادقا وانه قد يوجد في كل واحد من الامور ما هو افضل فيجب ان يكون الظن الصادق هو اصح واشد تحقيقا فاما من اين اتي الفساد فانه اتي من قبل انه جعل الشء الذي منه صدر القول سببا لان تخفي العلة ولا يشعر بها,8,11
Λόγος δ᾿ ἐστὶ δῆλος ἕνα μὲν τρόπον καὶ δημοσιώτατον ἐὰν ᾖ συμπεπερασμένος οὕτως ὥστε μηδὲν δεῖν ἐπερωτῆσαι ἕνα δέ καὶ ὃς μάλιστα λέγεται ὅταν εἰλημμένα μὲν ᾖ ἐξ ὧν ἀναγκαῖον εἶναι ᾖ δὲ διὰ συμπερασμάτων συμπεραινόμενα ἔτι εἰ ἐλλείπει σφόδρα ἐνδόξων Ψευδὴς δὲ λόγος καλεῖται τετραχῶς ἕνα μὲν τρόπον ὅταν φαίνηται συμπεραίνεσθαι μὴ συμπεραινόμενος ὃς καλεῖται ἐριστικὸς συλλογισμός ἄλλον δὲ ὅταν συμπεραίνηται μὲν μὴ μέντοι πρὸς τὸ προκείμενον ὅπερ συμβαίνει μάλιστα τοῖς εἰς τὸ ἀδύνατον ἄγουσιν ἢ πρὸς τὸ προκείμενον μὲν συμπεραίνηται μὴ μέντοι κατὰ τὴν οἰκείαν μέθοδον Τοῦτο δ᾿ ἐστίν ὅταν μὴ ὢν ἰατρικὸς δοκῇ ἰατρικὸς εἶναι ἢ γεωμετρικὸς μὴ ὢν γεωμετρικὸς ἢ διαλεκτικὸς μὴ ὢν διαλεκτικός ἄν τε ψεῦδος ἄν τ᾿ ἀληθὲς ᾖ τὸ συμβαῖνον Ἄλλον δὲ τρόπον ἐὰν διὰ ψευδῶν συμπεραίνηται Τούτου δ᾿ ἔσται ποτὲ μὲν τὸ συμπέρασμα ψεῦδος ποτὲ δ᾿ ἀληθές τὸ μὲν γὰρ ψεῦδος ἀεὶ διὰ ψευδῶν περαίνεται τὸ δ᾿ ἀληθὲς ἐγχωρεῖ καὶ μὴ ἐξ ἀληθῶν ὥσπερ εἴρηται καὶ πρότερον Τὸ μὲν οὖν ψευδῆ τὸν λόγον εἶναι τοῦ λέγοντος ἁμάρτημα μᾶλλον ἢ τοῦ λόγου καὶ οὐδὲ τοῦ λέγοντος ἀεί ἀλλ᾿ ὅταν λανθάνῃ αὐτόν ἐπεὶ καθ᾿ αὐτόν γε πολλῶν ἀληθῶν ἀποδεχόμεθα μᾶλλον ἂν ἐξ ὅτι μάλιστα δοκούντων ἀναιρῇ τι τῶν ἀληθῶν Τοιοῦτος γὰρ ὢν ἑτέρων ἀληθῶν ἀπόδειξίς ἐστιν δεῖ γὰρ τῶν κειμένων τι μὴ εἶναι παντελῶς ὥστ᾿ ἔσται τούτου ἀπόδειξις Εἰ δ᾿ ἀληθὲς συμπεραίνοιτο διὰ ψευδῶν καὶ λίαν εὐηθῶν πολλῶν ἂν εἴη χείρων ψεῦδος συλλογιζομένων εἴη δ᾿ ἂν τοιοῦτος καὶ ψεῦδος συμπεραινόμενος Ὥστε δῆλον ὅτι πρώτη μὲν ἐπίσκεψις λόγου καθ᾿ αὑτὸν εἰ συμπεραίνεται δευτέρα δὲ πότερον ἀληθὲς ἢ ψεῦδος τρίτη δ᾿ ἐκ ποίων τινῶν Εἰ μὲν γὰρ ἐκ ψευδῶν ἐνδόξων δέ λογικός εἰ δ᾿ ἐξ ὄντων μὲν ἀδόξων δέ φαῦλος Εἰ δὲ καὶ ψευδῆ καὶ λίαν ἄδοξα δῆλον ὅτι φαῦλος ἢ ἁπλῶς ἢ τοῦ πράγματος,وضوح الحجة فساد الحجة والقول الصادق انما هو في نحو واحد وهو الذي في غاية العموم متي كان قد تنتج تنتجا لا يحتاج معه الي زيادة في السءال وايضا فان يكون قد قيل علي افضل ما يتهيا بان يوجد في تبيينه الاشياء التي يحصل عنها ضرورة وان يكون ايضا منتجا من النتاءج وان يكون مع ذلك عادما للشء الذي هو محمود في الغاية فاما القول الكاذب فقد يكون علي اربعة اضرب فاحد الضروب ان يظهر من امره انه منتج وليس كذلك ويدعي قياسا مراءيا والضرب الثاني متي كان منتجا الا انه لا ينتج الامر الموضوع بدءا بمنزلة ما يعرض للذين يبينون الشء بطريق الخلف او يكون منتجا للامر الموضوع بدءا الا انه بغير الطريق الصناعي واعني بذلك متي كانت الطريق غير طبية فتوهم انها طبية او هندسية او جدلية كان الامر التابع صادقا او كاذبا والضرب الثالث متي كان منتجا من اشياء كاذبة فان النتيجة عند ذلك تكون في وقت كاذبة وفي وقت صادقة لان الكذب ينتج داءما من الاشياء الكاذبة واما الصدق فقد يمكن ان ينتج من اشياء ليست صادقة كما قلنا فيما سلف فاما القول الكاذب فان الخطا فيه لاحق بالقاءل له دون القول في نفسه الا انه ليس لاحقا بالقاءل له داءما وانما هو لاحق في حال غلطة وسهوه فقد نجد ما يتقبل بذاته اكثر من تقبلنا كثيرا من الاقاويل الصادقة متي كان انما يبطل من الاشياء التي يظن بها انها محمودة في الغاية بحسب الامكان شيءا من الاشياء الصادقة وذلك ان القول اذا كان بهذه الحال فان البرهان انما هو لاشياء اخر صادقة لانه ينبغي ان تكون بعض الاشياء الموضوعة غير موجود البتة ليكون القول انما هو برهان علي هذا البعض فان القول ان كان ينتج نتيجة صادقة من اشياء كاذبة في غاية الخساسة كانت النتيجة اخس كثيرا من اشياء كثيرة تنتج نتيجة كاذبة وهذه ايضا بعينها حال القول الذي ينتج نتيجة كاذبة فمعلوم اذن ان الفحص الاول عن القول هل هو بذاته منتج والفحص الثاني هل هو صادق ام هو كاذب والفحص الثالث من اي الاشياء ياتلف وذاك انه ان كان من اشياء كاذبة الا انها محمودة فهو منطقي وان كان من الاشياء التي هي الموجودة الا انها غير محمودة فهو خسيس وان كان من اشياء كاذبة وكانت مع ذلك غير محمودة اصلا فمعلوم انه خسيس اما علي الاطلاق واما من نفس الامر,8,12
Τὸ δ᾿ ἐν ἀρχῇ καὶ τὰ ἐναντία πῶς αἰτεῖται ὁ ἐρωτῶν κατ᾿ ἀλήθειαν μὲν ἐν τοῖς Ἀναλυτικοῖς εἴρηται κατὰ δόξαν δὲ νῦν λεκτέον Αἰτεῖσθαι δὲ φαίνονται τὸ ἐν ἀρχῇ πενταχῶς φανερώτατα μὲν καὶ πρῶτον εἴ τις αὐτὸ τὸ δείκνυσθαι δέον αἰτήσει Τοῦτο δ᾿ ἐπ᾿ αὐτοῦ μὲν οὐ ῥᾴδιον λανθάνειν ἐν δὲ τοῖς συνωνύμοις καὶ ἐν ὅσοις τὸ ὄνομα καὶ ὁ λόγος τὸ αὐτὸ σημαίνει μᾶλλον Δεύτερον δὲ ὅταν κατὰ μέρος δέον ἀποδεῖξαι καθόλου τις αἰτήσῃ οἷον ἐπιχειρῶν ὅτι τῶν ἐναντίων μία ἐπιστήμη ὅλως τῶν ἀντικειμένων ἀξιώσειε μίαν εἶναι δοκεῖ γὰρ ὃ ἔδει καθ᾿ αὑτὸ δεῖξαι μετ᾿ ἄλλων αἰτεῖσθαι πλειόνων Τρίτον εἴ τις καθόλου δεῖξαι προκειμένου κατὰ μέρος αἰτήσειεν οἷον εἰ πάντων τῶν ἐναντίων προκειμένου τῶνδέ τινων ἀξιώσειε δοκεῖ γὰρ καὶ οὗτος ὃ μετὰ πλειόνων ἔδει δεῖξαι καθ᾿ αὑτὸ χωρὶς αἰτεῖσθαι Πάλιν εἴ τις διελὼν αἰτεῖται τὸ προβληθέν οἷον εἰ δέον δεῖξαι τὴν ἰατρικὴν ὑγιεινοῦ καὶ νοσώδους χωρὶς ἑκάτερον ἀξιώσειεν Ἢ εἴ τις τῶν ἑπομένων ἀλλήλοις ἐξ ἀνάγκης θάτερον αἰτήσειεν οἷον τὴν πλευρὰν ἀσύμμετρον τῇ διαμέτρῳ δέον ἀποδεῖξαι ὅτι ἡ διάμετρος τῇ πλευρᾷ Ἰσαχῶς δὲ καὶ τἀναντία αἰτοῦνται τῷ ἐξ ἀρχῆς Πρῶτον μὲν γὰρ εἴ τις τὰς ἀντικειμένας αἰτήσαιτο φάσιν καὶ ἀπόφασιν δεύτερον δὲ τἀναντία κατὰ τὴν ἀντίθεσιν οἷον ἀγαθὸν καὶ κακὸν ταὐτόν Τρίτον εἴ τις τὸ καθόλου ἀξιώσας ἐπὶ μέρους αἰτοῖτο τὴν ἀντίφασιν οἷον εἰ λαβὼν τῶν ἐναντίων μίαν ἐπιστήμην ὑγιεινοῦ καὶ νοσώδους ἑτέραν ἀξιώσειεν ἢ τοῦτο αἰτησάμενος ἐπὶ τοῦ καθόλου τὴν ἀντίθεσιν πειρῷτο λαμβάνειν Πάλιν ἐάν τις αἰτήσῃ τὸ ἐναντίον τῷ ἐξ ἀνάγκης συμβαίνοντι διὰ τῶν κειμένων κἂν εἴ τις αὐτὰ μὲν μὴ λάβοι τἀντικείμενα τοιαῦτα δ᾿ αἰτήσαιτο δύο ἐξ ὧν ἔσται ἡ ἀντικειμένη ἀντίφασις Διαφέρει δὲ τὸ τἀναντία λαμβάνειν τοῦ ἐν ἀρχῇ ὅτι τοῦ μέν ἐστιν ἡ ἁμαρτία πρὸς τὸ συμπέρασμα πρὸς γὰρ ἐκεῖνο βλέποντες τὸ ἐν ἀρχῇ λέγομεν αἰτεῖσθαι τὰ δ᾿ ἐναντία ἐστὶν ἐν ταῖς προτάσεσι τῷ ἔχειν πως ταύτας πρὸς ἀλλήλας,المصادرة علي المطلوب الاول والمصادرة علي المتضادات فاما كيف يصادر عما يسءل عنه في بدء الامر وعن الاشياء المتضادة فقد قيل ذلك علي التحقيق في انالوطيقا واما علي طريق الظن فقد ينبغي الان ان نتكلم فيه قد يظهر من امرهم انهم يصادرون في بدء الامر علي خمس جهات اولها وهو اوضحها متي صادر عن ذلك الذي ينبغي ان يتبين وهذا فليس يسهل ان توقع المغالطة به في نفسه وانما يمكن ان توقع المغالطة به في المتواطءه اسماءها خاصة وفي جميع الاشياء التي الاسم لها والقول يدلان علي شء واحد بعينه والجهة الثانية متي كان ينبغي ان يبين الشء جزءيا فصادر علي الكلي مثال ذلك متي اراد ان يبين ان علم المتضادات واحد فاوجب ايجابا كليا ان علم المتقابلات واحد وذاك انه يتوهم ان الشء الذي كان ينبغي ان يبين مفردا بنفسه قد صودر عنه علي اشياء كثيرة غيره والجهة الثالثة متي كان ينبغي ان يبين الشء في بدء الامر كليا فصودر علي الجزءي مثال ذلك ان يكون المقصود تبين جميع المتضادات واحري ان يتبين بعضها فانه قد يتوهم ايضا في هذا ان الشء الذي كان ينبغي ان يبين مع اشياء اخر كثيرة قد صودر عنه مفردا وايضا فمتي كان الانسان يصادر عن الشء في حال قسمته اياه مثال ذلك متي كان ينبغي ان يبين ان الطب هو علم المصح والممرض فاوجب تبيين كل واحد منهما علي حدته او متي قصد الي اشياء يلزم بعضها بعضا فصادر عن احدها مثال ذلك ان الضلع غير مشارك للقطر وكان يجب ان يبين ان القطر غير مشارك للضلع وانحاء المصادرة فيما يسال عنه من المتضادات كانحاء ما يصادر عنه من الاشياء التي يسال عنها في بدء الامر فاول هذه الانحاء ان يصادر عن المتقابلات بمنزلة الموجبة والسالبة والثاني ان يصادر عن المتضادات التي علي طريق التقابل مثل ان الخير والشر هما شء واحد بعينه والثالث متي كان قد اوجب الشء كليا فاتي به في الجزء علي طريق التناقض مثال ذلك متي كان قد اوجب ان علم المتضادات واحد ثم اوجب للمصح والممرض ما يخالف ذلك او متي كان قد اوجب الشء جزءيا ثم رام ان ياتي بالنقيض في الامر الكلي وايضا فمتي صادر عن ضد ما يلزم ضرورة عن الاشياء الموضوعة وايضا فمتي كان لم يصادر عن المتقابلات ثم صادر علي هذين الشيءين اعني اللذين عنهما يحدث التناقض علي طريق التقابل والفرق بين ان يصادر علي الاشياء المتضادة وبين ان يصادر علي الاشياء التي يسال عنها في بدء الامر ان الخطا في هذه انما يظهر في النتيجة وذاك انا اذا صرفنا تاملنا نحو النتيجة نقول انه قد صودر علي الشء المسءول عنه في اول الامر والخطا في المتضادات انما هو في المقدمات من قبل ان بين هذه الاشياء تناسبا,8,13
Πρὸς δὲ γυμνασίαν καὶ μελέτην τῶν τοιούτων λόγων πρῶτον μὲν ἀντιστρέφειν ἐθίζεσθαι χρὴ τοὺς λόγους Ὅυτως γὰρ πρός τε τὸ λεγόμενον εὐπορώτερον ἕξομεν καὶ ἐν ὀλίγοις πολλοὺς ἐξεπιστησόμεθα λόγους Τὸ γὰρ ἀντιστρέφειν ἐστὶ τὸ μεταλαβόντα τὸ συμπέρασμα μετὰ τῶν λοιπῶν ἐρωτημάτων ἀνελεῖν ἓν τῶν δοθέντων ἀνάγκη γάρ εἰ τὸ συμπέρασμα μή ἐστι μίαν τινὰ ἀναιρεῖσθαι τῶν προτάσεων εἴπερ πασῶν τεθεισῶν ἀνάγκη ἦν τὸ συμπέρασμα εἶναι Πρὸς ἅπασάν τε θέσιν καὶ ὅτι οὕτως καὶ ὅτι οὐχ οὕτως τὸ ἐπιχείρημα σκεπτέον καὶ εὑρόντα τὴν λύσιν εὐθὺς ζητητέον οὕτω γὰρ ἅμα συμβήσεται πρός τε τὸ ἐρωτᾶν καὶ πρὸς τὸ ἀποκρίνεσθαι γεγυμνάσθαι Κἂν πρὸς μηδένα ἄλλον ἔχωμεν πρὸς αὑτούς Παράλληλά τε παραβάλλειν ἐκλέγοντας πρὸς τὴν ἀντίθεσιν ἐπιχειρήματα τοῦτο γὰρ πρός τε τὸ βιάζεσθαι πολλὴν εὐπορίαν ποιεῖ καὶ πρὸς τὸ ἐλέγχειν μεγάλην ἔχει βοήθειαν ὅταν εὐπορῇ τις καὶ ὅτι οὕτως καὶ ὅτι οὐχ οὕτως πρὸς τὰ ἐναντία γὰρ συμβαίνει ποιεῖσθαι τὴν φυλακήν Πρός τε γνῶσιν καὶ τὴν κατὰ φιλοσοφίαν φρόνησιν τὸ δύνασθαι συνορᾶν καὶ συνεωρακέναι τὰ ἀφ᾿ ἑκατέρας συμβαίνοντα τῆς ὑποθέσεως οὐ μικρὸν ὄργανον λοιπὸν γὰρ τούτων ὀρθῶς ἑλέσθαι θάτερον Δεῖ δὲ πρὸς τὸ τοιοῦτο ὑπάρχειν εὐφυᾶ καὶ τοῦτ᾿ ἔστιν ἡ κατ᾿ ἀλήθειαν εὐφυΐα τὸ δύνασθαι καλῶς ἑλέσθαι τἀληθὲς καὶ φυγεῖν τὸ ψεῦδος ὅπερ οἱ πεφυκότες εὖ δύνανται ποιεῖν εὖ γὰρ φιλοῦντες καὶ μισοῦντες τὸ προσφερόμενον εὖ κρίνουσι τὸ βέλτιστον Πρός τε τὰ πλειστάκις ἐμπίπτοντα τῶν προβλημάτων ἐξεπίστασθαι δεῖ λόγους καὶ μάλιστα περὶ τῶν πρώτων θέσεων ἐν τούτοις γὰρ ἀποδυσπετοῦσιν οἱ ἀποκρινόμενοι πολλάκις Ἔτι τε ὅρων εὐπορεῖν δεῖ καὶ τῶν ἐνδόξων τε καὶ τῶν πρώτων ἔχειν προχείρους διὰ γὰρ τούτων οἱ συλλογισμοὶ γίνονται Πειρατέον δὲ καὶ εἰς ἃ πλειστάκις ἐμπίπτουσιν οἱ ἄλλοι λόγοι κατέχειν Ὥσπερ γὰρ ἐν γεωμετρίᾳ πρὸ ἔργου τὸ περὶ τὰ στοιχεῖα γεγυμνάσθαι καὶ ἐν ἀριθμοῖς τὸ περὶ τοὺς κεφαλισμοὺς προχείρως ἔχειν μέγα διαφέρει πρὸς τὸ καὶ τὸν ἄλλον ἀριθμὸν γινώσκειν πολλαπλασιούμενον ὁμοίως καὶ ἐν τοῖς λόγοις τὸ πρόχειρον εἶναι περὶ τὰς ἀρχὰς καὶ τὰς προτάσεις ἀπὸ στόματος ἐξεπίστασθαι καθάπερ γὰρ ἐν τῷ μνημονικῷ μόνον οἱ τόποι τεθέντες εὐθὺς ποιοῦσιν αὐτὰ μνημονεύειν καὶ ταῦτα ποιήσει συλλογιστικώτερον διὰ τὸ πρὸς ὡρισμένας αὐτὰς βλέπειν κατ᾿ ἀριθμόν Πρότασίν τε κοινὴν μᾶλλον ἢ λόγον εἰς μνήμην θετέον ἀρχῆς γὰρ καὶ ὑποθέσεως εὐπορῆσαι μετρίως χαλεπόν Ἔτι τὸν ἕνα λόγον πολλοὺς ποιεῖν ἐθιστέον ὡς ἀδηλότατα κρύπτοντας Εἴη δ᾿ ἂν τὸ τοιοῦτον εἴ τις ὅτι πλεῖστον ἀφισταίη τῆς συγγενείας περὶ ὧν ὁ λόγος Ἔσονται δὲ δυνατοὶ τῶν λόγων οἱ μάλιστα καθόλου τοῦτο πάσχειν οἷον ὅτι οὐκ ἔστι μία πλειόνων ἐπιστήμη οὕτω γὰρ καὶ ἐπὶ τῶν πρός τι καὶ ἐπὶ τῶν ἐναντίων καὶ συστοίχων ἐστίν Δεῖ δὲ καὶ τὰς ἀπομνημονεύσεις καθόλου ποιεῖσθαι τῶν λόγων κἂν ᾖ διειλεγμένος ἐπὶ μέρους οὕτω γὰρ καὶ πολλοὺς ἐξέσται τὸν ἕνα ποιεῖν Ὁμοίως δὲ καὶ ἐν ῥητορικοῖς ἐπὶ τῶν ἐνθυμημάτων Αὐτὸν δ᾿ ὅτι μάλιστα φεύγειν ἐπὶ τὸ καθόλου φέρειν τοὺς συλλογισμούς Ἀεί τε δεῖ σκοπεῖν τοὺς λόγους εἰ ἐπὶ κοινῶν διαλέγονται πάντες γὰρ οἱ ἐν μέρει καὶ καθόλου διειλεγμένοι εἰσί καὶ ἔνεστιν ἐν τῇ κατὰ μέρος ἡ τοῦ καθόλου ἀπόδειξις διὰ τὸ μὴ εἶναι συλλογίσασθαι μηδὲν ἄνευ τοῦ καθόλου Τὴν δὲ γυμνασίαν ἀποδοτέον τῶν μὲν ἐπακτικῶν πρὸς νέον τῶν δὲ συλλογιστικῶν πρὸς ἔμπειρον Πειρατέον δὲ λαμβάνειν παρὰ μὲν τῶν συλλογιστικῶν τὰς προτάσεις παρὰ δὲ τῶν ἐπακτικῶν τὰς παραβολάς εν τούτοις γὰρ ἑκάτεροι γεγυμνασμένοι εἰσίν Ὅλως δ᾿ ἐκ τοῦ γυμνάζεσθαι διαλεγόμενον πειρατέον ἀποφέρεσθαι ἢ συλλογισμὸν περί τινος ἢ λύσιν ἢ πρότασιν ἢ εἰ ὀρθῶς τις ἤρετο ἢ εἰ μὴ ὀρθῶς ἢ αὐτὸς ἢ ἕτερος καὶ παρὰ τί ἑκάτερον Ἐκ τούτων γὰρ ἡ δύναμις τὸ δὲ γυμνάζεσθαι δυνάμεως χάριν καὶ μάλιστα περὶ τὰς προτάσεις καὶ ἐνστάσεις ἔστι γὰρ ὡς ἁπλῶς εἰπεῖν διαλεκτικὸς ὁ προτατικὸς καὶ ἐνστατικός Ἔστι δὲ τὸ μὲν προτείνεσθαι ἓν ποιεῖν τὰ πλείω δεῖ γὰρ ἐν ὅλῳ ληφθῆναι πρὸς ὃ ὁ λόγος τὸ δ᾿ ἐνίστασθαι τὸ ἓν πολλά ἢ γὰρ διαιρεῖ ἢ ἀναιρεῖ τὸ μὲν διδοὺς τὸ δ᾿ οὒ τῶν προτεινομένων Οὐχ ἅπαντι δὲ διαλεκτέον οὐδὲ πρὸς τὸν τυχόντα γυμναστέον Ἀνάγκη γὰρ πρὸς ἐνίους φαύλους γίνεσθαι τοὺς λόγους πρὸς γὰρ τὸν πάντως πειρώμενον φαίνεσθαι διαφεύγειν δίκαιον μὲν πάντως πειρᾶσθαι συλλογίσασθαι οὐκ εὔσχημον δέ Διόπερ οὐ δεῖ συνεστάναι εὐχερῶς πρὸς τοὺς τυχόντας ἀνάγκη γὰρ πονηρολογίαν συμβαίνειν καὶ γὰρ οἱ γυμναζόμενοι ἀδυνατοῦσιν ἀπέχεσθαι τοῦ διαλέγεσθαι μὴ ἀγωνιστικῶς Δεῖ δὲ καὶ πεποιημένους ἔχειν λόγους πρὸς τὰ τοιαῦτα τῶν προβλημάτων ἐν οἷς ἐλαχίστων εὐπορήσαντες πρὸς πλεῖστα χρησίμους ἕξομεν Οὗτοι δ᾿ εἰσὶν οἱ καθόλου καὶ πρὸς οὓς πορίζεσθαι χαλεπώτερον ἐκ τῶν παρὰ πόδας,الارتياض في الجدل فاما ما يحتاج اليه في التخرج والارتياض والمعاناة للاقاويل التي تجري هذا المجري فقد ينبغي اولا ان نتعود عكس الاقاويل لانا نكون بذلك اشد استعدادا واتساعا في مناقضة الامر المقول ويتهيا لنا ان ناتي في الاشياء اليسيرة باقاويل كثيرة وذلك ان النقض انما هو تبديل النتيجة مع المقدمات الباقية واذا فعلنا ذلك نقضنا واحدا من الاشياء المعطاة لانه يجب ضرورة ان كانت النتيجة غير موجودة ان ترتفع واحدة من المقدمات ان كان متي وضع جميعها وجب من الاضطرار ان تحدث النتيجة وينبغي في كل موضع ان نبحث عن الامر المطلوب هل هو بهذه الحال ام لا وان تكون اذا وقفت علي ذلك التمست له النقض في اول وهلة فانك بهذا الوجه تكون مرتاضا متخرجا في ان تسال وتجيب وان لم يكن ذلك مع غيرك فمع نفسك فاما الاحتجاجات فقد ينبغي ان يختار منها في الامر الموضوع ما كان مقابلا بعضه لبعض فان ذلك يسهل لك السبيل الي ان تلزم الشء قسرا غاية التسهيل ويعين اكبر معونة علي التبكيت والنقض متي تسهل للانسان السبيل الي ان يعلم ان هذا الشء هو بهذه الحال او ليس هو كذلك وهذه الصناعة ليست بصغيرة وذلك انها تعلم الانسان التحفظ من التناقض عند المحاورة وان يكون مقتدرا في العلم والفهم الفلسفي علي ان يتامل الاشياء التي تلزم عن كل واحد من الاصلين الموضوعين بل علي ان يكون قد تامله وفرغ منه والذي يبقي في الامر ان يصيب في اختيار احدهما ويحتاج في ذلك الي ان يكون جيد الطبع وجودة الطبع بالحقيقة فليست شيءا غير ان يكون قادرا علي حسن الاختيار لما يختار والهرب من الكذب وانما يقدر علي فعل ذلك علي سداد من طبع طبعا فاضلا وذاك ان الذين يحبون ما بدا منهم محبة فاضلة هم الذين يتهيا لهم اختيار الامر الافضل وقد ينبغي ان تكون عندنا اقاويل عتيدة مهياة للمساءل الجدلية التي كثيرا ما تعرض لاسيما الاوضاع المتقدمة فان المسءول عن امثال هذه الاشياء قد يستصعب الجواب عليه احيانا عنها وينكر ما يدل عليه منها وايضا فقد ينبغي ان نعد حدود الاشياء المحمودة والتي هي مبادء لتكون مهياة لنا فان القياسات بها تكون وقد ينبغي ان نتكلف حفظ الاشياء التي كثيرا ما تعرض المجادلة فيها وكما انه قد يتقدم تعلم كتاب الاسطقسات والارتياض فيه التصرف في علم الهندسة والعلم بها وفي علم الاعداد ان يكون الانسان اولا عالما بتضعيف الاعداد الاول متمهرا فيها اذا كان ذلك من اكبر الاعوان في ان يحكم تضعيف ساءر العدد كذلك يتبغي ان يكون الامر جاريا عليه في الاقاويل والمقدمات حتي يكون الانسان حافظا لها علي طرف لسانه وكما انه قد يعني في كتب التذاكير ان يثبت فيها المواضع فقط فيكون ذلك مذكرا بما يحتاج الي ذكره في اول وهلة كذلك يثمر لنا حفظ هذه الاشياء فانه قد يجعلنا حذاقا بالطريق القياسي من قبل ان هذه الاشياء انما تنحو نحو الاشياء المحدودة والمحصلة وقد ينبغي ان يستعمل في التحديد والمقدمات ايضا الموضع العامي خاصة فان ذلك عون علي القول او الذكر وذاك ان وجود الامر المحيط يتبعها والمبدا العام لها بحال اعتدال مما يصعب ويتعذر وايضا فقد ينبغي ان تتعود تفريع القول الواحد اقاويل كثيرة ليتهيا لك بحسب الامكان ان تخفي الشء حتي لا يعرف وهذا فانما يتهيا متي تباعد الانسان بمقدار طاقته عن الالمام بالاشياء التي يجري القول فيها وقد يكون من الاقاويل ما هو في غاية الصعوبة وهي الاقاويل التي يمكن ان يعرض ذلك في كلياتها خاصة مثال ذلك ان علم الاشياء التي في غاية الكثرة ليس واحدا لانك تجد ذلك في الاشياء المضافة وفي المتضادة وفي الاشياء المتوالية علي نظام وقد ينبغي ان نجعل تذاكير الاقاويل كليا وان كان القول في الامر الجزءي لانك بهذا الوجه تكون قادرا علي ان تجعل الكثير واحدا وكذلك ينبغي ان يجري الامر في القياسات باضمار من القياسات البلاغية واما انت فقد ينبغي لك ان تجتهد بحسب طاقتك ان تهرب من ان تاتي من القياسات بما هو كلي وان تنقر داءما عن الاقاويل لتعلم هل هي مقولة علي طريق العموم ام لا وذاك ان جميع الاشياء الجزءية قد يتهيا ان تبين بيانا كليا وقد يوجد في الاشياء الجزءية برهان كلي من قبل انه ليس يمكن ان ينتج شء علي طريق القياس خلوا من الاشياء الكلية وقد ينبغي ان يستعمل في الجدل اما مع ذوي السلامة من الناس فالاقاويل الاستقراءية واما مع المرتاضين فالاقاويل القياسية وقد ينبغي ان تلتمس اخذ المقدمات من اصحاب القياس واخذ الامثال من اصحاب الاستقراء اذ كان كل واحد منهما مرتاضا فيما يناسب مذهبه وفي الجملة انا بالارتياض في الجدل يتهيا لنا ان ناتي في الشء اما بقياس او بنقض او بمقاومة وان نعلم ان السءال مستقيم او غير مستقيم اما الذي يصدر عنا واما الذي يصدر عن غيرنا والسبب في كل واحد منهما لان القوة في الجدل انما تصير لنا من هذه الاشياء والارتياض انما يراد لاقتناء هذه القوة ولينتفع به خاصة في الاستكثار من الحجج وفي المقاومات وذاك ان الجدلي علي الاطلاق هو الذي ياتي بالحجج ويقاوم وتكلف الحجج ليس هو غير ان يجعل الشء الواحد كثيرا في الغاية وذاك انه ينبغي للذي يكون القول متوجها نحوه ان يجعل الجزيي كليا وللمقاوم ان يجعل الواحد كثيرا الا انه يفعل ذلك اما علي طريق القسمة او علي طريق النقض فيسلم بعض ما يقع السءال عنه ويمنع بعضا وليس ينبغي ان يجادل في كل شء ولا يجادل ايضا من اتفق من الناس وذاك ان الضرورة تدعو في مناظرة قوم من الناس الي ان تكون الاقاويل خسيسة فاما في مجادلة من يحاول ان يظهر من امره انه قد فلح فمن العدل ان يروم استعمال القياس لا محالة الا ان ذلك غير لاءق ولذلك قلنا انه لا ينبغي لنا ان نسارع الي مقاومة كل من اتفق لانه يلزم من ذلك ضرورة قول ردء وذاك ان المرتاضين في الجدل لا يقدرون علي الامتناع من نزل الكلام علي المجاهدة وقد ينبغي ان يكون عتيدا لنا من الاقاويل ما يصح استعماله في الجواب عن امثال هذه الاشياء لا اليقينية بل الجدلية وفي اشياء كثيرة غيرها واعني بذلك الاقاويل التي يتعذر وجودها بسرعة تمت المقالة الثامنة من كتاب طوبيقا بنقل ابراهيم بن عبد الله وهي اخر الكتاب قوبل به وصح,8,14
